Username,arabs
onsori,76
OldFashionedLoverBoi,2
yousflo,3
Nature_Boy,2
RationalMonkey,4
ASA09,1
edgeheadedguy,31
amirawr,2
ProfessorBonsai,33
najdee,1
KuntHunter,9
RqYh,20
BATHE_IN_DOWNVOTES,13
Aylul,7
omla,17
ibnAdan,33
YamiHarrison,2
SuchWowReddit,1
TrishaFairbanks,3
thelevantine,3
KosShekarchi,13
BillShredder,7
BO18,14
imtriing,6
shalashtein,4
guneyd,4
aaaouihb,46
WisconsnNymphomaniac,3
HBZ55,61
justaspec,12
wakawaq,6
--_-_-_-_-_-_-_--,3
Epinicionx,29
s3admq,2
Muslim_Acid_Salesman,13
qmechan,3
Hellscreamgold,1
Dyalibya,10
Fahad93,4
lamouch,1
beantown_throwaway,149
DiamondMind28,1
gumbagumba,99
slimyaltoid,4
3ammoFaqaqir,1
zaydzaytoon,1
Baghdadification,81
Dr-SWAGOLOGIST-PhD,30
redditrutgers,1
mideastnews,2
Okimoe,1
dubdubdubdot,1
bart2019,1
alesismk2,9
thelastrhino,2
X8IX8,3
majinspy,31
VTMech,3
ahnanana,16
Hijazi,203
Muzzly,93
AlGamaty,239
HSBLESSPLZ,2
avicenna90,15
Could_Care_Corrector,3
MazinAlMaslawi,49
EducatedF00l,7
nitoko,1
Phuni,62
Altruismx,2
wijvanwceend,17
buff_hamster,2
osdfgn,2
mouseanony,9
Jaja321,2
Arab,8
randomdddda,1
mkz212,9
IAMAchavwhoknocks,5
Tikchbila,15
ArminscopyofSwank,19
beastinthru,7
michelmeesh,1
emshariff,2
IronShaikh,4
mrhichem,3
Anarox,1
feedreddit,18
thedaught,3
nourkilany,6
trollscape,1
Evsie,4
Flirter,2
enokkoeputki,2
Santa_fat,3
AndTheEgyptianSmiled,18
on_a_quest_for_glory,12
dr_zoidberg590,4
kasualty,1
double-dog-doctor,2
Spoonshape,8
Fuzzy_Logik,1
momentum77,12
sergeantskread2,3
elementarymydear,14
Mythodiir,7
7lwa_ricochet,67
boshnaq,14
wild3miri,4
zyido,20
Troppin,1
noonoo_92,10
UmmahAlArabia,21
shaba7elail,1
Madlool,3
pannekoek18,173
dioxholster,2
_NewUser,13
tyfa3,3
4coj,1
z-fly,74
Madtwatter18,2
The_Boudzter,7
rtaibah,16
hamamayabasha,3
telemachus_sneezed,3
cs-bsc,2
Charwinger21,2
iKhaledR,9
Light_KraZe,10
LorryWaraLorry,40
Samonuh,3
EatingSandwiches1,3
chasm_city,1
MObaid27,1
turnip_surprise,4
lanks1,1
maghaweer,1
cataractum,62
Rat_Rat,3
Cerebro33,3
randomksa,14
frasier_crane,39
Doomsday11,3
Smokeymirror,1
ousalsa,5
TheTrueMuffinMan,1
pitmot,11
rmcampbell,3
ndftba,3
throwtac,1
nate1414,1
testicleez3,1
anas509,1
fullsarj,1
ForcefulPorcupine,1
brave_sir_fapsalot,6
Needname33,9
Pardonme23,61
HappeningWatch,4
maybetrue,4
dionysususmc,2
Grenshen4px,2
sadeq786,1
wasthespyingendless,1
qaximor,29
numandina,77
kapsama,8
ZeroCoolthePhysicist,9
Calcuholic,6
Abderraouf_Adjal,2
ProBonoShill,4
laals2,1
attasi,14
tmiw,5
Morghus,2
NeedsMoreCake,2
imrepairmanman,1
Jumbotron9001,1
jettnoir,4
jejetuna,9
issarajabi,3
LostDamascene,1
junk099,6
ACloseCaller,3
Doomsauce,8
fauz87,29
Rationalcitizen,35
clashKA,1
The_Turk2,14
Hash3m,9
DarthReginald,1
randomlurkerspeaks,1
Didistarr,1
ausphoto,2
thekdl,3
2weiX,3
allURboozeRbelong2us,3
death-loves-time,2
bernardd55,5
Jailbyte,2
JESUS_HAS_SWAG,1
skoy,25
Moreyouknow,1
peaceandlove41,4
Tyler_The_Peach,5
bski1776,3
DrunkenBeard,141
ibnlaahad,1
hawler1,2
ObviouslyAmer,2
ionlyjoined4thecats,1
3trill5u,6
thedoubleedge,1
biGnoSmall,35
Mozart2392,3
BlazorkAtWork,7
maluku,309
beauseph,2
heavenisfull,8
Ytklm_B7r8h,4
SenorPoptarts,1
AhmadibnHannibal,1
GoKartMozart,1
MadManMoar,4
angierock55,1
sopoorshibe,2
same_song,120
Ma5assak,78
heretoupvoteyou,22
fellowmellow,11
reemit-damnit,7
ElizabethsaurusRex,4
TheSultanOfRainbows,14
YellowSharkMT,1
kayvonafshari,3
DevilSaintDevil,1
paraiahpapaya,7
emr1028,1
douchebagtime,5
hallou89,7
ballstickles,2
Masajern,1
BluePumpkin7,67
miraoister,3
CanadianSociopath,1
eSKay_,6
fallenpollen,1
Randomksa2,3
Thromnomnomok,3
bolax,3
UNSCInfinity,1
Mezzomaniac,4
beefjerking,336
RasElAbed,12
Al_B3eer,1
prealgebrawhiz,8
Axiumph,2
I_FUCK_UP_RECIPES,6
Jedi-Mocro,25
ajoakim,1
limpack,3
SaudiWahhabi,18
Cool_Dog_Group,3
liorkim,2
yowhatisupdog,2
_rere,21
7agamofeeda,3
TrOuBLeDbOyXD,1
mattityahu,10
Rafidi4,4
buzaed,4
bencharpentier,1
sakebomb69,1
daniel_mazover,4
longwow,1
ItsJpx,1
throwagay1235,4
pipocaQuemada,2
rileyshy,11
saudi_11,1
GreenlineIR,3
strl,165
Fltar2,4
bertie182,1
georgiaokief,3
Choosing_is_a_sin,2
Isenki,3
protestor,3
Jam_med,14
neddin,16
-o-l,1
Against_Fascism,9
Ap0rd,18
mynameisnotjane,15
amro105,54
batm8,8
anjunabeats,4
perspicaciousliberal,4
murshid1988,1
riyadhelalami,64
Karim97,7
jlablah,5
DozKsg,8
kebabji,15
Moroccan_princess,1
Nmathmaster123,11
flaccid_gorilla_cock,4
give_me_shinies,15
ifrit1989,8
vgpain,6
lyagusha,3
niceworkthere,1
hasqat,13
helloweather,4
b234hk,4
SpeltOut,37
WenuWenu,4
Daftmonkeys,69
Athrowaway848,1
nowheregian,1
1shnb,1
AbuDaweedhYaa3qob,85
ijustsayitlikeitis,1
hithazel,1
spooky_lady,29
thesew,4
psychoticdream,1
anotherfalsename,2
BESTPLAYERPRO,25
MrBoonio,24
HAC_Lives,3
Stelith61,1
AhmadSahrab,27
troll_131313,2
inubyvhk,3
evilawesome,6
middle_eastern_nose,1
HBAS,1
Denisius,3
fmn13,36
punkyrus,4
DavidH81,3
hydec,1
iraqiboy,4
Rbridge,1
m16_stopping_power,43
sarahkadim,4
President_King_Hamad,12
Bonkaram,124
jesterk1ng,1
wadhah,50
doshermanoos,5
arjun10,3
Aaarya,10
Ju7a,1
YouHaveTakenItTooFar,4
blu23,1
BabaGurGur,1
insomniac_vagabond,1
M7ajeb,28
River2Sea,1
Joshgoozen,53
anas2461997,12
munshiqq,19
FreemanHagbardCeline,1
compulsory_,8
truth_for_egypt,14
habanero223,1
GrandMuftiOfReddit,13
jakseun,4
Whitegrave,3
arabic513,11
PsychoKam,7
DonaldBlake,4
SmartGuysDen,3
vagina_sprout,1
princealx,41
abu_batata,2
Refugee4life,2
UmarAlKhattab,24
imu2,61
mphatik,27
YuriNater_,2
jackv79,3
madminifi,3
jlesnick,3
muskyhunter11,1
zero_cool1990,265
curiousjim2012,3
cantvote,3
leblady,7
BatMobile_,3
mongo_lloyd,1
woggy,1
greenleaf247,2
MisterMisfit,1
Soeriya,23
fuckterrorists,8
APairofDocks,4
Ridiculer,2
Pinkientis,3
FlyingArab,1
Athole,1
Moe90,54
sultik,2
LewHen,86
midoman111,2
StPlais,22
That_AsianArab_Child,2
yosisoy,11
unautre,10
Cyrus47,5
Liamface,8
Sindibadass,26
Fubu_Lover,5
macky890,7
JungleCrunch,6
ArabRedditor,11
Calls-you-at-3am-,1
aboda7es,12
T_-,1
skypetestcallingserv,2
metalhawj,2
iamnotamooseKTT,1
clicker86,4
moonovercastle,32
petejones7,3
TurkishDudeInFinland,2
downvotemeplss,3
safi_Ibn_sayyad,8
JudahMaccabee,2
budgie0507,1
adilla,3
Sir_Jojo,2
maxout397,2
pooroldedgar,4
noathings,92
ripcitybitch,12
Destrina,3
pandorascube,1
rosinthebow,15
Surfing_the_NSA,4
rockytimber,5
retr0rocket,7
goywary,3
thenameisjonas,3
rebelclan,7
GL1001,5
USCswimmer,3
bucketofpurple,10
snapmuch,13
JuanPubes,2
AndyBea,6
delosas,1
Djazair,10
blajblaj,2
TaKelh,46
negusinjerusalem,3
eaturbrainz,42
LonghornDooley,2
fanofyou,1
redintherainbow,1
bleakronnie,1
acf396,1
fikfvuoigoiug,1
untouchedURL,2
invictus4,1
el3r9,680
ziddersroofurry,1
IamaTarsierAMA,1
jaguarpaws7,3
martyrfx,27
3amilmossad,11
hishamhamad84,3
Globalnomad0,39
poorfag,82
thevelarfricative,6
Moataz-E,16
Malarkay79,4
Pedobears_Lawyer,33
Charcot_Leyden,3
robmylanguage,7
HulkShmash,5
ferk00,2
nabelsi,41
thetzar_au,2
fractalson,2
you11ne,1
sgrantcarr,1
Vagus85,1
oijdoi,6
Ashifyer,4
doctormartens,4
talal12,5
HwaetWeGaerdena,1
Perito,13
boziud,13
AWildApricotAppeared,1
NikolaiVonToffel,16
AlZahra,49
girf,1
alexithymia0,1
6_78,9
whydidisaythatwhy,5
bearded_hipster,13
lizrael,15
cosmical,4
ChefBoyAreWeFucked,1
izabo,3
thewhitetree,5
kresimirnovakovic,2
europeanfederalist,18
coldaxe,8
HansomMan,1
DrAgOn12321,1
GhostOflolrsk8s,5
ArabIDF,1
mgeb,4
hookahshisha,29
habshabshabs,8
curien,1
SugaShaq,5
Nihilumx,32
3ameelMossad,1
abtg75,1
Gannouchou,63
CremasterReflex,1
qpRmGqp,1
Bapoos,10
ananioperim,1
mad_science_yo,3
gochomgo,2
velvet_cheese,2
ohaitherz,2
123viva,3
Log-it,4
Useful4Upvotes,1
NonchalantHugger,1
samurai_sword,8
tg_wl,13
TheLoveableCake,58
elcuban27,1
jakeallen,13
Datum,89
Dimadozen,3
snakeojakeo,5
Im_A_Manly_Man,55
11010100110100100011,6
Dutcherss,10
FreePalestine101,20
coronosas,2
engai,20
here-to-up-vote-you,1
indomiechef,2
TheMiddleBeast,1
Rittens,2
slaydog,7
CisternaChyli,7
N007,185
Masribrah,3
new_aphrodite,1
ronsamy,1
singularity_is_here,3
KolibriOst,2
bs-3ad,4
Armadillo19,3
liber13231,5
7amabiladi,1
Redman412,4
undreamt_odds,17
minercrafter2,8
fatcowxlivee,7
chrisv25,3
Vomygore,1
morning_dewdew,36
heedthecallofcthulhu,1
6ayoobs,71
warstyle,7
jacksrdtt,5
jinjin_woo,3
Adog353,4
MetalusVerne,1
tourkman,4
baremare,4
keleynal,2
sofacritic,25
matts2,73
HonigtopfPegasus,45
jgoijsdf,1
CwL-Agent47,2
EdoggTspaz,7
karnat10,4
bigfudge_,8
Neveratalos,22
tribemadness,1
ragdala,1
TheIratePirate89,4
khazar_supremacist,1
LegendarySoupe,1
DistortedLines,62
iiCUBED,31
kolal2,2
grampajuice,1
Babil-,12
anti_human,2
coolcosmos,3
westcarpenter,4
darkazanli,53
hypnocious,3
milliez_,4
Samopotamus,5
ButtScratcher9,1
Redhawk1000,89
utmost_discipline,7
3rbe,6
pinkyflower,2
HeTalksToComputers,1
Diasporical,2
Oatilis,1
Bigf12,7
palsword,6
Psycho-Designs,1
PbDirigible,5
Rumicon,40
yost28,1
icallwindow,3
19O5,46
poonpeennawmean,1
inta7imar,5
Milles-sabords,15
alexmtl,1
3loomRjal,26
Jack114,3
nicetomatoe,1
fukier,10
astazed,1
Liof,17
Dahoodlife101,17
turminater,1
Handfulofluck,1
Chaoscrab,1
Red_Arc,40
Nembus,2
ZapThis,4
Phlegmatico,15
tvotr7,2
breakone9r,3
ibuprophete,7
DodiGharib,1
voneahhh,5
fiktionmobile_dev,1
AelKad,1
HAK96,2
Obelix89,8
Missguidedd,2
BananaPeelSlippers,4
autumnflower,9
mylou,9
wolf2787,10
Martin_the_Hammer,3
sapphicninja,50
tedbradly,3
ploidZero,30
Knux848,1
V_Create,16
sombrerofish,3
gavers,3
afflaf,1
Tift,1
thomasz,17
TheEquivocator,13
richjew,1
RashAttack,9
Nightshdr,4
rogersm,1
ewitzolf,1
Lazylion2,1
Taouk,3
ImMyOwnGrandad,4
follier,2
Spargus,6
nkehdi,3
_nega,3
The_I_in_Teaim,1
JoeZee,15
MobofGlitch,5
PercyTheMysterious,2
way2lazy2care,2
AmeriKKKunt,1
Pierre_Tramo,6
poopiepinata,2
either_,1
arundelltohell,1
kmillionare,9
Rawnulld_Raygun,1
yu139,14
sd51223,3
Skndr,4
FancyKnight,44
DougCuriosity,4
VT-Sensational,5
JamesAndTheGiantDong,8
HorseClam,3
AbdelrahmanHafez,2
Jzadek,1
evi1eye,1
IWontFapToThisNow,8
ZoogatagaNY1,3
WotTheWot,1
Spaid,5
digital_underground,1
student666,1
j3nk1ns,14
eao,1
kanuk101,1
Tsugma,3
KuntHuntr,1
joe_dirty365,1
NME24,103
BackOff_ImAScientist,1
I_AM_ON_MH370,5
MardyBear,4
Hessein,1
MubarakMMutairi,312
Planned_Apathy,4
NotPenguinDood,11
pehri,1
Begtse108,6
tomdarch,4
OffensiveNiceGuy,2
AlphaCentauriC,1
jackaltackle,15
Chrythes,1
Lzoumi,1
zalemam,40
JustinRandoh,1
zahrar,4
1savvysoull,5
we-disagree,3
2Seas,1
altoballsax,13
bashar55,2
iluvucorgi,4
yalman21,6
TyPower,1
DrKnowledge3,1
quietthrowaway2014,1
Based-doge-dog,15
FreePalestine102,1
mephistopheles2u,1
RufusTheFirefly,17
o-_,2
dolsy,2
drjeeves,1
whichgame,7
EgySisi,86
twin_1,1
jdaoud,6
JackMaverick7,1
Felfelwsha6a,8
98302,4
adjectif,2
DoYouHaveAFlagSir,3
hazie,1
Ashihna,1
allessandro,1
AlexanderTheGRET,14
Morazan1823,3
zinc_wire,5
EDBTZ0323,9
Medfly70,3
aktufe,36
tayaravaknin,1
Breakingbad8,129
kess_arak,9
diditfortheiama,2
Thunder-Road,5
ricecows,8
Spreadnewvisions,1
shannondoah,22
shakifan,7
baaaaaaaaaaaaaah,24
rick_sterling,4
meshmesha2,13
Miketonight90,3
verbify,1
goodeveningbitches,2
Etherful,18
Damiend,1
rapsac1,2
Bondle,22
al_mustaarab,3
Penguins_fly_,2
adamgerges,14
i_like_jam,23
kootchi,1
Rofa-kuroro,1
hlldonsec,3
sillycheesesteak,2
J_Jammer,1
subzero800,6
bripod,9
CabbieNamedAxel,1
Moath,2
Treesrule,1
Antimoneyyy,2
fellowmellow3,1
a3f,2
InDeoRideo,14
DemandCommonSense,13
alteraego,19
APR_,12
cgmcnama,5
lalib,1
Fudada,2
Maqda7,279
timfriese,3
MrGaash,6
Eagle-Eye-Smith,377
FPexper,1
ljak,1
meidei,4
huwha,75
Mathunderflow,1
gosutag,8
Kus-Rabak,5
amkoi,5
folk_you,1
its_real_I_swear,4
9gagdestroyer,3
tutenchamu,2
cosmicbedouin,17
Hannibal_Lecter_,1
Kurdish-Nationalist,5
ewest,2
some1american,1
The_RabitSlayer,1
BigBizzle151,5
AJGrayTay,2
allthingsputrid,4
Theonewithnone,5
ClearlyInvsible,16
420nebula,1
unnamedplaya,4
Xray330,7
Thoughts_impeaded,21
lewlskates,1
Nitefaro,4
CptBuck,38
spitTruth,5
big_guy_4u_,9
baghdadi_guy,770
AliumSativum,1
bigbrother_ma,8
Kon-El_Kent,4
pushrodv8,33
Tahmasp,4
NolantheBoar,21
mobster1930,1
hasbad,2
10gags,16
Berxwedan,5
OmarKH,1
nris,3
naygor,1
andrewfahmy,5
Boo3uf,13
Hussein_Oda,56
Ashurr,2
tomatopathe,6
SheWantsTheVick,1
Unchecked1,1
ocschwar,13
xf0,2
GoYardSoHard,2
sukinsyn,1
ejiaga,5
time-lord,3
autojourno,1
almto3,13
kroxigor01,1
RIP_TO_UR_ROUTER_SON,19
CupOfCanada,175
rakony,3
Redeemed-Assassin,4
neezer94,10
__PM_ME_SOMETHING_,9
mike112769,1
zs2212221,1
Blade22,54
Najd7,1
proudgoy,1
monsieurpommefrites,9
knaar_227,4
thescramps,2
GhostOfImNotATroll,15
d7eame,113
al-jundub,25
jigglemybowls,14
dingusomalley,1
semsr,27
GamerX44,9
helalo,228
exposed_knees,4
thebolts,5
doctor_seuss,28
johnself,21
qatal,8
arabex,13
Haidr411,25
dareteIayam,1
cupajaffer,6
abu_laban,2
tuckertucker,1
benedictxxii,1
durandaI,24
hnasarat,1
PrivilegeCheckmate,1
ShitArchonXPR,1
LevantineKnight,80
pinkpanthers,1
mennis88,1
siali,40
Red_Vancha,1
Mozartist,3
TheWierdSide,11
xperia3310,1
Memorrhage,1
Ronoh,2
adonis84,1
SAmitty,4
Matheux,4
anidal,4
aryashahin,2
runehol,3
peteza81,4
ChutneyPie,2
rawbdor,3
MIMidEast,1
terrifyingdiscovery,3
Ownerofswag,2
drsniper121,1
speedy-G,3
Poopurman,3
tokyoblazer,2
Emotional2001,4
MoXria,31
zurthen,50
wazzym,23
SaudiSimba,50
Renner1,206
KissinKate,1
PrinceAkeemofZamunda,6
dervaze,3
Jorvikson,2
Sohlidi,2
rafik-,4
Ksrst,3
newsettler,89
sldx,3
keltic07,2
alpharabbit,309
Shajaratu_dammi,6
ItsThatFkingGuyAGAIN,2
goldistastey,1
throwawaybuddhacan,4
Death_Machine,205
NiceGuyJoe,5
Lenininy,5
Maeronn,9
inflammatoryRemark,4
evgenetic,121
cypherx,10
summane,12
njbarker92,3
vumania,2
IIIIIbarcodeIIIII,1
Dfault_,1
BardsSword,5
FAREEQAWAL,14
Cullpepper,1
Saronic,1
L7M,4
scruggsdl,2
yellowbrickroad89,18
Salool,1
Baldemyr,2
houseofbeards,1
jessief2,1
Sumeran,10
Kyle--Butler,4
CruxH,5
kingthrust,2
iSmokeGauloises,10
halabi97,1
botnut,7
blue1748,2
noopept_guy,1
waleedaoudi,1
holytastic,7
syrielmorane,4
carknerd,5
Gosh-Darnit,1
the_isra17,1
lethinker,6
lvii22,3
moutani,120
democi,76
Igulfabit,1
LiberaMinte,4
jesbus,2
Naderade,4
wq678,436
VeraCitavi,1
angryblackmale,2
Nooobish,15
KalsyWalsy,12
Aretecracy,1
nannine,15
CorporateParrot,5
_makura,1
matrix2002,3
TravelingPseudonym,1
Zenpher,2
7he7ru7h,1
zoheirleet,4
somethings_fishy,9
nofapper373,16
nadez,1
internet-dumbass,7
koonzi,1
gunnerheadboy,24
ktnet,1
The_Hermione_Granger,2
irrelevantpersonage,8
Agasti,20
5pointed,1
scarfacetehstag,2
TheronGuard,4
Goodguy1066,1
WonderWax,2
patrick888,1
alawadhi157,1
faraz4reddit,1
gohammer3,1
rushinobby09,2
Stower2422,9
Lt_Bukem,24
redinator,1
Yemen4u2,5
sebha3alaallah,289
boushveg,1
Teshreen,47
Arabian-knight,3
underpressureyo,4
JudastheObscure,17
Dr_Michio_Kaku,1
FrusTrick,27
JeffTheJourno,7
lebeardnekk,1
THREE_EDGY_FIVE_ME,2
mystical-me,3
ndubes,5
GreatWalker,41
marnues,1
certaintyisdangerous,1
ByronicAsian,1
dartvuggh,4
thehashslinging,1
Malshootfa,10
musecorn,1
DribbleMeat,1
PSU159,37
Akkadi_Namsaru,737
Frostzor,1
anthropomorphist,44
Arminius99,9
nidarus,2
xhrit,3
24061314,2
Interus,13
basilarchia,1
fixingthepast,1
cocoric,3
foximus_91,13
zouhair,69
rosenjcb,6
peacku,3
mubukugrappa,3
jasonthefirst,1
HarikMCO,15
TheDuddee,88
MonumentOfVirtue,14
ToothlessShark,7
RegisteredDownvoter,4
SuddenDeth,1
Madlydevoid,2
include_power,6
saoran,7
Mieleur,10
palball,3
shekib82,13
lamentedghazal,49
sewom,1
adremeaux,2
jayssan,40
tasim11,1
asc-net,4
siegfail,2
Iforgatmyusername,9
Zeinoun,325
GoodGrades,1
Dog-Person,9
BONJOVl,19
albadil,215
Eureka247,4
kusrabak,1
pseudogentry,3
ShanghaiNoon,89
OliveSkinKing,22
thinkaboutfun,7
cttc,1
rrmxrzq,1
rainynight,3
redroberaist,1
abaasm,6
whisky_cat,5
manyproblems,3
Rawr4you,2
hummusforthought,172
AHK123,13
ja3ja3,3
libyaitalia,11
zackary2001,12
7ummusfarmer,1
tHeCh0s3n0n3,7
Asks_For_Milkshakes,1
mqrocks,1
whileromeburns88,11
confusedwesterngirl,5
eIementarymydear,1
Raami0z,326
ewihewih,15
KhairAjnadAlard,19
KUmitch,3
Unfunny_Asshole,1
Marjeng,6
Zebocracy,13
Servernotfound404,2
Moon_Mist,2
MorphaKnight,16
Zephlex,3
Acesii,1
Jeemdee,1
xenoamr,28
Laffs,4
ba3refsh,1
ifuckedyourcat,9
Curiousitivity,1
ticklefists,1
HolyMotherOfPizza,4
lynxlynxlynx-,12
Ro0oter,133
username,1
GoodlookingnerfherdR,4
5tampede,2
Pepticulcer,1
ShahabJafri,1
ender1200,4
openmindtoo,2
mujahid69,3
justgotserious,15
MagicWishMonkey,1
BoiledGizzard,4
sdbolts11,65
JungleGrapes,2
labubabilu,16
pinskia,4
ziggitron,40
brrpees,1
zetsui,4
svwsp,1
GoldChip,3
TripleOGeg,1
loseyourslinky,12
MoeJoe_JoeJoe,29
hbbhbbhbb,1
Juxta_Cut,14
869689698,1
IsisEbola,4
Malendrin,1
belle-indifference,3
aldhelm,140
AStudyInScarlet,2
Zabedisi,2
koeningyou666,4
klezmerific,1
3nzz,43
abdaloth,4
podkayne3000,3
storq,9
saraswati00,1
Dromar6627,20
Ohmygoditsabird,1
Deep_cover,26
cimbalom,16
RandomDoctor,4
eisagi,2
gingerhost,11
Tezpaloca,1
fonmaj,2
Ammar-The-Star,3
haji435,4
daniellayne,2
UpBoatDownBoy,3
enolja,10
norembo,1
alawah,4
justonecomic,6
markscomputer,1
prei122,16
Communal_Teachings,14
QueenAtziri,3
swagger_of_a_cripple,3
moushoo,5
damaiida,1
mustafaihssan,6
zajjal,12
Chocksnopp,10
Craemere,3
littletinyfish13,1
Avg_White_Guy,14
Crixusd,78
kql,2
ElHwaoui,2
ShadoWolf,3
smack_cock,1
includepower,6
awue,1
jzuspiece,5
Kellerman90,10
tsatugi,1
coyotedangerzone,4
mukhabar,10
Hamartolus,15
NotaTerrorist1,3
newbietothis,2
imlovingattention,2
skullblasta,3
spiro222,8
runningoutop,5
HarvesterSorrow,27
mrdaterape,2
belleknox,4
Elostirion,1
gintonicisntwater,15
laith-the-arab,39
YawnDogg,1
confession2321,4
onrocketfalls,19
al_fayadh,2
kr613,2
Alamedo,3
ineededanewname,12
ThinkofitthisWay,70
wntroll,6
MalcolmY,407
DullMan,19
KaizerOumft,3
Youyou_501,4
koocachu,27
UncleSneakyFingers,1
Astrocytic,5
pointman,54
AdrianCubbish,8
FollowFayyad,4
vanulovesyou,1
unfo,7
6fshan,7
jules0072,4
comix_corp,226
throwaway78945687951,5
herbg22,1
walladmajnoon,1
atlasing,10
GraeDot,1
JohannQ,5
rofaalla,10
pixel_pete,1
levantmix,9
The-Bourgeois,4
BigEyeGuy,8
jewish-mel-gibson,8
kjhgkjhgn,17
fetus_eater_skywalka,4
KoofyKoof,2
DannyDe,1
miroku000,1
CyanideWind,7
iheartennui,5
noctournibouquet,3
Phatarab,41
tanjara,2
hungoverseal,1
half_in_squiggly,2
HandsomeJew,4
Rashidun,3
TheCedars,4
BlackQuill,10
Macchu,2
museveni,11
half-sack,2
PrivateDane300,3
Fuglewarrior,1
ba6oo6,32
eI3r9,3
MahjongNucleus,4
thisisarecountry,2
NerdOfArabia,1
b0yakasha,3
butterbeerplz,4
eriad19,27
woodyallin,29
deRatatouille,186
Dsmokes,1
Craftingjedi,4
aharashidy,2
Jemzzz,3
devildante,4
Staback,5
Killer4247,9
R9014,5
Bascome,2
Bezarius,6
Dark-Mind,1
oatsalot,5
khinzeer,3
ralpher,4
ryzvonusef,3
fuckit_idontcare,7
grammatiker,3
ilikereddit55,16
mcgclover,2
bobaa904,9
Th3MetalHead,23
martianz,1
FROOtloop9,5
chinahusker07,4
snarks_,5
Casting_Aspersions,2
hawkQ,1
babajafar,3
citadel_lewis,4
grog61,1
sketchesofspain01,1
diaalypr,2
UnbiasedPashtun,18
Virosis,1
dhats,1
bluebogle,1
bingpang1,12
ExiledBahraini,232
gamer2028,12
RandomUserIL,4
Sampo,1
cmarrs85,2
MaaloulaResident,16
Khargush,5
HashPuffer,79
GeekEmad,12
Juan_Bowlsworth,1
Asad421,3
Hashtag_Taha,271
die_troller,1
daretelayam,714
DaphneDK,2
ayrefeek,4
swedish_lad,7
Ziaaziaa,7
DigimonFantasy,5
frmango1,20
ISellKittens,168
jenoobee,22
OrganicSpade,4
Mywonderwall,1
Coastoflolrsk8s,61
TaazaPlaza,10
marmulak,35
fifita93,4
Your_socks,3
B0saif,1
pentafe,1
khara1,1
Morrokhan,4
nyshtick,1
wessago,2
theAutumn_Wind,9
troll_232323,8
nobunagasaga,2
cigarettesandwhiskey,1
turkeyfox,2
ragenFOX,7
wouldjesusdoit,2
desparadacido,2
chiddler,7
denden90,6
Ilva,28
chalushian,1
TheElie69,20
humanitylost,19
SheWasMyShane,8
SocietalReject,139
arabman,5
Fairouz13,1
elefantpp,5
averypissedbloke,3
VikingSurtur,6
jrf_1973,1
KingGilgamesh1979,1
TruthSeekerWW,1
Coyote4721,1
IranianJuice,16
houndimus_prime,2
dargh,4
st_huck,1
WiseCynic,25
whatever_stuff,2
swefdd,1
workout420,33
Bienheureux,1
TILopisafag,12
theryanmoore,3
nycnewsgal,2
NorthernNut,61
literallycat,110
Java_Beans,153
FinickyFizz,4
youcefhd,79
Pro_Quote_Maker,1
Khaim,17
jellawat,1
hatzofeh,1
rcko,14
Noamyoungerm,1
nxxnxxn,2
Improvex,118
astrophylousa,9
vuduwastaken,1
ThisRiverisWild,1
Panzerdrek,8
pedroelsantos,1
horsthorsthorst,2
binaryhero,1
IbnAlWaleed,24
DementedWatchmaker,7
Amir616,2
ZachofFables,7
milkbread,5
ImAyoub,17
Barcopa,1
Wemmerick,3
MajorBlingBling,4
metazionist,8
prince4,4
algam,4
theMaster332,4
tinkthank,171
yourbighallux,2
daretalayam,5
josh42390,17
Briskula,1
Roush14,4
Chrollo,62
randomestusername,2
Alcwathwen,1
eeiji,6
mynamebazac,1
icecreammuscles,19
ayoubus,3
dodli,47
tjsr,7
iamtheilluminati,1
Morning_Boehner,2
thatsyriandude,285
gojira19,4
Klausie,2
AWoodenFishOnWheels,1
khanista,2
CountArchibald,5
syedur,1
asaz989,4
Robbo__1712,95
Sindi182,9
Repairedcrack,27
fawaz2,102
Hala4321,1
LonQuixote,17
Leatra,1
IGTW,1
mykcheck12,3
Regionala,4
_-Mac-_,2
sulaymanf,2
CoolCatHobbes,2
TectonicWafer,2
anarchy8,4
Ocrea,1
SaudiPseudonym,12
Walrus13,7
Tufa7teen,72
pomacanthus_asfur,1
ryantheblob,4
aimana,10
Yissachar,6
tunersharkbitten,2
sarebroman,16
zozoped,16
muhammedabuali,18
Roughly6Owls,1
texan11moore,2
Crackzilla1,2
Fa9toom,25
SyedAbduallah,34
Mabsut,135
FromBritain,3
wotmania505,1
Meeno722,15
infinite-identity,3
Ojisan1,1
Aristotlese,17
there,5
calgaryt,8
Slaugh,5
TheAmazingSeagull,9
hugmypriend,41
Nelm07,3
FrenchFriesFriday,1
SurrealBird,18
ahmedsafa123,54
The_BarHuma,9
Ardm9udi,56
DrBoomkin,7
OlejzMaku,3
ps4601,2
VitaminPizza,16
cpav13,2
DrMake,2
optical_delusion,1
sagivh,1
beavs808,8
_MakeMyDay_,1
Ashex,4
Strange_Dragons,6
Omarganism,1
sswats7,2
cheekyandinked,1
leSwede420,1
Awkward_Arab,14
skazzleprop,4
aSyrianLion,1
gaydogfreak,1
BeHawk,3
lightsmiles,2
tigranater,1
Malowski_,1
amazinjoey,3
atizzy,2
ThatBernie,59
DABKE_TIME,18
sulaimanMM,2
Justice-Itself,1
Seko1997,24
voodoochild312,1
sryvre,3
Fake_redneck,13
maxbingoofy,12
TheJemaz,10
erehllort,27
abuali7866,1
MAAATLLLOOOCK,6
ventdivin,20
MrChuzzles,7
victorianman,3
akaboelela,2
badbrownie,1
AyaletSheked,6
HecticSC,3
Bahamut_othman,3
furless,3
uwahwah,3
lushootseed,14
marouane53,22
KebabEbnKebab,22
darabzine,3
TuxedoMasc,6
LemonDrop90,27
vancooldude,77
DulimyAndProud,11
saudi1234,46
RecallRethuglicans,9
Mythiees,4
wisabi,1
yachubbick,1
DirtySmellyAsian,1
tuxunefo,1
blastoise_mon,1
johnnytest313,1
ishgever,9
P3T3RK3Y5,1
mjayr27,5
modern-athena,3
SaudiDude,8
chrezvychaynaya,6
yorkcity,1
forthewolf-x,1
maramkt,2
banjosuicide,1
oreng,7
nanalala,1
crypticblizzard,20
RocksFallEvery1Dies,1
elfitouria,1
Saudi_Fat_Ogre,12
cxkis,2
toomuchpork,1
kerat,472
tchrys,25
devastation94,4
Sabti,1
ShayMetallaj,12
rhinocerosGreg,3
gounew,6
Klightning,3
djfromhell,9
EgyptianGooner,6
WatNxt,6
rv77ax,1
hydarov,4
squidsansgoat,5
harsh2k5,24
fakhro,3
mattcraiganon,3
coftastic,1
alaqah,7
zinnenator,2
fuzz37,3
hotcoursesme,2
diablos777,7
NumenSD,4
fun-run,310
yuseff,7
angel631,5
arabsw,1
Valens,7
TheWrongTap,1
RiverToTheSea,9
Volgner,46
darelaytam,1
9peppe,1
Salaheddin-Al-Ayoubi,2
angryfads,2
veritasxe,1
PincheMamon,2
redditsusernamelimit,1
jclainez,2
Exxec71,5
TheBeardedArab,23
charlyy1,1
schadenfreude13,3
Hazelrat10,2
Heliosophist,1
refikoglumd,8
momogb,3
arostrat,25
Leave_Gaza_Alone,3
GeneralQQ,2
Hollowcaust,1
lickmyteemo,4
AwesomeWalrus,2
timidkitten,20
MasterMachiavel,4
palestinianprince,2
rapmemester,4
sinclairinat0r,1
faisalra,1
MyCleanRedditAccount,1
davoust,4
Miczkus,8
UnknownEx,13
mrtechphile,13
TehArgus,5
system3601,4
Munnin19,2
why_go_home,7
werbin,3
knight1to1,1
BenevolentVillain,4
fehnifer,3
kaliuseruser,4
OhCrapADinosaur,2
FlyingBandit,8
citoloco,8
yardeni,1
TITTIES_AND_ASS,218
LebSelfie2014,3
miraitrunks,8
miriamak,7
Symbolis,1
Athrowawaynumber3265,3
ShadowxWarrior,8
sod6,2
lunrSabr94,9
TigerRapha,13
Captain_8lanet,1
Bu3amraa,4
Daggor,2
Menachemx,79
bikbashy,152
DoDoge2,8
zenicaone,12
israel_throwaway123,5
yaayyy,1
Brad_Wesley,3
asofnowwwwwww,4
lilnas313,1
