Username,Battlefield
Evasional,2
Chrispy01,3
MonkeysOnBalloons,3
hamberger7,3
fridgedigga,3
ACoyInterruption,4
peedmyshirt,1
Fhardervig,1
OddGuyOut,18
Kingcloutier,3
icemanauz,5
SimplyCole,3
_nembery,1
livefromthe415,1
eigenlaut,1
lBeanz,1
Ryan57,1
Xskills,2
d6s,3
pacta-sunt-servanda,1
fib86,6
Hundredd,6
C0pyr1gh7,2
Im_A_Ninja117,11
Malicious_Gooch,1
NocturnalSkies7,1
gotyougoodfookah,6
sharky_matt,2
cocacoladdict,3
Harri_Does_Gaming,2
noahchriste,8
Mr__Fishy,33
Bomboo10,1
Aephedra,2
KingKilla568,3
account_117,8
ChewiestBroom,1
Qbopper,10
etan707,3
rhn94,15
xXminilex,1
killallgays,7
mcmahon212,2
Laza123,1
Josiah621,6
NumberOneAnus,9
Deathcab0890,1
B4DILLAC,1
krash666,1
herrGrinder,4
RobinOfFoxley,10
Vae-victus,1
erwinr,1
captAWESome1982,1
Vincent_van_Gogurt,1
neutraliser1,4
FrostyCoolSlug,1
runyoudown,9
Heroslayer44,3
Fascist_Pink,1
Th3DarkWolf,4
GetGhettoBlasted,3
Insanmiac,5
legotransformersonic,1
Seanzors,2
jethack,4
shaneispic,1
SomeGuyWithALaptop,5
redinzane,21
Noshing,1
SpunkMayo,3
mdude42,2
Yunners,1
defec,8
AGrain,4
GunForHire,4
Emmyrin,1
AkilesOfCydonia,1
jinqsi,17
birch278,1
MrDoe,2
duds666,2
PubmasterFlex,5
J0e_Swanson,3
Ihjop,2
Tartooth,5
handsomeness,4
Chiplink,1
zynx33,1
SittingSawdust,1
moomooman101,1
Eupatorus,12
VinylAndOctavia,37
CrazedGunman502,1
Thecgunners,1
thescreensavers,1
_Answers,1
xxphyxx,6
_youtubot_,3
jpellizzi,2
Alphafart,1
InZaneFlea,9
ReLiFeD,9
JonVX,5
kap77,1
circular_logic,1
GeneticsGuy,7
damnedpessimist,1
Qemyst,1
Real_Xavier_Horovitz,3
Waffle_Knight,1
specrenegade,5
ksatirli,5
mehum,1
bigaza2151,1
TeachMhow,3
addreddits,6
SuperSmith_,38
LetsOne,4
Swatman,14
ChuckmanJoney,1
red914,1
xosfear,12
letmecommentyoustupi,1
t0ph24,1
SpinnePanzer,1
jsmith47944,8
Chicken_Coroner,3
dankwhisperer,1
I_ama_Borat,1
Ivanthehorrendous,6
TroggleHumper,37
azGRIMES,3
striff,1
Feloxy,1
derganove,1
TheScreamingWookie,4
darkstorm40,1
Aleczarnder,1
kenkannif42069,2
Awnree,3
Solariu,2
OrphanSteak,1
Pattymelt76,3
CruelTeaPLS,3
Furiousgeorge227,5
TerminalVeracity,3
Wulfay,1
SuperTongue,1
ExtreemWeenie,2
LtMcGraw,4
KillAllTheThings,4
wardogsq,4
lostrock,2
Zedjones,3
TheLordSnod,1
qdhcjv,29
ultimation,1
AnalTorturer,3
Ertaipt,4
npoland,3
KaptainCashew,8
jim_dude,11
Caanon565,3
thirdangletheory,25
CSLaoch,2
fri0xz,1
strelokgunslinger1,4
NeonCreepers,29
DEAD_GIVEAWAY,2
Speckknoedel,7
thegrok23,4
XxTha70neguyxX,1
The_Thane_Of_Cawdor,12
ieatmakeup,3
Nooples,7
tbass2a,1
heydudewhereismycar,5
Snakr,1
_LaneJ,1
giants707,9
idk_alex,3
DrJimmyRustler,1
DrZanzibar,3
doobiedoo23,2
mason_cheese,3
westen81,1
TheRealPaul,1
Fruity_Pies,75
menno4000,2
harakirijohn,7
SirZonar,4
cbigsby,2
Jon_Sno,4
Creutzfeldt,1
alexmoose454,4
OranJ1zz,1
AllDayBeastModeonPC,1
corby_718,1
moxxob,6
Winnapig,10
zurii,4
MrLotier,2
mjzli,1
Chaoticzer0,6
goatman11,1
so_this_is_me,15
FauxillaryBF4,4
NewDroidOrder,3
DESTROYER_OF_RECTUMS,3
RECplatoon,19
PhantomLiberty,33
Swegbeg,2
_amass,2
MisterRegards,5
eyau100,1
KingOfAllDownvotes,1
SkuliSheepman,9
Lunchbox2117,1
cyberhylian,1
ImHully,1
asdjfweaiv,8
sillygitau,1
RedVsBlue209,4
ryannayr140,1
Sepiaa,1
Xeran,10
Greenguy1996,3
Njlamp,1
xwxaxsx,4
Syralo,3
Upvote_Responsibly,1
FlashHeartUK,1
starside,2
blindbunny07,5
Michaelthegreater,1
mrcyanide1337,2
trigu286,1
facereplacer,2
Vol_fan,2
Deceptiveideas,5
Hollowthegamer,4
jumpjumpdie,7
RedSpaarrow,2
urxvtz,4
ObeyGiant29,1
brungy,3
brennok,10
thejournalizer,1
pxmatt,4
Sh1bbles,1
Curryfinger,1
Sgtsparky,1
clonekiller,3
SickOfYourShitMS,1
gottabekd,1
phyrexiansphere,5
aleschusta,2
CrucialXP,2
BerneseTerror,1
HulkingBrute,9
Denverlanez,8
btmowns,1
arthur_figgis,1
oprangerop,1
Darthjord28,2
chiefmarnaus,2
wulvsbayne269,2
TheCockGoblinKing,22
PG-29V,5
TechnoGarrett,1
Sliydes,1
deexmikey,3
ManOfCertainSkills,1
BringThaPain,1
ams754,1
moosetales,1
HyperactiveAdult,1
GlobalHyperMegaUser,4
jeroen1322,7
larkin54,13
Lotosam,4
JEpppEN,1
d3vourm3nt,3
CptMonkey,2
LTrain17,6
Aureoloss,1
PWND_U_IN_MK,3
durree,1
ricflairswhitehair,2
djpokeboy,4
Oetter,11
dirtybongwater,1
MakersWorkbench,1
ImperialJedi,3
meshies,5
pixelneer,7
jared2294,4
Dizfase,9
Gnarlershreds,3
DANNYonPC,73
heihatchi,8
machinegunke11y,3
ZeFlacidErection,1
Hectyk,3
MattindaHat,3
xcaptnwigglesx,1
kamikazeschaf,1
Zenode,1
LFClaird,3
McSqueeb,4
PartyMartyMike,6
DomainError,1
Spiderchicken69,1
LosRoddyGibbsYeNas50,3
CaptainMack1,1
NoFaithInPeopleAnyMo,4
Calabador,5
Entosaur,1
burba__fett,2
Dafapattack31,2
KangBroseph,4
nourez,1
Binker__nor,1
PhilRectangle,2
regisfrost,4
jonnytwothumbs,3
Isador-Akios,3
Tostecles,6
T3hD1sTuRb3D,1
netwalker11,1
Wogachino,3
Thrashoholic,1
heatpro,3
PeAcEzOmbi,1
JackSprat90,1
dyn00mite,16
Krabban,1
JueJueBean,8
Explosivefox109,6
kblessitt,3
MuenCheese,2
Soulshot96,15
AnnoyedShelf,5
Mgamerz,2
Zarazas,4
rocmisok,2
GOML_OnMyLevel,5
mrJones2k,1
peartography,1
Uphoria,23
profesh_2_death,8
gbi,2
Johnq597,3
yeahisaidthatoutloud,7
late_on_the_boat,1
erlingur,4
deepthuggin,4
paradoxpolitics,5
AirJerr,1
VTMan72,5
FixerJ,2
omniaxiom,1
ZoxinTV,1
pheonixrelife,2
rsm241,9
iSnipedAgain,9
BricksGaming,1
sixsick6,1
spazkill,3
novelty_account04,4
DankOnTheBank,3
repilur,1
xBBTx,8
jakerfv,3
DallasOCat,4
True_Chainzz,1
Moetown84,3
anijatsu,2
benmuzz,4
2dTom,10
NTRX,5
Sweetmackdaddy,1
Jesusc00,17
kuroyume_cl,3
willielazorjones,1
Mad_Gouki,1
sniperhippo55,8
Gingervitis526,1
crazed-one,7
PatchRowcester,88
GGreen14,1
j3lackfire,2
Viper6018,2
ducksarealright,1
_Zenturio_,1
genrommel,1
ZeDominion,1
SulliverVittles,1
RojoNinja,5
landlubber12,9
BountyHNZ,7
battleswag,3
gotfamous06,1
viperrules24,11
nationalmaverick,1
Greenim,9
MeIohi,1
IamAdrummerAMA,1
flyleaf2424,24
Spawn_Beacon,12
DemoDemoPan1,3
bteamlollercopters,1
kris_lace,2
HuddleHouse,1
BerkmanLord,16
pogthumper,4
Rionoko,1
alaub1491,2
trejanlord,1
JagdTurkey,8
Spyzilla,1
VirtualMontage,1
DDDDDDROPTHEBASS,2
JuantheTacoFairy,1
Jaspersong,7
watermelonlemons,1
iamjimmyb,3
SurpriseButtSexMan,1
v00d00_,2
ConfessionsAway,56
Bountyzero,1
swedglish,2
Barrack_Obama__,3
TheChallange,1
EccentricFox,19
RawNipple,1
Trickster1950,6
ManBird94,6
Bawalbaba,1
MisterBreeze,8
TJtheApple,1
DogeForPresident,1
the_dutch_rudder,2
Badassguard,3
funny1humor,1
jacobywankenobi,4
DoubleStuffedCheezIt,3
LOLwall,1
totalnewbcake,2
surray,1
neutlime,1
MotionJazz_,4
eeeeVeeee,6
tripler6,1
AdolfHidekiStalin,13
FreaknShrooms,2
did_i_hear_fart,4
reid8470,2
VikingSlayer,14
LukasGraphics,6
AssumeDirectControl,1
Lilmet12,1
OllSod,3
CPL_McMuffen,7
PhazonSwimmy,1
Rawnblade1214,3
Mc_Toasty,1
Dump_Truck7,10
xJ_Dx,2
generalburnout,11
SpyCorvo,1
Xtars,7
ZeroOne_01,4
CowardlyValour,4
shredo,3
Darhoven,16
alex0209,4
Samurro,14
killerhornet25,3
valientthorr89,5
Sasmo,1
uneddit,1
ArtyBen,7
broccoli_basket,5
Jameson21,2
JVanik,2
DirkBelig,1
irishstereotype,2
ggblowgg,1
DonMahallem,3
ChrisH100,7
gamermusclevideos,1
Blackbear933,1
iinsomlol,2
7970BF4StutterGuy,4
Gnardozer,2
icantsurf,6
Balder666,8
LCD75,16
oddVOX,3
FreshAsBasil,6
RogueHeadShot,1
BFguy,31
lillweez99,1
nobblan,1
Cali4life,6
runoono,2
adlp,1
Jujunezby,2
dasredditnoob,1
HecticMash,2
mattchete,1
ziltoide,1
playboywillis,9
CookieTheEpic,2
AzaxUK,2
ChaoticElk,3
xzachshawx,1
PersonMcGuy,4
sk1zy,10
aDinoSupremacist,1
amouthforwar,3
themanager55,2
PalwaJoko,11
bacchus101,2
RekdAnalCavity,1
Garuketo,8
Tuahh,2
mowens87,16
Stales89,11
radgamerdan,27
maximum_down-votes,2
andrei96cross,1
Hawkeye117,3
tooichan,4
systemshock869,3
cattleherder,1
InfiniteMultiverse,3
jkdl33,2
ducksa,1
DeadlockDaze,6
calvinso,3
jacobthehunter,3
bluntrollin,18
jakeowaty,8
zipinel,2
comawhite21,2
zuphzuph,6
kheavy,4
mst3kld,7
tevernden,4
x21in2010x,7
SlrTrollAlot,1
Ctrl_Alt_Abstergo,12
shingox,2
Cartman519,1
lilbunnyfufu74,1
BrotherGabriel31,4
leadzor,2
helpwanted1,16
antunica,4
HuntersReddit,7
05Lanky05,2
jyoung12387,1
timothytandem,1
Forgd,5
nalixor,5
Blitzers131313,2
COMANCHER0,1
sn0wpiercer,2
StupidSam,3
XSC,2
_martinwolf,3
greyone78,3
mettachain,2
IWannaTalk,3
warmpudgy,3
jordanrlamb,1
SmileAsTheyDie,4
JSimmo,2
DuvetSalt,2
rlbbyk,4
MrArron,6
KayRawRaw,2
nouseforathrowaway,2
broham97,3
CreeksideStrays,5
htreD,1
shocklance,1
xSpartanCx,3
Leki82,6
cth1ic_warrior,23
elonzoooo,9
Seerix,9
Vandrel,5
Killbofragins,1
massimo6274,2
madd0gUK,1
Muesli_Reep,3
_stabby,1
ITzYerBoi,22
Themightyoakwood,14
cttttt,5
comicbookee,1
bradbaby,2
myzery,1
1stMora,26
crocodilekyle55,23
thetempest22,3
BadgerC5,2
Crephix,1
affixqc,2
Asykura,1
mrb1ll,6
Koooookalo,1
Kahanamoku,3
squizzi,3
dr46235,4
SitDownCreepa,1
DirtyBanana69,7
thatoneguy249,7
biggreenegg15,5
Just__The__Tip,2
connecteduser,3
ateURdog,4
OsamaBeenModdin,3
LeonJones,3
Dmazzone1,17
drock66,1
I_EAT_BATS,7
Rhino18,2
xAy3x,3
treflechanceux,3
ArguablyHappy,1
bobbyg27,2
Craig1287,4
Todda468,3
STVT1C,3
CronosDage,1
Carthonas,1
InsaneFPSGamer1,18
Dizz_ee,1
thesecretbarn,6
Gooche_Esquire,6
TheEnterprise,1
cubanjew,1
spourks,3
dominic_mccoy,24
TheParisSwingBox,3
AyrJr,10
JokeSlayer21,2
ProductOfSurvival,4
teddylexington,3
david_ca1226,2
Rispetto,2
ShockinglySynonymous,5
srvisg0d,3
Drllap,3
Tonyhawk270,9
HectorMagnificente,12
xpc_absol,4
Thokaz,4
RevTom,5
Belqin,1
Spicy_Tac0,2
Ayzerr,2
jakebasile,2
Richaye,5
LunarSoul,1
VectorNiner,6
Pesshau,3
LeKrusty,2
Iainguy,4
joe19d,6
MikeRivalheli,2
OMEGACorruption,12
McGrubis,4
199ty,4
macinneb,6
DOOMz_illa,1
rpg,1
counterpunK,1
Episodial,7
fawker,32
treyver,1
roots77,10
srphelps,1
ne0f,1
calomile,16
De3p,1
MrPootisBrights,3
mmccraw,2
Nihiliste,2
FreizZ,4
Gremilllion,8
NoMoreChowMein,9
drstewpit,3
Dundercats,5
qliratu,1
couldbemyclone,13
Sizzalness,13
Jikkle,2
FrankFugazi,1
irishmountaingoat,4
Greetings_Stranger,5
angerpaw,13
Rhazior,7
cggreene,3
Saninator,11
tvon,2
CLMan,3
hpower1,6
Jacks_on_Jacks_off,8
Jwood013,1
DishoveledPanda,11
reel_big_ad,3
NYMoneyz,6
I_ABUSED_YOUR_CHAIR,4
TheManeEvent101,3
XanderousVG,3
MrRafikki,1
PeaKayBerg,1
downquark5,17
Satisfrying,4
Wile_E_Peyote,4
tman2damax11,12
IntrovertedIntrovert,15
Destructive_Forces,1
unrealy2k,3
theregularlion,1
landophant,2
Arcamenal,1
bitwpunk,2
gotemike,1
BuddNugget,38
Derpatron30m,4
tdewald,3
Trebus,1
DemandCommonSense,4
turbo5,4
_voiddd,5
imaginedmind,5
Fantonald,7
thelolzmaster,2
mjones22,6
dubblechrisp,2
cortexgunner92,6
pasta_fire,15
Mr_Burning,14
MaXKiLLz,3
Palmer11,12
TripleVision,1
miguelangel_43,4
hans2707,3
alpferd,4
Okymyo,7
donk120,2
PlebDestroyer,1
Hell_Raiser,2
MartinKardi,1
NotWigglytuff,4
Kie1522,1
madmooseman,1
knutson_a,1
TheMetaGamer,1
DatTrackGuy,3
XxNotOriginalxX,3
TehDarkArchon,2
savagelaw,19
Ach1Ll3sH33L,5
RobTChez,13
spaceman_spiffy,1
No_More_Names,28
OneViolence,4
guymanthing,4
7screws,4
velkizar,3
peanutismint,3
ParadeOfTigers,32
Nigjah,7
zzoyx1,1
Herlock,1
RichSniper,1
Magnon,5
ElectricFeedback,1
jonneh,1
Alteya,2
Dhafo,1
Love_Em,1
Boostos,1
0_0_0,3
correctoman,1
wholeein,5
alphex,7
himmatsj,8
imqke1,3
Piscea,2
CombatCanuck,12
deviousgiant,1
chthonical,1
KeithTheColt,4
Nemonade,10
skylenorman,5
Powerkiwi,7
yohame99999,1
Danefrak,2
usherzx,4
Destroyer6,3
Scoiatael,2
triniamit,12
YeshilPasha,8
elfez,6
IAMA_Fox_AMAA,2
reggifel,3
mav6771,14
Hogild,1
po3ne,2
H3XAGON_,6
canadaboy23,5
lookamoose64,4
th3madjackal,2
the_Ex_Lurker,2
UhOhSpaghettios1963,9
BrutalFuckingTruth,1
deezeejoey,19
Badatcounterstrike,3
Leech283,13
team23,3
NUKE185,3
neogamerdrew,3
Leeder9000,1
Xixii,6
thundering_funk_tank,5
R4W_Squirrel,28
marineten,1
seathasky,11
brownbear91,1
hotfrost,1
litcheese,3
FatManOnACouch,2
guy1013,2
AirsoftGrunge,2
crays1223,1
abs1nth,1
fasd14,1
SloMaroZ,4
PM_me_Loplop,3
TheDarkNobleOne,7
dirtydeathdog,3
nourishmycookie,1
Derpventurous,1
godiebiel,15
apollo_1444,35
5t3v0esque,4
drbob27,1
GuyWhoWantsKarma,1
MalcontentMatt,1
zippoplease1,2
erthian,2
kkjdroid,1
hempsmoker,1
TheSpiffySpaceman,4
Allta,8
MrFatsas,20
StaticPrevails,4
RawrCola,1
Derp-O-copter,7
dannyabcro,6
Hunterz50,1
Acurus_Cow,58
JakeJermyn,1
D4rkR3bel,7
booger_sculptor,5
lemonylol,15
kaasmi,2
PuertoPowered,3
puisiitis,3
llTheGoose,1
hibscotty,6
Nicksaurus,6
anontalk,1
otter1412,1
TheArcheaonOfficial,17
RisingFire28,1
Captain_JD,1
DarkShadow1,4
fishkidmal,3
Cynikal818,2
WallLean,4
Scora180,2
BomberWRX,3
-AC-,14
Chakintosh,1
radeonalex,14
ProperSauce,1
ObsidianZephyr,8
BogSnorkler,3
ecguy6,21
ChaseTacos,4
Evenseeker,1
duun99,6
Evilhate,2
Splashdown,1
Palirocks,1
nd4spd1919,5
Jack___Torrance,3
d0nut_,1
AzureSkyy,6
SurebutterCringe,5
Moyk,28
xArchitectx,4
Pyso,1
Cynoxious,1
Clavus,11
Africanbadger,1
FSCoded,1
Deathcon900,1
MrSeann,4
ebough,2
Crab-Battle,1
TheGuapo,1
J1701,1
Ucarn7,2
presidentresident,3
unclecarb,1
withateethuh,4
Produzer,3
munche,21
hvit-skog,16
dchurch0,4
PlasmaDavid,2
RavenMountain,4
Proph3T08,7
scotoe,2
PeterFnet,28
arm0nd,1
Sorrowablaze3,7
Never-Uses-Sarcasm,3
pinkpeach11197,1
following_eyes,16
random_guy12,11
Persianator,1
YoullReadThis,5
Bumrusher507,1
GOpencyprep,68
RaptorZ123,2
santorin,1
allstarpunk,8
snarky_username,2
sobedog,3
whodidisnipe,7
xxSHAITANxx,5
LoliNyan,1
blackvariant,5
GeronimoHero,1
I_MAKE_BAD_COMMENTS,7
racoon_dog,3
ukues91,8
TheGuyInYourCar,1
liamv33,5
Ginn4364,1
Spartan110,6
HiiiPowerd,7
TEH_GOVNA,1
illegaomonkeybutt,1
AverageDickSquad,9
tallkido,8
choko16,2
StrongCobra,1
EvilResident662,1
nige111,1
kssavage,4
Ceadol,1
merlponty,2
TheAmorphous,61
NoxiousStimuli,1
Sacrefix,1
emmayarkay,3
ItsGBE_Jake,2
Evil_Superman,9
EngiDeer,6
devoting_my_time,2
FrusTrick,4
NozzyEz,1
lostseamen,4
shlobberknobber,1
Cesar703,4
dtbm2,1
jrs97731,5
PostmanLeno,6
topweasel007,11
grncondor,5
Elumnix,1
DyJoGu,16
R3v4n07,2
ArmyDude956,2
B0ldly_Going_N0where,1
CndConnection,1
Josh938,3
etphonecomb,1
SuperYente,4
BondageJay,1
BlackSmokeDemonII,4
shitasscuntniggadick,2
Grethyr,7
Friskyfarthole,3
Tinz55,1
Toadvine-,2
85218523,6
Matt2486,19
afrwafarwgarwg,3
Lyonize,10
CryptiKau,3
beckar,28
ScottyMcFree,2
generalgranko,6
Victim_Of_The_Upvote,1
bockclockula,1
FlpFlopFatality,26
mkdhdh,1
Neccesary,2
gantt5,25
deathbeforedishoner,2
dyancat,2
Cezner,10
The_Last_Castoff,5
drunkspaniel,3
SteveBrody,4
ThatManlyGuy95,1
Nocturne501,3
MilitaryThyme,9
JonPC,5
MulchyPotatoes,4
TankMeLaterHD,10
dotca,2
B0rK1,7
Jbelina,18
VanciousRex,2
RapidJellyCunt,2
TannerBatman,7
Brownie-UK7,12
--lolwutroflwaffle--,6
FPSTrollywood,6
TungstenKnight,3
Kingception,1
GKH25,16
db295,2
DirtyBojanglez,8
Han-YOLO187,12
Borborygme,29
Deepcmonkey,1
pare0tuft,1
Dangerman1337,1
War_Rachet,1
VulpineComplex,1
zingbat,4
Zolcix,1
TiPSY112,6
Zergonaplate,12
Toaster-Six,5
SpectralSolid,6
toughswede,4
NiltiacSif,1
blindspot2012,7
ggrove91,1
LootenantTwiddlederp,1
gief_downvotes,3
Hobbes346,1
Crisiss,1
YouAreCorrectt,2
LiquidCandi,1
Maxjes,1
KoGlowActivator,5
Niotex,2
Meatysy,1
ZombieGoast5757,12
derrelicte,1
norjala,2
Spriggan-43,5
Death3D,3
Inaspectuss,1
Moonshineandlion,6
Eater-Of-Nipples,3
Samnoname,1
RaxaHax,1
KellyTheET,1
OnceWasBooker,1
TheDirtyDutchman,1
CommodorJack,1
mixedelirium,1
RYRO14,4
Vladthewarrior,8
Suvaius,1
FoxyGrandpa65,2
thewoogier,28
Blu3drake42,2
croppergib,7
Capt_Blahvious,7
Pitnauer,1
free_mustacherides,8
steffgaming,1
console_log_name,1
imjustademo,6
Shotgun_Rain,4
gho0strec0n,1
overfloaterx,15
thr3ddy,6
weegee101,1
whymylife,2
TheWolfAssassin,1
TheChosen1inc,2
Hy3RiD,1
t-oliveira,3
Rustyreddits,5
HarryButters,1
ericandrew84,5
viktorlogi,1
CrunkLimonada,2
PaperNoire,4
jeffreyeyr,1
Surleymonkey,2
bobderf,1
giratina12,1
nd_miller,5
ChillyRama,1
Forest_Ninja,7
Devil61,1
That_guy_said_it,3
CookedKraken,6
mageofmerlin,2
kyle1qaz7ujm,13
dean84921,4
Goly-Old-Digger-Nick,2
TuppyHole,8
Skaired152,1
iConfiscate,2
MyNameIsNurf,3
Das_Josh,6
GTFHercules,1
Skydiver33,10
genkville,6
DUBB1n,23
CRIPPLED_Z0MBIE,19
twoeyebug,8
VoidVer,1
KingKamehamehaWave,6
Sweenja,2
20l2,1
QuinTheReal,8
TheNitromunkey,3
TheGamerguy110,6
Pure_Gonzo,1
nfs3freak,1
dtsfox,2
RinseIsTheBest,1
InfectedAztec,1
Essem7631,2
w0rshiptac0s,1
OverTheTop123,1
spideralex90,19
LifeHated,12
truckerice,6
sirron811,1
OwlsExterminator,9
HardDifficulty,5
Stokholmusic101,3
SolidusII,1
Vaultbloom,2
northkoreanhaircut,2
cplxderp,1
jimothyjim,1
OneHandedGamer,2
Fazblood779,3
Overkil257,1
IceniUK,1
CricassianHakouz,3
Burntzombies,1
OnceMoreISaid,3
IceSentry,6
i0am0awesome,2
waggs15,3
4LS,8
adamnacki,5
bthomastn,30
Forrest02,2
Johnny_Random,3
ZeMagnumForce,1
TheAxis_,3
flynryan692,1
Jonnydoo,5
consolecarrypermit,3
ChunksOfSalad,4
Pikalima,3
thekfish,3
erjkeir,1
Jozy164,1
oddlyinvitational,2
douglasdtlltd1995,7
Demize99,10
DCromo,1
derwinter,3
conorf1807,20
kattftw,2
rosenq,1
dogididog,5
n1nja_nacho,14
Broham911,3
YoYo-Pete,2
KamFox,2
Poot11235,11
Arc1992,14
SargentTNT,3
thecodemonk,3
MonkeyBotherer,1
t-had,1
jtkelly86,4
KaosRedwood,2
NSA-RAPID-RESPONSE,4
GGVasteras,1
Mr_Pigeon,6
ImToFrosty,4
THHanson,7
DerpyDan126,1
SirManguydude,43
UnknownGnome1,8
massine10,13
BreakingNoose,2
efc4817,3
geefy,1
DangerClose_HowCopy,5
Domagan,13
neonicacid,1
Terr_,64
ImWhite_Thankfully,3
CyborgNinja777,1
GrillBears,1
Not-Obama,1
imbetter911,9
typically_wrong,7
Tjman99,12
xx_Darundal_xx,1
blackgold161,9
PigletCNC,6
TheSeanis,8
mimbo757,7
duncle,4
eric549,12
AKBigDaddy,1
Janus408,4
Zednix,4
AH64,6
rob71638,1
su-5,7
Cbroph,1
Rokstarsammich,1
pullandbear,2
Nerowulf,1
maker90,1
Jung_At_Heart,29
Niven5111,1
Tengum,3
appledmcfridays,1
Oosterhuis,5
Dartillus,2
fraccus,5
jeftep,1
InfectedShadow,5
strifeisback,10
Master-Ruseman,6
BradKing123,1
Daqwazy,2
DuctTapeBurns,1
scooter1265,4
Glokon,1
xTarheelsUNCx,5
BobTehUnicorn,7
fabdoc,1
coldberserk,3
k1nk0s,3
hpski,1
RyanLaFalce,10
3DGrunge,6
sour_surprise,2
Smalted,1
Tacticalchutney,1
Rafaelzo,2
muren2010,3
Dooder39,7
IMCONSIPATED247,19
roccscout,4
Louberry,3
Sipstaff,30
Slev23,2
H0K,3
LeoFromHell,1
Bomdigity,1
OK_Eric,28
bittermanhatt,9
standish_,1
membrane32,1
kronzsw,2
MacHater420,2
Zeimus,1
MF-Brofist,6
r4ph431,1
xSkiimo,4
DCOneMillion,1
tempestorion,8
MandoSkirata,3
13beans,1
Ghalian,4
tilfordkage,12
VitaFrench,4
cakucaku2,6
fatkontrolla,10
mystikalghost,15
MegaBonzai,5
Runngunn,2
Wetzilla,4
WackyModder84,1
Prophage7,3
EgorAssault,1
riley1231,1
ProfessorDrewseph,3
Datass813,1
Jarrrk,1
b4zook4tooth,6
subsequent,1
nitrodoggy,2
DovahChiin,1
Arngrimmar,4
bro4all,1
Iain_A,4
gtsmx_manbird,1
blackhawkdown58,2
Veothrosh,3
rbcornhole,5
ksudude87,12
Whiplash91,1
Dorito_Troll,14
Oldrustypennies,3
RJ_asdfpants,8
NubbilCeddi,1
CapitaineToinon,1
stickd34th,1
scarecrow736,3
mybloodismetal,5
Boobs_And_More_Boobs,3
Xenobane,1
Ezxcao,1
SSJVegeter,4
Afteraffekt,5
robotsneedhugs2,3
Scorpion8754,3
deadnova,6
shiroininja,1
ZombiesWillRapeYou,1
1slander,1
Brainderailment,8
bootunflockaflame,5
dotomomo,3
Avatar1909,3
LaggingMantis,1
SpaceCat87,5
Dinshu,2
Mushbrandon,2
FragmentalEntity,12
Nationzero,1
deamerz,1
TheTrueTerror,1
Almahe,9
ppxrare,1
Annihilating_Tomato,1
PENIS-PENIS,8
Oxy_Jaded,5
chiuta,7
HitBySindicate,16
Synyster182,2
straightshoot3r,1
MattyB2033,5
IDCBREWBACCA,3
thecoyote23,13
dieselpow3r3d,1
apocalypsebaconstrip,6
evengraves,16
snappiestspore3,3
Thinks_too_far_ahead,1
SquirrelicideScience,6
Melloverture,4
Shanbo88,24
Kommandos0,1
trogalicious,3
kw405,2
0_-,10
JAGoMAN,7
thomjrob,2
Dovuk,2
MrGunny94,5
fluffy_flamingo,3
BobSJ,1
nicbhethebear,9
painapplez,12
blergmonkeys,1
newgirlie,18
MoneyMan195,2
orko12,4
TheJanManShow,2
Pixiecrap,5
Nickit0,2
Ahobo1,9
Jackaboonie,3
Electro_Nick_s,4
Snappel,9
Sabr0e,6
One_NEET_Nigga,1
mak3itsn0w,1
kobegotlove,1
Roughnecknine0,2
N3xrad,35
ThatOneBullet,1
Hastati,2
aircraft999,5
Flabawoogl,1
CARDTRICKSTER,1
luigiboard,1
Kuhzmos,4
ckleino39,1
Alexithymia,6
Huhoto,10
DrDeath666,2
RayFinkleO5,8
myhomeaccountisporn,9
jasonofcompsci,3
RyGuy997,2
SkyrimDovahkiin,3
Kezz94,3
TheShorterBus,9
SoDamnSuave,2
RiseToGrace19,1
nessinn,10
packersfan8512,1
mmiller2023,20
brokenexile,3
Euclidismybro,2
Noke_swog,6
TheChosenOne127,1
mnmsyellow,13
Epicaricantic,1
SuperDeni,18
jhgfx,4
Foofoojack,2
Kierenblade,1
nirvanachaser1,1
CalicoJackRackam,1
slinky317,2
Joshuwa93,1
JonWood007,11
liafcipe9000,5
rodinj,1
Crazybonbon,1
Legion3,3
bl4denl,2
r2deetard,2
Dirker27,1
OnyxEcho,1
Ashratt,6
Jimothy343,2
xtali007,3
DanDanDanDaMan,2
Bassch,4
Beardsli,1
CALEBr16,1
bigboss2014,1
pm_me_ur_underboob,4
zzzxxcxxzzz,11
craftsman1325,4
sclexgs300,4
littlegolferboy,12
redletterday94,3
blackrock215,1
maple_leafs182,3
FreedomSax,1
ZacHaggard,4
XaenexSales,4
popsu,2
Riddy89,5
megustareddito,3
unforgiven91,9
MistaHiggins,32
Newsmartlobster,1
LukeNeverShaves,1
subwaymonster,2
SevenSixTwoX51,6
V170_,1
Skilsdapkilz,3
Asaroki,2
Blackspur,7
antwilliams89,61
Dr_Zoidberg_MD,2
gonnacreep467,2
robertr337,1
im_buhwheat,25
SirBuckeye,2
boothroyd917,4
0xDFCF3EAD,3
ambientmf,1
k3v1n_1017,3
Bloodhit,3
knighted_farmer,8
RaZrDJRitzel,23
Highwayman,1
the_ienumerable,1
BigFudgeMMA,2
ALopez1551,4
burningfight,13
XZlayeD,4
WonderMouse,31
zootia,2
aclose78,37
Brandonspikes,6
Chelsea_Grin,7
UnderTucker,1
Rifta21,1
moordrums,12
JesusSwag,2
fuseplays,3
NESTart,9
ilkimys,3
Generator83,1
rocketmormon,1
Wednesdae9,6
cptki112noobs,12
SquidManHero,2
zixed01,3
JeremyKlown,9
OMGWTFBBQPIZZA,1
Joker303,1
Red_Lewi,3
sjmorrow,2
schmintendo,5
Kaladinar,1
Sherbniz,1
youguysgonnamakeout,18
nomis4451,1
HollisFenner,2
corkyknightrider,1
oldnan69,3
nightpilot,1
DrexelDragon93,5
JuggernautClass,19
heartbloodline,4
pplanet,4
factorblue,5
fisharr,4
zipline3496,1
DansSpamJavelin,5
HazardousPie,3
Firetripper,2
GoReadEmerson,1
Master-Baytor,1
Siminivitch,2
ProcrastinatorAJC,2
marchilli,1
cor3adept,1
cheelos,3
broink,5
Polarion,2
MaxDPS,4
KnightModern,11
orochislayer,2
mjselvig,12
RIPN1995,1
ConradBuff,2
firefly_12,2
w0ss4g3,4
wow_muchskills,3
Meninx,1
userrr3,2
Jaska95,5
danikhem,3
Black_Monkey,1
BiGSTaN,6
FurryUrchin,1
xzenocrimzie,45
Flying_Moo,5
ohlookahipster,3
trustyouredges,1
Yourbasement,4
nyteryder79,1
Dreyvius,2
JustTheTipOrMore,2
CamoAnimal,4
GabeNs_Light,2
Tx3089,2
xShamrocker,12
pajamaz03,6
Jakeman52,1
IN-B4-404,1
IGG99funny,4
chuckles29,2
papapyro,5
irrelevant_moose,3
citizencooke,1
lazie4351,1
Ecuacuba,4
TheZad,1
HugePWNr,20
theEPIC-NESS,4
codeusasoft,5
GnarlyCharlieOx,2
Tormenator1,1
steinman17,1
RadioactiveTaco,6
vicktacular,2
slobbadan,4
Thats_Awkward,8
BestSanchez,4
Gamer5,1
deadhawk12,1
autolex84,3
duststormx,2
internetpizza,7
twentyeightdays,1
NotEvenClosest,9
Qu_Zach,5
Joxxii,1
Quatr0,1
Palligretar,11
Pelican451,3
InconspiciousMonkey,4
slaughterize,21
OneNineFiveOne,13
RC_5213,7
CptLars,1
hereticAUT,7
nickson187,5
ThrowingBos,4
thellios,3
thegame3202,2
rsmnemisis5,7
analpooptits,5
klorptar,2
Ola_Harrymaster,16
Tjalle60,9
BrianFantana-DP,1
xDavemon,3
Kalteras,3
Scottfra,8
diaperedshotaboy,1
Jake-,2
AyeGee,5
uapyro,4
The_Malhavoc,17
Sma11ey,8
TheMightySnorlaxHD,1
doubl0ony,1
duckgrapes,6
Bubbapillz,1
Yoxinator,2
CodeineCthulhu,8
ChiefBigTits,3
hobbes2424,2
rockstarking,2
StarkUK,1
efxhoy,9
old13,1
found_in_the_alps,1
prowler707,2
wafflegoose,13
avking,7
Dent7777,3
Crotaluss,4
KSammabis,17
kidwithhelmet,1
Could_Care_Corrector,4
oberhamsi,7
Brandyn69,8
IdRatherBeLurking,3
Ortega_King,10
bobinstien,1
Moerkbak,27
AuntKay,1
colonpal,4
blanks56,2
pizzaguy4378,5
Hampamatta,1
OpinionGuy,5
MeLeGusta,2
kittensngravy,7
Dragonmind,3
RhustyFrags,6
valdamax,1
kevlo,2
HanJammer,5
JimGill,1
A_Giant_midget,5
Puswah_Fizart,8
satanlicker,4
Durien9,1
DiGi91,4
HoratioRastapopulous,1
TNT1992,1
nilfbosh,4
Sillylikeagoose,1
spectre1alpha,3
edisleado,15
two_xjs,19
leadfarmer153,1
TonyCubed,25
NotEthosLab,1
borba72,1
angingrich,2
wiggle987,10
Karyoga,2
BaumTheFeljoy,2
mintberrycoon,2
47h315m,2
StretchRhys,5
xebius,9
nickmv5,2
Kholdie,1
Not_a_Templar,2
Crackfigure,1
elektritekt,1
awnful24x7,1
CapeBretonBeh,4
Jon76,3
Valkyrie743,3
MittensTheAlpaca,1
TheRealGaycob,6
StarvingGameDev,3
eib,18
NhcNymo,6
ralphwho,4
IAmTheLaw070,1
Andergard,1
TangoTeaTime,4
FMM08,2
ashutos1997,1
MueR,1
L3xLuth,5
something_anonymouss,4
Helios747,8
homiej420,101
sdesaulniers,4
MasterFasth,11
DeXyDeXy,10
bonifiedwalrus,1
CRomine,1
RITugrad,3
s_i_leigh,3
HONEST_MEOWING_CAT,3
Kinths,1
Protac,1
UVladBro,2
seg-fault,1
Hazdaz,3
Kaluthir,7
UnemployedYouth666,9
grimvover9000,35
tjet24,4
TransistorRhythm909,1
german103,1
Panaka,20
speelmydrink,1
brave_sir_fapsalot,1
ilikebunnycat,1
SmartestMagikarp,11
enkebabtack,2
Praaug,2
FlyingChinesePanda,3
TennisEnnis19,1
SerpentDrago,17
Mawndough,2
Bananacar24,3
Tequilla-Sunrise,1
phil-it-up,1
RearAdmiralAwesome,3
tasetase,4
Guess_Whou,3
Valkuil,1
elitegibson,1
OlRustyDusty,4
CodyWiedenbein,6
soundofvictory,3
DawnsBreaker45,7
xHaGGeNx,6
rebit1,1
LeetModule,3
KiIroywasHere,11
pattymcfly,2
SouthCoco10,2
Echo_Bravo_charlie,7
Musicftw89,3
IcySpykes,3
pryvisee,1
ilharry,1
rfbobby,3
Abraxas87,1
Yummy500,3
Marker14,7
SunSaffron,1
DynamicRabbit,1
notabedwetter,7
DC10555,1
MrMediaGuy,3
Musher88,9
Silver_Star,14
JadedSquirrel,14
BeepBoopRobo,1
bez_lightyear,13
HazmatKnight,1
thefuriousfish,4
IMakeLoveToCheese,1
Tiezzynator,2
barfingrhinos,2
TheInsignia,1
KiiWeee,6
That_Mad_Hatter,4
Normand-HaW,19
Frogtech,4
underdestruction,1
abdrone,3
SpunkingCorgi,5
theatomicme,1
MrCarver360,1
TheThrowAway1x,3
GourangaPlusPlus,4
iHakKing,10
Bigsam411,2
Shteve__,3
Thatrandomdud3,3
dimensionalvertigo,1
iplayvideogames,5
mnwild41,3
blaze413,1
Wizbomb,5
heartandseoul,3
Gaudzauw,1
turismofan1986,8
Flameninja00,8
o0BetaRay0o,3
Natanael85,1
playersfound,4
thenoneveryday,6
just_another_fanboy,15
alc0h0l_,5
The_pedo123,12
Boxey7,1
jadenmp,2
norrisn,14
roxwar,5
ReallyObvious,15
badenglishihave,16
WH1T3_T3MP35T,4
ZombiePope,5
rayyeter,3
DarthWhoDat,6
Heplinger,3
noplacelike01111111,8
F1R3STARYA,1
Agent29,2
TheShamit,1
someday_martian,2
DuzeMcnasty,8
OsmBlue,2
akaneel,5
Mael5trom,4
theajeffect,3
desertcombat06,3
Wreid23,3
JustRefleX,4
powback,14
TheRealHortnon,4
cyberzak,8
grammitt,1
Slowbro9000,5
Cheesewithmold,4
tehace,3
gir6543,3
thatbloke83,61
dubmau5,5
asspills,7
westexas_giraffe,1
llEquinox,4
Noobslayr,13
GetHypeSon,4
xAsianZombie,8
Grizzdaddy527,1
Tryneal,5
Wojtek_the_bear,1
ReiheiArai,4
mattatmac,10
wpressenstein,1
jejedeloc,2
Hemp_Effect,1
flynnmjr,2
MonkeyBR,1
Lxr200,4
MuteMouse,1
28Shadow,1
jake1260,1
Destro505,3
welcomehome777,1
OriginInsider,2
ronnyjohnsonssink,1
JakexDx,5
Se_7_eN,14
InsertSomeName,2
tenhotuisku,11
zandar_x,1
forrman17,5
ApHuX,4
diznoid,4
JOLE583,1
Legendary_Forgers,13
aangryman,1
Slimsloth,1
thatCamden,1
swapnil27,3
AShadowOnTheSun,5
PenoNation,1
soco,3
Stujelmabok,7
dejanigma,3
AllaPaul,4
x757xSnarf,1
Niedermayer14,4
fightinthefinalboss,5
Khayembii,3
EffortlessYenius,5
_white_devil,1
siqniz,2
moldypizzabagel,2
from_mike_to_jordan,1
nanoage,2
ichthys,2
some_random_noob,6
TeXasTrash,1
Burdboy96,14
hsv0505,2
thebestpostever,4
logical_outcome,5
dirtfarmingcanuck,1
rocketnz,3
FBGMadjutant,2
Yosinuke,7
zeazzz,1
CuriousRogers,2
RambonctiousTortoise,6
CarCrashPregnancy,1
Prof_Pwnage,1
Basuru,1
LilTrout,1
vbm,1
vypergts,5
broken_radio,1
WearingPurple,1
random_sTp,1
Brodyd2,1
Enjoiissweet,4
Johnny_Yukon,4
JTsyo,5
Hail_Zeus,4
brandoshido,1
ChuckTupper,5
vapulate,2
Sweetmilk_,1
laterterror,6
cccmini96,3
Basecamp88,2
Nikolai_Blak,22
JFro17,3
The0Great0Nuke,1
jaja1948,3
fashric,28
ALegitPhoenix,2
claio,1
Shippuudenfreak,12
ArisesSpontaneously,4
surfskimsnow,1
Shrederrr,2
Helgrave,3
mrpoodles11,3
joe_canadian,5
Fantasmorto,1
evrydayzawrkday,2
DementedMedic,1
junjah,1
Nyan_Scout,1
Mach5Stealthz,8
Riekopo,6
iamNebula,10
whitesammy,41
_schimmi_,24
ThalVerscholen,11
Kataou,6
Pro4TLZZ,12
ricardorea7,2
krazykoo,1
rlip,3
Crosbyoz87,1
MachoMuffin,15
mrbrick,1
dimgl,10
DalekZero,2
I_Rarely_Downvote,3
volitester,4
minc727,1
r0lil,1
mooseroast,2
nussbuster,1
_dankkuu,4
CFAinPEI,3
Onlyadirector,3
sweet_nightmares,19
Radical_Alpaca,1
KALASH69,5
inthesupernovashadow,3
YungFelluh,8
dakesy,2
Visionairy,3
tifached,13
theeabstrvct,1
vyralmonkey,1
buttsalt14,19
ayures,2
Kayakular,1
SketchGoatee,1
slayzakattack,6
phayze01,3
V4nill4Thunder,1
jspare22,1
Clavis_Apocalypticae,5
garak1213,1
EightRoper,3
Swompy,1
sheenrox82,2
Khatib,6
DieselPower8,5
ComplexChristian,3
CaptainBallz,6
deeteeohbee,3
boogiepopcaos,1
FakeRacer,2
Snaketicus93,6
Skutch05,7
BoringCode,15
politicaleft,14
XKMLP,5
b0bl00i,1
Janus67,1
OnPluto22,2
momentslove,13
mrv3,1
TylerTheMLGPro,1
4evar,3
papa_bear_uk,3
K0NFUSION,3
Anabsol,4
I_love_Hopslam,5
CamClown,6
jinreeko,1
takerone,4
chumjumper,1
Arketec,3
YoureNotClever,3
Arminas,2
smalls1652,3
Beagle_Lover,3
OggleWhump,5
Mswati,4
Eswnan,4
Mankiller478,2
pLace-SpK,1
Structuredanarchy,2
unbannable9412,11
ColonelCupkake,5
ehngage,3
jlouissaint,3
TheYoungLiar,1
soliptik2,2
Brigante87,6
Slyons89,34
TheBanx,1
DamarisKitten,1
AdmiralFacepalm,5
MasterJuanB,3
B9mpact,3
Retarded_Scientist,2
mclen,1
Dirty_Mike_n_da_Boyz,1
Tr1nity,1
EpicPenguins,3
goingbananas44,15
firefighter3a14,1
thetrelix,1
maxi1796,1
anubgek,1
01111000x,3
Droids_Rule,1
DoctorJay18,1
Fmedic,5
jayp983,1
secretgspot,1
Steve_OH,3
xBlackbiird,1
canadianjeans,30
00S3,4
NotNotPerfect,1
simplebeats,1
roachbox,28
iamhephzibah,1
Pancakewagon26,4
UK-Redditor,18
oceansofcake,1
sops-sierra-19,16
OkamiKnuX,2
firekil,8
mwad,16
MarkHawkCam,3
Secret_of_Mana,9
Happinesquik,8
Touchmagic,1
Bigeye135,3
bryantpa,4
GabrielBonilla,2
notttheface,1
xiqat,19
wigznet,1
StayBoldSon,7
benjikenji2,15
hobophobe42,1
Flootershay,1
ShadowRam,20
SHDW_Derp,2
MrKwint,6
Madkat124,1
JezeeyOfAA,3
foxh8er,5
Maverik45,2
leejoness,3
AmazingFlightLizard,1
magaman,4
dmft91,24
isthataturtle,1
morbidmonday,1
Ziaeon,7
ICSJack_,1
salamito,1
poodiggah,1
callito,25
DaJeroen,12
kesawulf,3
dankfloyd,2
FluffyMoomin,3
Sedorner,11
3RDRANGER,3
Sykezx,1
Elrment1,7
mitchell209,2
This_user_name,2
andey,4
oneshot323,2
Don_Shrewd,2
Zarpar,1
alteisen_riese,1
ammarii,2
shuckks,1
nicnastysauce,4
thebluegod,1
Infinitysz,2
zag1024,1
Teh_Potato,4
idoneit2x,6
ELITExKILLER,1
Commisar,78
Delavonboy12,3
Roadkill593,3
TheEdThing,11
TBurback,21
MinionRay,1
ford_racer,5
cftvgybhu,20
XaajR,4
ConnivingSpoon,7
ZeebZa,2
theshadowfax,2
MyLittleGecko28,6
sebflippers,3
iiCUBED,8
ThisIsMcTv,1
DarkVadek,3
puggleparty,3
R8R_,1
ejse2,5
PTFOholland,46
ApatheticAbsurdist,19
MakeshiftMakeshift,3
thumpymcwiggles,4
brinkofhumor,3
Lurch185,1
PCGAMIMGSUX,28
Wallaholm,2
Trollscull,1
Hanjobsolo1,1
walruskingofsweden,7
Rekpar3,3
ninjaboiz,10
hoorayforblood,1
FuckKendorsGetMoney,3
thedeathmachine,1
Amptek,2
ledfoot07work,9
mezz11,1
truent0r,1
llsektorll,4
ThyEzekiel,4
shotz_of_legend,2
mojave955,6
ShavedAp3,5
StealthySchmitty,1
oriax9,3
ScaryPopcorn,1
readyou,5
tlatoani_ER,6
MasterRacePotato,2
Spratster,9
gandalf123,2
hannyyjj,2
Tanya3,11
holysnikey,1
iExplicit,2
James_099,3
Turnstylez,1
AMERICANFUNK,6
Luna-industries,10
WaddleWaddleMofo,3
PapaBird,6
WV_Matsui,10
ZeroPaladn,1
UhhNegative,4
Get_Soggy,4
ITGuy420,6
heaverbill,18
HellaFella420,31
RonaldTheRight,1
imjax,1
Mavamaarten,5
Lord_Muffin,2
hyperduc,9
Ajani927,1
The_Munz,1
Vorrez,17
immawin55,20
gorilla_panic_,4
StupidCarrot,1
frank26080115,1
DrMik,7
Abacap,2
MagicSG1,3
NAVD,6
SpiderThor,1
fawbuck,6
tubeninja,20
XpsGamingGurus,3
sparatan117,7
BobStraitFTW,2
EX1LEDFPS,1
fwambo42,1
Teusa,5
drax117,1
RenFerd,2
Thugzz_Bunny,2
Trikzbowii,1
MyUsernameIs_,3
rtnal90,6
Laxman13,2
Jaliee,3
eYe-ris,12
Bigkefjee,25
EniReddit,1
labrador_deciever,1
KillerCh33z,4
cynicalelectron,2
JakeGiovanni,1
zpzapper,5
Gary_Burke,6
qwertyuiop357,11
nosoupforyou2116,2
youraveragewhitebro,1
Shyyyster,3
LeBraveryLe,1
Verapamil123,6
NickTheStar,2
Praeshock,1
FrothyOmen,3
Lovvi,1
SvartAnka,4
rhamphol30n,1
ZeTian,3
PeruvianSkies,2
MadchiefHU,2
j3nk1ns,18
Windtalk3r,8
Gaaaarrrryy,17
HairlessSasquatch,2
MapleSyrupJunkie,7
OrnateCocoapuff,1
Rooksey,2
Korvmojj,1
ghostdigga,6
Launchy21,2
ollyhondro,1
grumblebear42,1
bomberupyabunghole,3
Supernova24,1
RedonYellow,3
D3adOnArrival,2
Blackhand424,1
teefletch,3
Sorryyournotawinner,1
wtf_apostrophe,3
Oh_d4yum,1
MescudiReidYT,28
iNoToRi0uS,14
TheBeefClick,1
MythicGamingSquad,2
LePoro,1
MomoToyo,2
yourmindin3D,9
MrEclipse207,3
TheEvilGingivitis,1
posam,7
mercury187,4
thoon,1
Stiernspetz,2
Thatguysmart,3
Nomnom_downvotes,44
itzskillet,3
KweefCookie,20
DeyCallMeTEEZY,7
raymurda,6
MyNutsin1080p,1
RoaringSilence,6
nflhomeboy86,1
Subz3ro_13,10
perfectshot29,2
FreedomSoftware,9
juggalo122390,4
Larsvegas426,6
aywwts4,9
carpediembr,13
alltheinternetpoints,1
craylash,23
eclypse,4
MOAR_cake,7
mattguy2720,3
001SpyDude,5
Appztract,2
nfuncannon,2
yak_rider,3
b00gymonster1,3
Yoyuyi999,7
Narwhail0r,7
KamaalLaws,2
ryandel,3
ThxBungie,1
LukyNumbrKevin,3
Graphic-J,5
dancingnancies93,3
RomanSmackfest,1
comonomic,69
GoldMagikarp,2
frohat,1
xtexas,12
alllen,2
awesomeo_5000,14
rofflemow,2
bgat79,21
colossalwaffles,38
yelkca,3
Imbillpardy,4
Casparmartin01,3
lookalive07,13
UncleTrapspringer,1
havestronaut,1
TirelessElk5,3
WhosWhosWho,6
Hidesquadron1,3
rhrealism,1
Meshblorg,12
bromp000,2
culbyjack,1
Norwegianguyy,5
Hunter1207,23
Au_Is_Heavy,1
Redline_BRAIN,2
StevetheHawk,3
davexeno,1
SummerMango,34
NayOfThunder,8
akalaM,3
Ninjamufnman,1
TheTeeBone,11
scorchedweenus,1
neuronoise,1
J-CAMPS,3
Ken_the_epic,6
omaomaoma,3
Snoken,2
jaja1991,2
S1endy,2
stormer1092,3
mlnjd,2
WMMeckler,1
chains-,4
Kuiper,4
nissen1502,4
jermh,1
GamersFromHell,5
AtlasAtlasAtlas,4
Plopfish,3
snoogins355,5
jft642,5
Tomahol,4
sandermand,3
Ebut2782,4
ardorseraphim,1
sirfernandez,3
chino_planewrec,5
appleman94,2
Tasteh,2
deletedLink,2
tsHavok,2
IzzyBlues,3
Nzash,3
iamNOYK,1
smeghead3130,1
natesbox,2
calloustreble,6
DanceswWolves,2
Spuka,1
Russ8930,2
RepTecc,4
Alex_Corsaro,3
gensolo,12
ThyPandaWarrior,2
Octocamo,1
AFormidableContender,9
mkivsuptt,3
I_HAVE_A_SEXY_BEARD,3
TawnosPrime,5
Sidewaysunicornmasta,3
boomership,5
Christian_Jake,7
Shlocky,4
Boss958,1
hadomancer,3
trippalhealicks,18
Johomy,3
zombifood,12
Roanapura,1
cjmabry,1
RoadRunnerdn,12
Doctorious,7
contriv4nce,4
miketoasty,7
Mycakedayis1111,1
Psykodamber,1
physicsofstars,4
NINJONASPT,1
Officialjake,1
rareburger,4
antny_BGB,1
LaDarkPhoenix,8
Freyaka,3
awittygamertag,6
mrobit,1
thespanningtree,3
FuneralHorse,1
cookmysock88,2
SelinaFwar,1
PS2viciado,3
asdklsdfjasdfhasdhjf,1
Nanook_o_nordeast,2
Flammable-Orphan,1
AndyOB,1
IIMaxII,3
TheOnesie,3
Quantization,8
Ouroboros_87,5
x420xNOxSCOPExBEASTx,11
Ketchupkitty,11
HeavyHDx,5
sacrilegious,2
snootyjungle,2
TOASTuh,1
ph1294,3
lemlucastle,3
riffler24,17
Zexis,8
Xer0daze,3
cjh1122,1
XxThatonekidxX,9
zaval,1
barntobebad,19
its_gingy,5
johnsheppard339,3
evil_bullet,2
Jake0oo0,2
AirwavesHD,9
MacDonsMobDolan,1
Da_hoodest_hoodrat,2
azdre,14
karmapopsicle,2
ImNotAKompjoetr,3
Flash93933,12
itsflashpoint,3
IgnoreMyName,18
MopsyWT,1
Liteheaded,1
Syrtax,6
Vengeance417,1
dieselpwr,4
vvolny,1
daten-shi,3
EnderGolem,8
RunawayGroom,3
CaptionContestGo,1
wauweli,4
LelanderOG,3
ADefaultClass,4
CptDepressing,2
amerett0,2
fedorabledoge,2
Tayark,3
Suck_Mah_Wang,1
IAmDay,2
Sheldon_couper,33
Imperion_GoG,28
FezDriver,1
LucidUkulele,2
labatomi,1
Cyonir,12
anishek_singh,1
Dweide_Schrude,2
Kelov,3
branieldanigan,8
ReVo5000,1
signalgrau,3
armedcombatexpert,2
420_BL4Z3_1T_F4GG0T,1
Tikkito,2
I_Am_Butthurt,8
soys4ucy,1
WASNITDS,3
MrBlankskull,10
a_jungle_out_there,2
hateseven,1
indigoshift,3
PDaviss,3
Jadkins15,8
fille1237,1
IsaacLightning,1
buckdiddy,2
icevin,5
bobohatsanisat,3
NormandyXF,1
soybjs,1
bigbadjesus,1
ShauNYCxxx,4
a1000mormons,6
GeneralTry,3
Romagnolo,10
willie1707,1
Cocaine-in-my-ass,2
Applay,1
D3rp3r,5
nerdz0r,7
MiStOrHoTsHoT,3
Theandhav,1
OMGWTFBBQHAXLOL,11
GamersComm,5
LtShisno,3
Griffinl16,3
jessejanderson,7
CCerta112,6
MrApollow,4
jagardaniel,5
randomguy__,1
CoffinRehersal,10
icefire1020,5
Arkalis,10
an7onio17,4
GoGoGadgetLoL,2
Kandzestah,8
jdaher,4
mbtags,1
MacShepherd,3
bhull302,4
micro23,5
PoebelTrupp,1
psycho202,38
GuavaTon,2
TheyCallMeCajun,1
mickd,1
XaenexTV,5
Kiwi_Force,4
jhogan,12
espionage101,3
SomeDirtyFool,3
kyleisawesome555,1
hamicuia,1
VJWoo555253,4
Squiizzy,3
drunken_corso,1
hungry4pie,11
shortiewaswo,2
thenewposh,1
Duex,2
Fleetofdogs,3
malachymac95,13
amin456789,2
strapt_nasty22,1
sana_khan,43
Laurence_Stanley,2
datgreenthumb,8
ClayTank,1
Alexandercitt,3
nender08,5
losyisy,3
LiamNL,1
xXxCREECHERxXx,19
SombreroSC,1
MvP-WuTangClan,9
aDevildog,9
PTSFJaeger,4
xLarkins,3
heroism777,7
_Toaster_,8
TheRejectedWolf,3
5quirrel,9
ItsOnlyUs,3
Borgoth,1
OPs_Friend,1
rs0wner301,2
frizzlework,1
arizonagamer,2
ryan_m,2
Novai,3
Chompler,1
Mediocre_Badguy,3
GMTRUCKS,1
suldigumen,3
Desmau5,1
SauerKnight,1
fletchowns,2
Sean2112,3
Haydonthegreat,3
Faceinstien,4
neromantic,1
ImanOcelot,2
ThrashReflex,8
Ehopira,1
ChrisDoom,2
tachymetre,3
ChurchDesecration,1
Yutrzenika1,21
jacobstone4,4
Champloo12,1
Prime-Legend,1
Guilty_Spark_117,3
Rajadog20,8
rangers198,3
MizzouDude,1
KoneBone,2
MisterMondayZ,1
xiaopang254,3
The_Fortune_Soul,2
MashuVariety,1
Apocalyptical,1
TheFantasticFinn,1
OG_Shadowknight,1
ghoztzz,2
RllCKY,22
8lbIceBag,1
CassMcEwan,1
jersits,4
flashvenom,3
aaronisamazing,6
Tunisi,1
frozenballz,1
MoMoe0,3
Mr_Fine,20
thebigman197,3
muntyy5,2
Eagl3ye91,1
Colonel-Chalupa,1
Bodongs,4
username,1
GoodlookingnerfherdR,106
NeultraDude,3
Fiech,10
michaelhands,1
1192,2
GalakFyarr,3
Tomkrulz28,1
FratricideV2,1
maxout2142,144
tehphred,6
xenowizard,2
Velvetfog1,1
dozeydays,1
Greyfells,7
LordHemuli,1
AmericanoWsugar,2
aAscii,15
drewan187,1
HoboJoe278,10
LeviathanTheAwesome,7
gethyped,3
dylan227,1
jayr__,1
Ferghus,1
ProfessionalNarwhal,3
Enverex,4
shrimpy99,10
Pickles17,143
SovietRaptor,3
Darkness429,2
Terroristy,2
Buddha506,1
speed7,3
Booona,1
FamousAspect,1
_Krieg,2
Bloodywanker231,3
lLazzerl,3
PM_ME_YOUR_VAGINA,3
emilk10,8
Square2398,2
Obfuscation117,2
AtticusLynch,5
conscious_pilot,1
yellowtape5,3
Hennyyy,1
rpRj,18
Dumoras,4
Zombie_Akira,3
Bsant77,1
tiggr,1
SkacikPL,8
OleToothless,5
PainH,56
Bassefrom,5
sfredd,1
J_U_D_G_E,4
Krogothian,4
rootvalue,3
wegro,11
MationMac,6
K5000,32
FiringMyLazar,4
Umbyy,2
RomanGlvac,5
confusedthrowayTES,2
FreeCollin,2
NSA_drone,1
The_Fod,6
MrOwnageQc,10
DeeJayDelicious,11
iPotatoes,7
Ryukashin99,3
jewchbag,1
I_Downvote_Dumb_Shit,1
blackbradyy,1
CoffeeNTrees,4
Babyruth003,1
Krynexx101,8
Jaggedmallard26,9
toot_,2
Crossbones18,2
Th3ChineseGuy,3
beckom2,18
Hippieboy699,11
AchilleTristram,1
keatonb87,1
Aliantha,5
firestarter18x,8
mischiefpenguin,2
BlueB52,1
mykarmadoesntmatter,1
Feenster,1
blob-dob-11,33
Magicthize,4
variable42,23
Shizznack,2
Canoneer,2
MRB0B0MB,3
ChronSyn,1
nboro94,2
redblackgreen,8
tr41t0r,2
BluPrintIE2,4
Abs0luteCha0s,3
Trainer-Grey,1
revolutionbaby,2
abusybee,1
Pancake_King,1
TheStig52,4
downtothegwound,3
rosscatherall,2
graph_paper22,3
Mumblesss,2
AdoDaYugo,5
adventur3r,4
HTRK74JR,9
ErraticFox,7
clockpie,1
jmktheloc,1
nickmista,3
SikhAndDestroy,1
Paxou,12
kmark937,5
Falawam,1
lavtxa,6
darkd3vilknight,4
geogga,3
BoonDockSaint_x,7
SameulLChang,1
DemanRisu,1
AdakaR,13
Precourser,2
modog97,3
einexile,8
3hunnabanbang,5
wojtasiq,1
ImpPilot,1
thegamesurvivor,26
EuroDucky,2
Fifty5,3
ShortFuse,2
smithdogg98,2
tballgame,2
i_like_frootloops,3
TryingToHaveGoodMood,1
El_Camino_SS,4
im_not_anthony,3
Ragnarok918,1
bleedingoutlaw28,8
h3rmanmunst3r,1
5paceheaVen,1
zero250,2
Pyrise,8
Liefx,1
DarthTyrranus,5
OSU1890,1
danpascooch,2
Alkanida,7
Foofed_,1
Xvash2,5
m3rph,1
Zaiteria,3
caramadre,2
TheDragonzord,16
julioaxel,9
someguywhom,1
JamesA91,5
warrri,1
Cr0n0,18
FHmange,2
MarcusWilson15,1
mrchicano209,1
Fakekraid,3
csr04b,6
White_Hawk,2
Flourid,2
elrobinto,4
seroevo,1
AlyxH,13
Keemerah,2
Neal1231,1
Ready4Battle,1
tubbytucker,1
Generican,1
CartManJon,1
SiansBrotherDai,2
zjin,4
sirhcisme7,3
sildar,2
Poor_Xbox_one,4
Planogamer,5
cairdazar,3
MrTra1tor,8
pizzlewizzle,13
athzar,2
Tibokio,3
iwasafish,2
Dark512,3
MappoSteezZ,1
ChuckS117,4
ZeroAnnoyance,1
fromcoasttocoast,1
OwnedU2Fast,2
Mr_Shiny,2
lokinpoikanen,8
ImmmOldGregg,1
Cutmerock,2
Tee_Hee_Wat,7
TankLeFlame,1
gingcub,1
AnDisgruntledDude,1
FrontRUSSIAN,20
Bino_culars,1
lightrefracted,3
djm1319,8
Aypolo,4
quote88,1
rLordV,1
czg1374,2
CheeseofBorg,7
Suberr,2
BJbenny,3
xzoads,1
Kaspason,1
Legolaa,30
Sgtxvortex,6
warbirdj,2
napkin_boy97,3
dreauxx,5
Haklis,2
Magstroyer,1
Helvar,2
bphill89,31
Nytrofactor,10
TheMarkieMark187,1
Badass-3600,1
MakersOnTheRocks,2
drewmoney,3
rajinwasian,1
chr155,12
erifeon,1
LukeLeiaLoveChild,9
AHSfutbol,6
aaabballo,4
ScatmanDosh,4
what_other_account,3
Curtofthehorde,2
TheGamevv,2
qazme,1
humanmunky,10
Scurvyottawa,8
tmac25,4
julvmartinez,1
MFTostitos,1
Helios_m,1
devilinblue22,7
corinthx,4
xelarate86,4
joho0,5
thelittlestewok,3
campbell13789,1
leaptheman,15
lashazior,3
scratch_043,1
DrHandBanana,8
BenRiley,2
Jsans88,1
onestonedspoon,3
Skormory,2
kingkhani,6
white909,3
DemNeurons,1
Hank_McDank,3
dotdoubledot,2
Parrisgg,2
AdmiralToaster,3
NOBLExGAMER,2
Sunny2456,4
xHonGi,3
chochenhiemer,1
bernie5690,2
Gramercy_Riffs,1
Maithiunas1171,2
JackTheJot,3
liamsteele,3
mcmanybucks,1
seab4ss,3
Dayz_me_rolling,1
-Rigel-,3
joker5527,1
AWildYoutuber,1
ScipioWarrior,7
vennox,26
tamat,8
Strung_Out_Advocate,49
Mrst33le,6
BenSmithyy,1
washington23,3
aStarving0rphan,6
C1D3,3
munsterrr,4
three60mafia,2
Alphawiesel,5
Mulle_Meck,3
Quanttek,3
mercdank420,5
Moonatx,1
digitalklepto,1
blk_and_wht,6
SmiteThyFace,17
Schnitzelmann7,3
Otters4455,4
theRagingEwok,13
WreckedAngle,1
jsquires,6
el1abel1a,13
speteke,1
thatonedude123,3
argumentinvalid,3
Monst3rr,4
Freak_Fest,1
original_pastafarian,5
RockJordan,1
poopermacho,5
uglykidjonah,2
ninjap0wz,4
I_AM_TALKING,1
Lord_Azul,2
kober,1
eMP3Danie,5
dillon62,4
LegoGuy23,3
okron1k,7
Random_Shitposter,2
Actlikeyoudontknow,1
BrianPurkiss,7
IOTI,2
this_is_not_real,1
ojee111,3
vaschenko,20
Anonymoose98,4
thekingjelly13,1
thebigblackdwarf,2
xSociety,67
DivinePotatoe,7
YouveBeenMillered,6
TheGaussianMan,5
thatpersonrobby,3
eat-KFC-all-day,1
slashtom,2
BornOnTheWrongPlanet,2
GnomeNipple,5
iTzCharmander,1
Deaqen,1
OldFreebie,1
FlyByNightt,3
alas11,1
ponnomatic,2
xadiyo,8
raffytraffy,15
lllage1000lll,1
Maticus420,1
schnp,1
l337Ninja,1
Xathian,9
davabran,10
silent_hvalross,1
IAMARobotBeepBoop,2
mab1376,9
MrFlakeOne,1
richmana,11
Rick971,15
barbaricmustard,7
HugoWeidolf,4
lightwalk,5
watsaname,4
Targ_skittle,1
Ba11in0nABudget,4
ShowALK32,2
bentke466,2
ProjectSeventy,1
MisterDiddles,8
harryhkh,4
stevefrench2112,1
Ayu25,5
nrbartman,6
Redvapes,1
EndTheBS,3
beegeepee,35
meatwaddancin,1
Lepthesr,1
IIIBlackhartIII,43
xJordy,1
pasimp44,8
geozza,6
AMidgetAndAClub,1
PStuLovesCrackk,1
nation845,9
wildkidau,4
Harmful_if_Inhaled,3
Rev_Up_Those_Reposts,5
crazyjackal,1
NummiNammi,10
TheFlyingZombe,2
skippythemoonrock,33
Rexyman,2
My_name_is_relevant,1
MetaruGiaSoriddo,5
juex,2
tr1nn3rs,2
mrjam000,2
ianhamilton__,8
Ailert,2
Raptor5150,1
BouquetofDicks,22
Monosodium_Glutamate,10
Svusoccer55,5
HardwareLust,12
cisturbance,3
SkoomaCake,1
Bleeker777,1
castle78,2
psycoskel,1
Sporkfortuna,3
TriggerHippie77,5
Hamushka11,2
gigabithk,4
buffaloboy_himmler,3
mizipzor,8
julianlau,1
Jamesl1988,1
Mh1998,1
toadslinger37,3
Superhoops006,1
Publicfalsher,1
isharemusics,3
B3ware_za,20
froppan11,2
cyberdark10,30
thehighplainsdrifter,4
bathtubfart88,6
xJakHolden,2
KyleGG,7
BubbaBeWorkin,4
Shootemout,4
MisterRoger,4
entw1ne,11
LogicalPhallacies,3
NoFNway,3
AlkaBomb,5
iCashew,1
Darkshied,7
TJ_McHoonigan,2
Morloca24,1
RadioHick,8
BlackLightBravo,3
NxE_Gamezone35,4
johnbe2,2
Biohaza,1
zirooo,3
kasual7,1
Cancerslug,1
Azuresilver,6
Rehlan,5
FalqonOne,1
-Riko,4
Jackhooks21,6
Dyslexic-Dwarf,2
Squash_the_Hunter,6
FuzzyCashew,1
NJD792,3
aradil,13
14_Quarters,3
Wolfs_Claw,1
mdp300,24
ProdigioPete,1
WeHaveFreshCookies,24
CWjedi,1
ilovecheese2,16
Chumanix,38
willandway,7
lithiun,7
a_fuckin_samsquanch,1
Saint947,8
squirrelau,2
dandrews10,1
MainCranium,16
FaerieStories,6
congerkromp,1
HayKingMose,4
thefarcus,4
DannyKII,2
joeknowswhoiam,10
Matte_BLK,3
Pashimp,3
davindo,1
XxNinjaHunterxX,2
xItzzElectric,1
Phuckers6,1
Ohmikron1,2
eliteteutonicknight,1
DrEmilioLazardo,1
iThePolice,5
violatedchimp,19
MrMpl,2
Gingerbread1611,2
imogley1234,1
EDGE515,5
Dilzo,4
lewis1337,1
Blueseeds,1
gottabreathe,4
stefankecina,1
Fat_Kilmer,4
lardbiscuits,3
10tothe24th,4
thisisdjjjjjjjjjj,1
Stegwah,1
SickoJay,2
tslapshot,1
reedpca1,6
RyubosJ,1
ClutchHunter,25
KITTvsKARR,18
Daniel0913,3
Geicojacob,1
KomankK,1
TheEave,5
gigahertz_,7
MasterBetti,1
TheRealPatBoyle,1
IVRings,3
fear_nothin,2
Sensual_Sandwich,1
WildBilll33t,50
PinsNneedles,6
Black_Gotenks,3
xDish,7
Ellisdezno,3
SODMGxCKY,3
snipsnapdragon,4
POWERED_BY_WHALE_OIL,11
joerlegacy,8
internet_man_415,19
Not_trolling_or_am_I,33
Dunstark,1
Holeysox,12
mortenj,2
deadmau5312,1
hopper325,8
HyAcey,5
binkpits,17
thissiteisbroken,2
__ADAM__,3
Ridiculum,1
Ambarenya,10
Nimmock,10
Latenius,2
Gonzeau,3
Thesexymanfrommars,14
tirens,4
MudBug9000,1
vaGrr,12
iWannaNuhh,3
eckamon,6
Leftys-Wheelchair,1
Swankie,4
imadeapic,2
Josh_ftw,3
UnbidBark8,1
PixelDrums,3
JoeSeppey,2
Ruin4r,2
TheCaptainOats,3
DCBizzle,9
gus2155,3
Pvt_FlamingRage,1
squished_frog,1
DemonIced,8
Problematique_,3
atl2rva,11
DevAnima,1
Calluumm,8
Protector_MKII,2
bakerman92,6
LordChilliwiggles,1
Smitty_manjensen,4
ReekuMF,1
JamsteRz,4
awesomestloki,1
potrg801,3
pepejovi,6
enZedd,2
NickMotionless,5
login777,1
nero4983,5
Waff1es,10
Ernie013,1
BenDeGarcon,1
dskou7,3
Bflatsharpeleven,3
SilentExecute,1
slayer117jrp,5
iihockeydangler,2
L4NGOS,30
youmeandeigrp,7
mattijs-v,5
MachoDagger,9
tuckc13,1
Remny,60
TheEpicJewFro,1
Honored_Bushido,3
PotatoRoll,7
DRDS1,10
A_Goon,5
flammable,40
darkblah,2
prokyor,2
why_is_stuff,6
Hurricane043,1
Ev1L4oBG,1
V1man,1
YeeHawk,3
MMIRG,1
Veetor,4
SOSyourself,1
Hk37,2
Pyloink,9
PhantomStranger,1
btcalmanach,5
theONE9559,4
chibewa,7
arteezer,5
xt1nct,2
bergstromm,4
Baconaise,6
church_desecration,3
ELSPEEDOBANDITO,5
soulside86,1
Praseve,1
BWSullivan11,1
MoreWhiskeyPls,5
CheeseWillEatUs,2
Leyshin,3
MetalMeltdown,9
masoe,13
Deagle2123,1
krum6678,4
stevej,1
mercuryarms,1
VashStampede222,6
superchibisan2,6
completely_blind,6
SentienceIssues,5
SKIIFONIX,1
WhiteStripesWS6,13
Fifth_Angel,6
clownshoes69,6
Zanarchy,3
nosedgdigger,19
hairydiablo132,1
KillerGorilla,2
ZachSka87,26
nate1414,3
twizzlebizzle21,2
tajjet,1
Hydroswhat,1
Thehan47,3
applejuic3,2
kpcahill,3
Daved400,2
Soldier-2Point0,6
The_Amazing_Shlong,1
wh173,36
--CAT--,4
IndynatorFTW,6
aooga12,6
therealundeadpixels,1
saintcazorla,1
pooky206,1
Opsatcat,1
SonOfSpades,1
HalidYusein,6
Sniper4747,1
DauntingIllusions,1
FooBear408,3
alsdjkhf,1
Aero06,1
ringadu,10
xcitu,11
Corbanis_Maximus,7
FalloutRip,3
Yodasoja,4
questionwho,2
spongubabu,3
kuuttis,13
Kinmar,1
ThatAngryGnome,34
pktgumby,12
Bokitoman,2
SlyFox28,7
SetYourGoals,7
TzeGoblingher,3
AdiDii,1
DiabolusBR,2
DopeyMcSnopey,1
DFAViper,1
UnseenUniversity,5
cm141,3
Every_Name_Is_Tak3n,11
catsarefriends,1
XxShnukexX,1
Sharky3188,6
sohks,1
Fiesty43,1
Cgb591rocks,9
NotSoWeird,1
PcGamer85,1
MasterLubbock,11
knnz,3
Snow--,3
bobloblawdds,3
Reachground,4
unr3a1r00t,2
ryancfcmkdf1,3
emjoty,5
MeepZero,1
Fahs,3
mwjk13,1
elgrandesombrero,1
brokenmicrowave,1
Cupcakes_n_Hacksaws,8
nathan123483,2
Sekter89,1
stubbsdude,4
CrazyLeprechaun,3
Daffan,8
tdaun,3
UsaRoxAll,7
daays,1
i_dont_sneeze,1
DamagedHells,1
Formerfury4,4
loveandmonsters,1
Calquon,2
ThisGameIDislike,3
parkdog15,2
dorkoftheeast,3
BhutJolokia_,1
Susp,2
figglyy,4
fiqar,1
quietstormx1,5
rallosdrake,8
AlecLosch,4
htilonom,3
GassyPanda,1
Koast-,1
GoldenGangsta66,2
BlackDeath3,31
xXHardKoreXx,1
iLurk_4ever,8
itsJonDent,3
NeoZatan,5
kanoradoking,1
Baconbeard111,2
McCarsy,1
Glaphen,1
rato55,1
Tirare,7
NoWhiteLight,1
Dangalangman,1
Nemlet,1
JimTokle,2
ChongoFuck,2
YuvalR99,1
UTchamp,1
Lag-Switch,25
ProductiveVeteran,2
daionnis,1
MakinDessert,5
ultrasargent,1
downtownwatts,2
scunaz,2
WubWubTub,1
kelby810,6
DirtySpace,8
JayKayGray,43
Claidheamh_Righ,1
AdmiralAntilles,3
Krolman,1
Mathemedic,1
jaffa1987,4
CynicalYoungster,3
Boondoxed,3
TheNedders,3
DrShotty,6
a_posh_trophy,64
chozenone54,1
benjamincharles,3
ARSEThunder,2
alkenrinnstet,2
EchoX860,2
MaxTheMidget,6
FillitUpAgain,2
AustoRoboto,5
Pissedoffbuddha,7
Wafflecopter77,41
chabed,21
rudigha,1
SelloutRealBig,12
Fuzk,5
GHOSTRHAGE,2
LordBoobington,4
gotmilk4,6
loloasdfasdf,3
stinkskc,1
puffin_trees,4
skulledredditor,5
MrTrism,3
Sweatshopkid,2
slick3333,4
TheReaIOG,3
XTA,1
elmo4907,2
lukacosicnz,1
xDex_,2
AgentWashingtub1,4
10InchErection,4
lookatmyfangs,8
happytimmy123,3
ghuldorgrey,1
MayderX,1
Grilled_Bear,3
PlatinumDaikenki,1
TurtleParplaxis,1
advan84,1
KiloChild,10
BeardlessJesusSwag,1
SilentLikeAPuma,1
Looj_ee,4
hawkwindnz,1
SirSimchip,3
ghost576,1
bogenobo,1
TheRealSpecOps,8
ls3095,11
TheSolomonGrundy,4
DriftCatchers,1
giraffebacon,3
bausl,1
redelic,3
pher0,3
TheMrPantsTaco,3
QuatroDoesGood,3
JJUUMM,1
sgtwonka,1
imfreepizza,8
candlecapfuck,5
DrewBlast,13
thisonetimeonreddit,3
ipodtouch111,4
koalamaula,4
_noitnemretsim,4
Siannath,1
JBLikesHeavyMetal,3
Kung-FuCaribou,3
Playwox,1
DreadLikeARasta,1
mashed__potaters,2
rawr_dinosaur,6
AntiTheory,12
spodersweg,4
JPHA13,4
abcdariu,4
0dmeth,1
waxmycrax,6
MyCatBandit,12
Colt4587,3
Hunterofgunmen,10
Anne__Arky,1
Bennemans360,3
luftwaffle0,23
Trebek007,7
MajorMesser,1
BrightBurner,12
Cooliob123,1
tommo_95,1
LolliePopKing,3
swedishpsycho,8
PorterJustice95,1
BatmanHimself,3
JamboFFC,3
LiberalEqualsWin,12
jmurrell,2
aklicol,1
spekulol,1
TheNobleCasserole,40
Alphadude007,1
bredy087,1
SovietPootis,51
Ewalk,1
LegateAugustus,1
DasWeasel,3
rawrslol,1
supermutant36,7
DiscDres,14
lollydaggle,3
Abaddong,2
dap300,4
shizimon,3
BigJerd886,3
GraveD1sdain,1
Dlpcoc,4
Ju3t1n,4
TheCovertCamper,1
Benskien,1
Daring86,1
starduks,7
TouchMyDinger,1
Snakesicle,7
Aznkiller,3
caimen,2
The_Original_Copy,3
ChiefGraypaw,2
BlackLightzHD,3
clf92,1
krex_,4
FullNuclearBreakfast,4
imonfireahh,11
jojojoy,1
ARabidMonkee,2
Will_Im_Not,11
Ryukk,1
EternalGymNoob,1
rad0909,1
doombunny0,6
me2224,28
AndyLuckyShot,1
RunningMoto,9
SeKomentaja,9
snipesalot0,4
SoulGravity,1
hilltopper06,6
teh_bakedpotato,3
soccernamlak,4
baddada77,19
DisgracedCubFan,4
marcosro,5
MarcOfDeath,1
modernsaint,1
echowon,3
TheBadDingo,4
-Oberlander,1
SwiftBacon,7
Lazdaa,2
konalo808,1
adamyounggames,1
Notorious96,1
SnewpDoge,1
faelun,17
Misaiato,1
hindey19,16
ThatCorsicanOgre,1
Graftonious,8
iTipFedoras,1
Javelin901,1
Jekay,8
Zaucy,3
Alex4Gold,5
Revjym,12
Nutty_Nadim,2
aaronthetaylor,5
ASleepingMonkey,11
kaydub88,18
euronate,7
Ninjahavekk,2
c86greyWARDEN,3
Envoke,1
BattlefieldVietnam,1
Jacob3443,10
EpicTaco9901,4
iSpeezy,1
WTFisFTWbackwards,1
DillDeer,53
Powersawer,7
Faps_With_Fury,1
gelroller,2
Luke_starkiller34,3
plspirit,10
katanaking90210,1
tkornfeld,1
PZMQ,4
ProfessorBort,3
ddDeath_666,7
poqo1,1
MinimalRM,1
Jaffa81,5
NazYeCole,1
rokerroker45,2
mestguy182,4
titsmcgee852,4
OrangePhantom20,4
DuHasst123,1
Maschinengewehr,3
dontdonk,15
KinoTheMystic,3
Faze_Pamaj,11
SrsJoe,1
pantsoff,2
bmike909,7
IronOxide42,14
Soylent_Hero,2
5uspect,49
gustebeast,7
EuphoriaII,3
Major_Kalu,9
sdrawkcabsemanympleh,3
mightymudkip,1
afkreddit,6
s4int7,4
RocketHopper,1
awkward_leBONEse_guy,3
Pak-O,5
OilyBobbyFl4y,1
LeSpy97,1
Rakirs,3
Andaeros,1
Tracula,10
SillyInternet,9
daskro,3
yeastyporpoise,3
roboroller,12
Gabenberg,1
daddydicklooker,1
CreamyLeemur,1
HugoStigglitzs,1
Tradde,2
mechanical_animal,6
Soshu,3
GorillonDollars,12
Typical_Stranger,2
ZenZibbeh,20
EverExpanding,1
NSAseesU,2
ShadowNick,1
ChronicJewbacca,7
RevelationHD,4
spiralout154,4
Plonkey,2
fredwilsonn,1
MarcellussWallace,3
Lozerboy,4
yomamalovesme,1
TARDISboy,7
dovamedic,2
Rflkt,3
hermyherm6,5
dsnightops,2
waznpride,4
philter,6
buzz0309,5
Gera-,15
Shr1k3,1
Phoenix_21,4
raphanum,1
BlinKNZ,2
3doggg,1
SUTHbeats,3
nightwayne,4
superphotonerd,9
Killerzen75,1
WalterMatthau,5
ragincajun32,12
TehScout,2
surendarag,5
Doctor_Fritz,7
ArcadeJack,2
filipefumaux,2
Mithster18,28
President_of_Nigeria,5
by_a_pyre_light,33
TylerLFCLewis,3
majordookie,1
halliganbeer,3
PugwithClass,1
mundox,1
cptcrunch97,4
VixAxiom,18
z0mBiEs23,7
Annies_Boobs,10
PepperBelly01,1
sonuyos,1
XGX787,2
LongBowNL,11
ajcoll5,9
luxuryCoffinsINC,4
JVXtreme,3
Genjibre,8
koesie10,1
TheHighestGiraffe,4
Maticus,1
Rebelpride1,3
Cocoa_Cola,2
finicky_muse,2
SackBlade,1
ttgtl,1
jayrs97,1
NobodyAtAllEver,10
j-clay,1
CCondell,1
Chris559,1
Bahboshka,3
music_or_death,6
Buzzbrad,3
Criff713,2
devedander,43
Legogeek14,1
schlechtums,1
death2rum,1
B_Boss,3
HappyBeard1,1
rocketmutt,1
AbsolutePwnage,8
TheJon93,1
JC713,29
ANEPICLIE,1
WendysOrBust,3
elusive_one,5
3lu,8
NQG_Phoenix,21
BlckMrkt,40
TimmyTwoDicks,4
NsRhea,7
Miniexadoor,1
Bubbez,3
jdiggydogg2003,1
slynas,1
lietome1818,4
Sparkss,3
VanBagel,1
Numb3rOn3Gun,3
TheLolWhatsAUsername,13
fanboyhunter,13
sharper4221,1
EverythingVoluntary,2
gensix,4
PM_ME_WEIRD_TITS,8
Brian_Obrien,10
JoePatrick1,3
fogoticus,5
Backdoor_Dumbledore,1
Damarusxp,1
thisisalamename,2
thewookie34,12
HStarbucks,2
nahfoo,1
waxrock,1
f22raptor272,29
twoscotsmen,3
TheNetcodeKiller,6
spoon_master,5
Ecko09,9
leeroy_battleborn,1
racerx52,2
say_whaaaaat,1
MIDItheKID,5
StevenH463,1
bigerikbaby,10
mblmg,1
A_Hard_Goodbye,3
axeupon,11
SKreapergaming,15
AxeManActual,14
alveoli1,16
PM_ME_YOUR_COCK_,3
JustinJNB,3
ChemicalHawk,1
Fortains,2
Homie_Harrison,1
iiMeGrimlockii,3
Olakola,3
redtracer,2
Aks1993,1
cadaverco,9
whtge8,2
NoUsernameMan,6
Gladious_X,7
venom02,2
jlw42,15
Vectile,3
kn0ck,1
Eurospective,4
MagnusEvo,4
Fonzy02,1
Davidrawr,4
senor_el_tostado,2
lcourage,6
dwp0008,5
GGPong1337,4
Yodamanjaro,2
StaggerLee47,1
PhysicsIsMyBitch,1
SneakyDragon,1
heckler82,1
Kalamary,8
bnuts77,1
nickateen,7
AlbertFishIsMyIdol,2
dcfc1016,1
ImAreoHotah,6
kmi187,3
TotalTonix,3
Orangenbluefish,5
MENTALUNICORN11,12
camper182,1
DT8,4
MikeHenry,2
kerp1995,1
lexoh,2
A1steaksa,1
Xephrey,1
dmk2008,3
LifeBiggestTroll,9
PhilisJesus94,6
p4ncho,1
mcmelonhead,6
StingraysRfun,2
Banging_Tramps,2
Seth_The_Wizard,2
pvtjace,7
FLHKE,3
crash7800,8
ofimmsl,1
HeLL-HoRZe,8
TripleThreat6,2
Chispy,6
fractureclinic,8
ZiPP3R,5
KingPromethus,1
bozzie_,7
Coldbaconannihilator,5
MattDeee,1
Spazz502,20
Paddington_the_Bear,1
avalidname,1
ImTheReal_TuongLuKim,19
kungfo0,5
BloodAndBeer,7
mano521,1
ck95pt,1
IsaacLean,1
Breakpoint,4
cocochito,14
zestybaby,4
cmnd_joe,1
TheMightyCanOpener,10
New_Y0rker,1
awdafggafdaf,4
pbody245,1
Hibble_hobble,4
MemorableC,1
indrct,1
yllusgaming,28
beautosoichi,2
kahoona,13
TheMasterZach,1
rhyswithgravy,6
Kascel1,1
Konshu,10
DesertPunked,3
bobdylan401,2
frakamachaka,1
Ancisace,3
traycheff,3
ryano_manu,4
Georgeasaurusrex,8
SauerkrautandBeans,1
Ithe_GuardiansI,9
hobbi,2
The_Fluffy_Walrus,3
mangostache,2
iQueQq,9
jmailangi,7
PrincessCeleste,2
Zeek001,2
wombatcombat11,1
raidecenter,1
Five5ign,1
lumpeh,6
Sfenik,2
Gholie,2
defheels,3
rjdunlap,10
Rendolandicated,2
jameschriss,7
apache1324,2
FireBurstRazorBack,11
AriesK47,1
elitegamerbros,4
smittywjmj,8
icebear518,2
KizzaGaming,5
hassanmbashir,2
SpartanBizarre,6
anticommon,2
Pregnant_Bill_Cosby,3
Jindouz,1
Icomefromb,12
CBalls,1
Damen57,1
EzioCroft,3
Rage_in_Theory,4
DeinKuehlschrank,20
tkoxbryceharper,1
akossss91,1
Waynexx,2
solipsism82,8
Gaming2entertain,5
mitchman1266,4
OrangeShallPrevail,3
TheGInsider,18
GambitGamer,3
Pietsu2,6
Inji,63
GamleDK,1
cpttravis,2
rdp777,10
ThePeculiarPyro,7
recombination,28
stupidbookah,1
DeKiller,11
grandmagates,4
erage2772,2
bobster00001,1
b00gerbrains,1
Mr_Barack_Obama,3
somelazyguysitting,8
shocksim,3
krak3n_,9
tracenator03,2
DOMIPS,4
ateam55,3
slightlygoodbye,2
gimpyjosh,3
Masterofdisguise333,1
SquirrelsDance,1
dwadefan45,1
Pfunk39,1
Seriously_Short,1
yimrsg,1
Inv4der_x_Zimm,2
Ilikeyoubignose,4
MasterCharlz,1
mpstmvox,4
tweeto23,1
Prydee-,3
MstrBlonde,1
djkevgar,1
notimeforname,27
Appexxd,1
SpectreAct,5
KignofDiggins,3
hunterprime66,4
Xoaa,3
Raydonman,1
CryHav0c,5
BarfingRainbows1,20
KiloDoubleMike,4
TimStevensEng,2
Theoneblackguy10,1
NSD2327,38
GuyBanks,4
knyghtmare,11
TopCat902,1
Sparky600,3
Camari407,11
Razon,1
samuelk1,1
Darcyoss,1
moosehairunderwear,9
mhoxsey,3
Ninebythreeinch,2
Likeahawkpro,1
PerfectAgent64,3
UserDrew,1
EAisGarbage,8
evolvish,9
TardisBlu,1
0xDE1337,1
Calvinatorr,4
ClavicusNitrus,26
flipflop18,1
Philjr12,1
sneakpeak1,4
Brodakk,1
Geraffe_Disapproves,3
Recke89,1
MapleA,5
Lenny_In_Hoc,4
trollsarefailures,3
Lloydpjr,2
LordPhantom,5
---qwerty,1
VenemousVillain,5
fc000,1
Aperture_Kubi,4
Jarand4,1
JSB199,3
RedmondHorn,1
drd0ctor,5
Constantshipping,5
LinearSimcon,6
GanjaDingo,5
MichalTK,6
colossus565,6
Lexwave,2
Darkenedsilence,1
soopersalad,1
skinnyboot,3
F4ithHD,1
Poopfeast42000,12
iezugod,3
krzykris,5
NellyFatFingers,4
aspindler,5
BleedingBlack,12
7Buns,1
ZombiesEatWaffle,9
awilder27,4
redditlolz,1
white0zombie,21
heyimadam,1
Ashrik,1
INSANITY_RAPIST,3
whatismoo,1
xtremeradness,5
DonVonHulio,2
sherponie,1
OMGaNINJA94,4
Bellpepper42,2
StayingOccupied,7
modonaut,5
Enragedewok,3
cyanide_16,4
Roeratt,3
WieKaketoe,3
Nightshot,5
Rafq,12
ryanx27,1
sgtbug97,1
i_am_Toru,2
toxicsnipes,1
cheesepresident,4
JollyGreenGI,4
TheTechnoWiking,3
ran22147i,3
jonsnowwontgetlaid,6
iLuv3M3,1
ftnwo,3
Frosty307,13
benzeboy,1
Calhoun1389,1
ff45726,1
XCrazedxPyroX,13
spawnoftheking,2
SweatyChocolateCake,2
clamface12,3
SEVIIN7,1
optagon,1
LPGTR,28
crazedgunner,1
mikehamper,4
Rodney_W,1
BFPortal,7
Mastaking,23
k2rolla503,6
Crispinwhere,1
vegardn,4
North_Shore_Problem,1
pr01etar1at,2
HotshotGT,1
boneman7,2
Linkin_G,1
things_to_talk_about,5
DrawnM,3
BLUMPKlN,2
daveysta,1
gilly_90,13
nightbeast,3
sacorado,3
Diablerie13,2
ouTPhaze,6
numspa,1
12gaugerage,4
phazshifter11,1
NotSmoothWithGirls,11
LarsEffect,9
joedirt176,3
Arcinization,1
Lock0n,1
sneaky2k12,3
DQEight,2
aaron1uk,1
Roeschu,2
wanderon1,6
jackspayed,1
Domje,9
ZMowlcher,1
SteamMotif,3
Fatchicken1o1,5
iwerson2,2
_ShutThatBabyUp,8
tn_collision,15
bioticaudacity,1
JubeyJubster,8
HardBeamOfGreen,5
A_Green_Olive,3
-Oakmont-,1
Tobzahs,3
EffingCube,2
Xlncuk,7
IBlihkI,8
khajiitFTW,1
Baridi,1
franknature,5
amazingmaximo,11
XIXTWIGGYXIX,4
lsguk,6
Crf250xcelence,3
flyingpankakes,1
boob,3
RazY70,1
combataran,1
disambiguated,11
Sniper061,4
Aphoristic,2
iAmMitten1,6
DieAnderTier,2
Twister6900,3
i7acoz,3
humedoom,4
Nozlar,1
The_R4ke,6
ACEofSPAD3ZzZ,6
Gothic_Banana,24
Randomd0g,2
thebigschnoz,8
-zimms-,2
jc12950,1
yourstru1y,14
pad3509,1
privatejoker,16
amazingtaters,6
SecondDerivative,2
FranCam,1
evandr0s,1
mrmoonlight87,1
Alzan27,1
Peanutsareyum,3
reducto85,3
dkdavid721,4
PasswordUnacceptable,3
robokid309,3
packy17,7
chich311,1
M0dusPwnens,1
ok_REEELAX,1
Daegarn,1
loopfruit,5
dapeche,3
opeth1022,3
dat_astro_ass,8
ratk6767,1
DankMuffin,9
ron975,1
LogicalLarynx,9
Vila16,3
Velirno,3
Scurro,1
_Dariox_,1
Foggy_Night,3
Purgii,5
BrugWuppi,3
givewatermelonordie,9
Violentmonk,2
Schpoopie,3
tonyseenie44,1
GHOSTLY_PEPPER,3
zosofrank,2
vSnorklev,1
Axelstall,8
SkyGuy182,26
RangerSean7,2
Leipeniels,4
apachevoyeur,4
iRustic,1
ZyreHD,1
winterblink,2
Anthirian,3
CapnRamrod,2
N-Shifter,1
ashamandre,2
Havnor,4
D1mCo,1
vwrage,19
krewie,4
IAmA_10_AMA,4
branalvere,21
RozzaWill,1
Skitrel,17
animalhmother,1
Elzirgo,16
obideuce,5
meinsaft,3
p3lim,3
cmontiel17,1
ClimaxEcho,3
AFRUITPIE,12
britneyspearsvagina,12
icono,2
Blackmonkee777,18
Gawwad,7
Onemanhopefully,1
CaptHunter,4
RemnantEvil,4
3v0lut10n,7
ChipAyten,2
Marathon_Hawk,1
wda_exodus,16
Naver36,3
Yofu,2
ANIR0X2K00L,2
Mattster_Of_Puppets,3
RiotRedux,3
vaginosis,2
nolcat,6
ROFLicious,4
Nickwilliambarr,1
gostor536,5
SPCGMR,6
k1ckstand,1
LowB0b,18
xbeast2,6
Nazrael75,33
ninjajd123,3
stubbledchin,2
cyn1k4lpha,3
ispeelmydrink,4
antihexe,1
LethargicEscapist,5
Tireseas,111
Warbird_7,1
sauron2403,1
babbaslol,1
Mylittlealien,3
INFsleeper,6
404_Ninja_not_found,4
xyreL,4
Poke493,5
StuMcAwesome,1
OriginIsGreedy,2
muskrat42,1
Fedic1,1
Knoxeh,16
Mr_French,23
MiskyBoyy,5
dcds25,1
ButtStubble,5
PokehFace,4
Dreamercz,1
blind0072,4
PaDDzR,11
literallygenius,1
moonski,4
antitoast,4
howardmoon68,2
MLG_Eli,11
Whiski,13
1stonepwn,3
notameme1,29
BarneyStinsbro,3
pixxelbob,7
PCMike99,1
Viking18,5
allnamestakenbynow,12
xXPjsXx,9
ZaPzxHunter,94
gadget399,2
Twig,1
Toastiesyay,22
SlickBX,2
VirFalcis,1
ofMilwaukee,1
Murican_Freedom1776,5
EA-Support,8
HalbergM,2
gamewiz95,6
lakelly99,1
Korean_Kommando,29
Twitchey93,2
CleansThemWithWubs,14
SuperSix5,11
Metaldevil666,3
MiketheSifter,13
DinOchEnzO,3
MassuRaL,3
Triumph807,1
crazyglitch,1
Coos-Coos,1
PlatinumBeerKeg,8
Xeneize395,1
CitrusBazooka,1
CulturalTortoise,2
DeliciousJaffa,14
Nerdsturm,3
speedermus,5
wyoming01,1
giedow1995,1
leakthecontroller,14
El_Muerte95,3
Ijustsaidfuck,14
Ciechosz,6
Kiryu_,1
Wizzer10,3
ihazcheese,5
ShamBodeyHi,3
S1CKLY,19
DjMesiah,1
SeaNo0,11
The_Yorkshireman,1
Raptor_Jesus365,1
battleship_hussar,3
Strakan,3
easymac11,2
drummwill,7
Kurann,3
randomuser97,3
Bananana69,2
In_a_british_voice,3
EmeraldRaccoon,3
GSUJeeper,1
InZomnia365,2
SchecterShredder,23
Kilockel,6
Trapcom,3
therealatri,3
anusquotes,3
BlackbeardsTit,1
historyismybitch,13
Gavinjsup,1
Goredskins26,5
DJXiej,6
claymore5o6,8
Stalkercoffee,1
MushroomEater1,2
Roflmaonao,1
FoxyMarc,2
Tom_Sawyer_Hater,5
mattyplant,11
Liranai,1
Tomdeaser,2
roywarner,4
darklordiosef,1
AzekZero,14
PocketWocket,1
Joooooooosh,1
Digital_An0maly,10
somehokie,10
WinterCharm,27
Spoken_,11
InfectedKH,11
iLoveLemonAids,4
Rilojin,1
POORWIGGUM,2
darps,4
GingerKing885,1
Sotona777,5
Irmintrud,4
sputter,1
VPlilky,6
dmxell,2
eat-at-macys,1
firedude766,1
walpolestars,2
apassingremark,4
St0nemason,7
-Sotuma-,2
TheodorMohana,1
Olivero,1
Cykon,8
ZURPLEPERG,6
Cryogenian,1
IAmTheDanger420,7
ASUstoner,2
Reffu,1
dykstrad,4
General_Ney,18
CoreyLee04,1
thekingswitness,1
Elardi,3
deansan,1
Rorschach120,1
markherrington5,1
TheShinyQuaza,1
BCboneless,3
AussieGunz,62
dugson,1
610163,7
IrishTheHobbit,1
Liamylad,5
iReptarr,1
SPYDER0416,2
scorcher117,3
JonnyChango,1
gekkou,3
OcelotWolf,12
Techloss,49
Lenkie,5
Baker9er,14
ImTheRealBobby,1
InsomniacAlways,1
Studbeastank,5
nonlogicality,7
Ruck1707,3
timmytheignorant,3
MrProtoX,8
OneChilledPanda,24
martinz0000,3
EKcore,3
magnificentdonut,9
iFlameLife,1
AndroidAnonymous,3
childofsaturn,4
roelypopper,6
boxxybrownn,9
Koanin,19
z1onin,5
tanino154,1
Obanon,16
MrFlabbergasted,6
DrDougExeter,1
-Tack,5
EthanEatsTacos,1
TheQuantumFetus,4
antsugi,23
ImTheIndianGuy,1
lkirk98,6
UVSpyro,1
AMW1011,7
Wicked_Sk8er,2
Yumatchi,2
SteampunkPirate,1
Fun-Times,7
Joeis,3
MiloshTheMedic,7
nockapatzl,1
yourfriendlygerman,1
Capt_Failure,8
K1ingD0n,2
sharkdubs,4
Brobinski,1
Flerbenderper,20
clarc31,2
bawki,2
Thanatos95,1
SETHW,1
_Claymation_,2
zanderzander,2
Ori0n87,2
Rampant_AI,2
KinkyViking,2
I_StartedTheFire,2
bunnyhat3,1
H4NOVA,6
TheDemolitionMitten,2
woggie,1
D4RTHV3DA,69
fetus_cannon,1
Some_Random_Nob,1
Tex-Rob,1
Alpha-Leader,2
DrewMan450,8
TrevBon,6
JamesFrancisRyan,10
quinnosg,1
HaekB,3
HazzaTheAlmighty,2
VampireVendetta,1
Zeused,1
Walawender,1
ClottedTampon,36
Hab1b1,4
CutShortGaming,1
x5or6,1
thatusernameisal,1
jappanpreeti,4
rmcat,2
TheBlindPilot,4
geotek,18
unseth,30
ScreenSaver24,1
Doctor_Sigmund_Freud,2
RATMachine,2
misspelledmyusrename,6
TheDarthGhost1,4
Killswitch35,6
Very_Juicy,6
codhopper,7
Carpetfizz,1
medietic,4
fuzzyblackyeti,1
revrigel,3
tangysmelliot,1
gbeezy09,11
Cerb_erus,2
Sir_Von_Tittyfuck,7
EasterFinderBF4,1
dlynch343,1
ChrevanGohas,8
pabloenis,5
eydryan,38
LizardWafflez,3
Nuiie,4
Eidemannen,4
danakinskyrocker,3
ManOverBoard5421,6
Obamasmanpurse,4
Terrathee,2
Chaoz_xIREx,5
SpaceJam_on_VHS,7
x_x_x_x_x,3
DunderHeaded,3
Coryperkin15,9
Mawgman1,11
way_of_the_Jelly,3
EurbadGeneric,1
CunnedStunt,5
Beeeeenchy,1
Kagedb,4
SixsixOneMTB,1
HeroKhar,1
AJT217,2
make_me_food,3
MotoTheBadMofo,1
Virian900,9
itzdallas,2
fritnig,3
Militant-Pacifist,1
JestersHat,3
bic4,1
LazlowsBAWSAQ,1
Pizazloco,6
sturgeonsoup,2
punchcake,6
anon-182,5
PutThatCatDown,18
Zeon1234567,1
zanderf87,1
jdfnc24,6
badxreligion,5
Liquid1me,4
Danesk,11
troop357,1
ArtooDeeStu,5
Dizzi12,5
m0dkip,1
elekonas,2
byenameis,2
funkefresh82,3
stegnersaurus,1
xb10h4z4rd,1
maverex,11
DabWizard,3
XWILCOXACTUALX,1
Ashken,14
Trayzony,6
forgotmypassword7,3
TheMicredible,1
imaldris,3
ShortStop3902,5
I_eat_hairspray,1
liquidxlax,3
drumrocker2,2
Apocd,2
themuffinman131,3
e5mikey,1
BuddhaLennon,1
AN1Guitarman,16
Jase_the_Muss,1
dlyte2,3
Goldcobra,5
ConsuelaSaysNoNo,12
methcp,1
sammychammy,1
Merk1b2,2
loganekz,5
oldage,2
grant1023,1
JoonatanAlin,1
Aknakal,3
Gyroshark,1
extra_,1
DaHomieBigWick,3
costanza_vandelay,2
wittybulldog,1
ncm3t4l,29
Haloslayer197,4
vidal66,43
manapause,4
Zangieff,1
a12dad56,1
mrmaarten,1
Jespy,1
daneguy,1
seaslugs,2
Thizzz_face,16
dGhost_,23
BENTHEREN,4
_AxeOfKindness_,1
Dub_Heem,1
auralucario2,30
connery_007,31
kenzt,5
LuemasG,2
Cydia9000,2
SwiftDD,3
Air_Fighter,2
Bo_Rebel,4
Assumer,2
shifty_eyebrows,3
Benbuh,1
Seacabbage,3
Terence1907,2
Quisee,1
zodiac686,2
sj_ami,1
FarZK,3
galaxyoftscd,6
Acmagik,2
ivesetsail,4
kudoz,1
Arbiter329,14
inteli722,21
ExcelMN,6
JoeDeluxe,2
Cyanide_A,16
saalem,3
casdaspec,1
HOFFYMAN,1
packofthieve5,3
wolfdoggen,5
haadrak,12
ChocolatBear,4
Veysa,2
maddcovv,2
BadDeath,14
sketcher67,3
torooyo,20
TheWhitehouseII,2
Clubblendi,1
kipperfish,2
sirhari,2
PurplePonyEater,1
nikolai393,9
UnenthusiasticReply,3
alive442,49
Frakki,8
HalfDecentNinja,1
tapetisHD,2
BlackKiwi,4
Snook_Fingers,1
J13D,31
Kaxezoa,9
TexasJIGG,5
vesko18,1
weaver787,3
ThatMitchJ,1
MiranEitan,1
RealGamerGod88,2
ThatDamnUmbreon,2
MichaelHarris95,3
FrostyPenguin_,4
penspuck,4
crazy_goat,11
Goose_rs,1
darksparten,1
Kabar1191,9
mrbull3tproof,5
Spilcam,5
FUCKER_OF_BUTTS,1
Crossbeau,24
Deathbyart,1
AHappyDolphin,14
Shitty_Human_Being,7
Papa_Dragon,3
exodus1028,22
pepolpla,1
pwntr,1
jonaswond,1
Jack1604,5
tbray2332,2
Bieberkinz,1
Sgt_ZigZag,15
SwanJumper,1
Kingbruno,5
wilder782,1
billy_barron,8
darman1138,7
GORILLAMAFIA17,1
SHARPxSHOOTER,9
russdr,1
Deakul,4
Morgan19,9
dannymac1784,20
nate-enator,5
Patheticflower,4
kokooo,1
GoldenboyFTW,3
Yobby,1
OniExpress,3
dirkle,2
Cbd31693,3
JibbermanMN,4
Oh_Sweet_Jeebus,4
AceHomefoil,1
ohyou123,5
u4ea126,4
RascalKing403,2
DwarfGod,1
Wellhellowthere,1
erack117,3
yodagyo,1
intank31,7
Blargame,1
tcpvtec,5
vladpudding,1
Thordensol,4
Mekrani,3
N8_da_gr8,1
ToastedSoup,15
Wunkerful,1
metalspork,5
insinr8r,12
Whiskeylung,13
TitanReign25389,35
frumpypump,1
marioclone,3
unclassed,3
Glasg0wGrin,1
ClockworkOnion,8
natotater,7
dryarmor,21
CrusadingGaming,11
kevoz,1
worryone,2
Project8521,1
Duffekc13,5
Pants_Pierre,1
JMT_23,1
Alpha016,1
ThisFaceLeftBlank,2
Incorrect-Opinion,3
Digope,1
OptimusPAUL,6
thismonsterzero,5
trevonator126,2
bacon_catz_karma,32
SisterTowel,3
WombCannon,1
kensomniac,4
artaxiv,1
neums08,20
Allhopeforhumanity,18
nadiaface,3
avoidmehPS4,10
SikhGamer,2
Mrmcpeach,3
Hoodstomp36,1
keiranthil,5
LeoKhenir,47
hercules29,3
SquirreI,4
CPfresh,2
rmiller90,3
RevengeRabbit,16
Fapmiester,24
Da_Head,1
Terasuke,2
messvile,19
cloud7928,3
MontyCold,4
m4ster,6
faphub,1
InsaneFalcan,3
ArchScabby,3
gutter54,9
arabbitt,1
brendanvista,19
Ageir9,24
mightybeggar,1
LynxGaming,5
awol5943,2
williework,3
Deadshadow4,1
RamJackal,1
Wandersen,2
AntiCheatInc,3
Kuckeli,5
GiddyWraith,3
xDoWnFaLL,1
gencjbuchko,3
Andre11x,3
Jesus_Faction,17
wtrmlnjuc,12
InfamousJoeG,1
chazerr,1
Ronkerjake,9
Praise_The__Sun,2
shoffobroff,6
Kondroid,3
Viper007Bond,8
McRancor,1
masongr,5
thatoneguyinclass,1
Seanapa,88
Steak_Monster,6
KnifeFed,15
VenomousCrab,3
MonstercatUO,7
tacoman1111,1
rsouxlja7,2
kneticz,3
cantgetlessbutthurt,2
Lorch,1
CoolHandSean,1
Court_Jester_C1,4
Mother_Fuck,2
chanadian,1
TheBlackhawkGamer,1
EugeneHaroldKrabs,3
Grona,3
HDZombieSlayerTV,12
Crossgamer245,3
FourSixActual,7
wikku,3
sinflood,3
KaizuhR,1
needvape,4
christo08,2
GigaStormRider,1
UltraSPARC,25
CognitoCon,2
eran1000,12
ItsMeKidd,16
Cobrakilla,6
iseedeadewoks,9
CannibalCrowley,5
kit25,1
pawelglucklich,1
THERAINBOWMUFFIN,7
aooot,31
The_Didlyest,2
BiJay0,1
Caleb-Calvert,2
stoptalkingtome,7
Simmerj94,7
REDDITFAN1996,2
theseuskhan,5
trigger_hurt,4
jco644,1
ItzDowny,11
Vaguswarrior,2
Cavi_,10
Heisenmountain,11
UltimateDestroyer2,2
Aarenas52,31
DanielZo0,7
Superj569,7
ifonefox,6
strangenova,2
SgtJamie,1
pb_nerd,8
thatwannaberapperguy,1
omgLazerBeamz,1
killerwin,52
Joker_Her3,13
I-never-joke,5
lntrn,3
OnaxNinja,1
Godmadius,1
nation15,12
avowed,2
watertank,1
killdamnzade,2
samingue,1
nutcrackr,3
VR38DETT,3
DeathsIntent96,17
OZ4RK,7
bunnymud,2
ARSEsnowman,2
wolf_1992,4
a_p0ptart,11
ProXyCortex,1
stefmor90,4
FameOverFortune,3
Fmofdeath,5
mrkokkinos,2
hiddenburden,2
misunderstood_medic,10
paranoiaxv,11
roywolfe,2
cderm,17
twoscoop,36
cthomp94,1
mxma1,21
Fzed600,2
danijun,8
Hoosier2016,10
raberstaber,19
shavencraven,1
jamesthomaspeters,4
Havel_the_Rock,1
jjcroknits,1
Sprgmr,1
SpiderDice,10
Kyouki13,1
bsdude010,6
attanasio666,1
Flying_Dutchmenn,1
Flankatron,2
chrislee0123,4
Jimmy8085,2
Xeonith,1
dudechris88,42
Anbettik,8
GingRawrLion,1
rawrchitect,17
SkytopShadow,1
lazrshark,2
DezBryantsMom,9
thefungineer,7
maledictt,12
ninflux,3
Draycos559,3
ThePetitos,2
Dantheviking97,2
I-died-today,5
Ravishey,6
mycroft57,1
smosh35,3
Moryarty,4
Teknique1,4
Hembygdsgaarden,6
MrNiko,2
iwilldefendthehouse,3
URO7412,4
Blitzers1313,5
smokeey,23
Bonzo_the_beast,2
Sting316,5
rocketrockets,2
pharoh328,3
Infemeth,4
rocktor,5
Cheeseissue,4
b00d,2
wishihadaps4,4
howtojump,3
logs28,4
TristanMWilliams,3
flywheel1983,2
jkj7,4
Detective742,1
YannBes,4
TDawgSays,1
shishiro,4
RiotShielder,3
XsXSobaku,10
Xiaz89,7
AssaultCommand,3
Dustmuffins,3
Trollamon,3
Mordecai_,12
Ta2punk,4
AsianThatCantDoMath,1
tarheel91,3
Mister_Humpries,1
turtlemedic,4
Largoh,3
XisanXbeforeitsakiss,5
Lindbach,1
NickDAmico,1
AnonymousReality,14
mcmuff,4
mikesxrs,4
Littlerouski,1
SoccerSpartan,1
Bruce_Wang,1
seouled-out,1
ShittyGamer,5
Starkai,1
DmitryStrelnikov,11
Hiraldo,2
W1NN3R540,3
soundan,2
Cputerace,1
subievape,2
edgixx,7
True_Scooter,1
dgd_mobius_centurion,9
dismal626,2
Godrillax,4
thomas_dahl,1
kage_25,14
SomeRandomGuy00,7
NotJustClarkKent,2
ipicco,6
Skapke,2
designgears,4
ApparentlyNotAToucan,5
Lick_My_Warthog,16
nugget359,1
kiwi_MTBer,1
HeckleMagpie,8
Dervinator,23
bosco122,3
KillZacular,5
offspringftw,10
Sialorphin,6
Scarfall,4
Brendancs0,4
PurpleBlodge,3
gotbeefpudding,1
G_D_M,3
Flying_Nacho,2
JujuAT,3
andlkam2,10
erimau,4
Panduhsaur,43
CrevansCU,1
nattebadmuts,5
BrodoSaggins,3
hiRackz,3
meckarn,3
kchoeppner,1
psyRhen,17
shmeeandsquee,4
JerryTehGamer,3
spideyjiri,41
studENTofdayear,1
Lord_of_Womba,7
ssw186,9
flappygiblets,9
Drarrin,4
immorthal,4
Booshwookei,1
SupaWFL123,1
ClicheUsername,5
SilentSadist,5
ForeverAloneGamer,1
NavAirComputerSlave,3
crimsonstander,1
Embrel,1
riversofgore,3
Smowy,3
Lackest,6
SystemThreat,3
captaincannibal,1
marcus_ivo,15
Sentrox,1
DTNightmarecinema,1
Uusis,2
Kajidoh1221,2
xPURE_AcIDx,1
edwardkenwayyargh,1
Curius0ne,16
Thebakeristired,3
t4nt4lus,10
BuckeyeEmpire,8
dpg70,3
bmkk,1
Lord_Flashheart_,7
ikaros86,1
Mr_Vladimir_Putin,5
vampatori,32
philgei,2
immawin5,33
TruPayne75,1
serpicowasright,2
naughtyninja74,2
Multilogic,19
michael6424,1
CupcakeMassacre,1
TheGadgetDoctor,2
Leocollier,48
ackbar_cereal,1
stinkfinger1,1
tbw875,7
j_mes,2
mask2697,5
Ceedog48,2
ChaoticConvict,1
EvilMrGubGub,2
SnuggleBear2,3
MosesMan98,3
ProfessorChaos5049,6
Crykeymoses,1
LoveRecklessly,4
Glitched_Winter,1
fuzzydice_82,1
pmgrande,2
ChaosScene,1
MisguidedYetiUK,6
sultanate,20
omunegru,5
chickmagnet_,2
rancor58,4
hawk2336,5
TheMightySampson,1
john_snuu,28
R4PTOR89,7
willy_nilly,1
iDirtystylezz,2
Dreamerlax,7
ys0serious,5
LKummer,2
mokktwo,12
tigerk,1
CoupOfConiston,5
delta161,2
thehuston,3
The_Leler,2
Peace_Walker_95,1
Tomur,9
danouki,15
iniccuZ,1
Inkonik,3
nmezib,21
wkfjonesy,1
Dubzophrenia,4
wachtourak,1
Painkiller006,4
oh_my_god_please_no,6
pizzatastesg00d,1
mrdobo,1
06gto,2
Circumventor,7
gamesfetch,4
DonkeyPunchTheGalaxy,1
hateplow169,4
TUnit959,9
TrustMeImALawStudent,8
immortal_spartan,6
pavlik_enemy,15
Plasros,14
13374L,2
Hightower88,3
noddingdog1,14
JeanoBambino,1
Thadster,3
TacoBravo7,2
Garebear1,13
Davidhaslhof,4
jonesinator,24
emnemeth689,1
tagrav,11
OPSeb,1
Thejern,1
schloopers,1
Civildude892,1
gaybraham-lincoln,9
ThatSecretViking,6
kyze,3
FlyLikeATachyon,2
TheDuke22,2
BalsamicVinegar_,7
Ctrl_Alt_Del_Esc,13
homosexualtaliban,2
Kukantiz,1
MustachCashStash,8
ltkernelsanders,6
digital_ice,3
mewfahsah,4
darkbarf,1
php_TANKER,1
H4wkAvenger,6
neokkie,10
Diddyo,2
dparkz,1
mittromneyismynigga,3
adolphernipples,1
GoldAwards,10
YoudBeSurprised,1
Mechanicalmind,22
ranft,1
Bane_of_Minorities,3
Alexteban,3
otrcincinnati,10
fluxcap_0,1
virtualmarc,12
TheHuntingAngel,3
Jetblast787,1
azndr4g0n41,6
Phugu,8
Offkey,5
Choppa790,3
sifex,1
The_Imperial_Lord,1
SingingTurnip,26
Zobtzler,3
enguitar,9
BigAlSmoker,1
Casual_Apathy,1
Occamslaser,18
vasidius,1
nerve500,1
Raszgal,1
Pamperpull,1
ChloroformPARTY,3
MJSBLUES,2
TheNarrator2012,14
mhrdth,3
RiMiFi,2
omnipotentjackdaw,1
EricH4753,4
nickisaboss,2
Kr1pter,1
spaghettifagget,3
Carbonology,5
FFSharkHunter,11
L1NKU5,1
four09,1
iterable,15
LuckyDane,7
riotvan4m,5
Chappy3697,1
luluinstalock,3
Bseagull,1
Robin4r,2
smuttypirate,6
RealityGap,1
The6thExtinction,10
ComradeCookie,4
RemmiDami,2
gameratwork666,1
54321Blast0ff,18
Hotdoggy713,3
Svartmalm,2
isestrex,12
Thesleepingspy,8
UNSKIALz,3
DarkLordChuckles,1
Decepticon1,10
Liam0102,1
TrainAss,4
together_apart,21
yesat,37
DarrenAronofsky,3
Hdloser,25
ThatGuyWhoDoesStufff,1
Mr_Joseph_Stalin,2
insanetwo,1
TheSwellFellow,4
Lukerspook,1
TheWhiteShadow42,14
karmapolice666,4
Cytosen,5
jetset314,3
SkullCollector,4
obeyshorty,1
chunalt787,6
nvxprimex,1
More__cowbell,1
Incendio88,7
RobiePAX,1
nlderek,3
Jetamo,2
100percent_Gurnard,3
klous99,4
originaloedipus,5
poop_artist,3
Benny_co86,1
Subtracting,6
OsamaBinLlama20,1
fmsrttm,1
iwishiwasaneagle,11
champster29,4
Manilatimes,2
DougieStar,6
teh_situasian,1
Jables31,1
WasherGareth,1
tirril,1
zzBoom,1
gpark89,13
ImJairo,1
the_life_is_good,7
Pixel_Mann,6
bunka77,6
Unholy_Butcherer,1
rdldr,3
TrainOfThought6,3
ThrowAwayMuteGirl,1
2days,5
godalata,1
Balrogbuddy,1
Finalfortress,8
CannedBullet,2
matt_the_great,33
nebious,1
SniperMarmot,6
Kinsata,32
Godzilla2y,3
pigfarmermc,1
luv1138,5
tonybalony,9
bkultima,1
bubba10381,1
c0mbine,5
ZaenisDesef,1
_Gryphon_,10
GiggleStool,4
MrVop,1
RAINBOWkiid,6
SND_Crow,6
d3agl3uk,4
CheaterMeYou,2
Uhm_yup,18
SomeCruzDude,11
N55Spiritofjazz,1
treesontreesontrees,2
mdmenke,4
Jacob_Johnson,1
TheSnomann,3
Apostle_of_Fire,2
Vikingur89,2
Apst,4
Vulg4r,3
brogdowniard,4
Noctophrenia,3
cqb420,2
singular1ty94,3
Alixey,3
koric_84,3
TheOverhelm,1
optimusdusky,4
Ramb0lo,2
jebk,2
krobb1290,6
WhiteFalcon56,1
darkrift5,8
Devian50,8
chewrocka,3
TehNeko,1
EagleComm,11
Atomos128,2
Swagonmypants,1
DigitalOSH,2
Cognittie,6
Revolvelot,1
Slipknot117,21
adayasalion,28
xylotism,9
rpendleton18,1
solaireisrecon,3
danaholic86,1
boreavas,2
MongiRafter,1
robo_cop_55,1
RickyWars1,1
Tryphikik,6
osvii,6
dayfiftyfour,3
SACKO_,11
Droppinbodies,16
TRA5IMENE,1
DonkeyTrain,21
Falcriots,1
DariusBlack,36
cherokeesix,1
Jazzremix,5
_Artos_,2
ScifiSpartan,4
Steakumz,1
MexicanMouthwash,3
Rackemup,5
jesusjellybeanss,16
fiftypoints,3
SurpriseBukkake,1
craigbanyard,1
Yanni4100,2
TBL_Will,2
HighOnAmmo,2
aenimayoshii,2
SkullMasher,1
Dl0tt,1
Broccoli_Thief,7
Kezler,6
freezetime23,12
blackrabbits,14
Teslatic,5
Zantanimus,6
jylg,2
TheAnsiBomb,1
BdubsCuz,2
diggow,7
BigDawgWTF,16
UnsignedOmerta,2
Lokaltog,6
olafpkyou,5
jt663,7
Twonkus,2
brave_legunator,1
yosp,7
petewilko,3
itsNOSAJ,2
uhohspag,7
THCaptainAmerica,3
its_AHTI,4
Biffbaggins,1
kingcobra5352,1
Luke123halley,1
TheeRundo,1
speedymya_STRO,3
DecypherSlo,1
GiddyNinja,1
starmiemd,18
ThingsUponMyHead,6
EddieIsBored,5
theaveragejoe99,1
eurojjj19,4
Ricky_Boby,1
Blackadder18,1
RadicalRascal,10
Obliverate,2
Snailrabbit,3
DatOpenSauce,1
DixiNormous1234,5
DipsoNOR,3
Nitrozzy7,25
Pickles256,4
TroubledViking,4
ThealcoholicGoat,1
TheLawlessMan,2
Pr4etori4n,1
Vic1s,4
kjtest21,2
Zyynn,6
Darkstar68,4
asdfirl22,23
knobudee,5
LittleStallin,1
DrShibeHealer,3
JustABandit,2
DocSmoothJew,2
Greelax,3
SpongeBad,10
TheScriptKiddie,2
Fantact,2
yerflippinipit,5
JZ_212,6
krekc,13
NotFriedChicken,2
ziggle43,1
XilentAssassin,1
styx31989,7
CalmConquistador,1
BCRoadkill,1
z0mb13n1nja,2
josh6499,13
psychosoldier63,2
MartyrOfWierd,2
elbowrelax,9
Aaron0535,7
psychobilly1,6
Nasty1931,1
macuseri686,1
innerpenguin,1
SWatersmith,5
silviad,4
RandomJPG6,2
MrAuntJemima,1
YodasMaster6,2
vitalityy,11
n_rodman,2
Mythic137,1
Zachf93,3
Simsung,10
Furyhunter,3
beepFTW,8
jarvdslr,1
C4Edgez,1
Makkaboosh,1
evenios,1
Super_Deeg,19
Wasabifartjuice,1
Yak_City_Gaming,1
super-inferno,3
catdeuce,3
peaceandpositivity,1
P42C4L,4
CrimsonFear,3
gamotua,2
Ididntlikemylastname,4
MrHoeZey,8
Aldrahill,1
willb483,1
tryingtofindareddit,8
Bullet_Jesus,1
luzfero,7
Velcroninja,8
TheRocketCat64,1
atft,6
Regnizigre,2
Joker_1124,4
Aniler,4
SovietDomino,1
Kizuuu,1
gabeln,13
satamakaupunki,1
merkwerk,2
Nickfury271,2
BarniK,2
acepilot1212,5
Wouterstad,1
alesreaper9,3
Nemulus,1
fu11m3ta1,4
jonassdp,4
laiier,6
nayte23,1
bambam6688,3
Zombie_muskrat,1
bpjg2fat,2
azgoodaz,4
introverted_hubbydad,11
underthesign,1
ravennyx,7
verifiedpain,1
abendchain,21
dr_qwertz,3
RoadZombie,1
reddixmadix,7
out4time7523,1
GoldenOnyx,4
fshizl,3
Shoekabob,1
MAStenbring,5
asfkdjhasdfkjdafhkas,1
bokluchara,1
Kbiv,1
AME94,2
the_empire_of_death,2
AltCtrlSpud,1
TheLunarEffect,5
Cesare_MA,2
bongo1138,1
Katowned,4
zibalingz,3
hergs,2
Ozi_izO,15
greenxinsanity,21
leaky_waterhose,3
sneakyMak,3
Fallencrazy,1
bgmrk,2
prizim,5
Famaffe,6
Bennacus,1
Medic644,7
PleaseBmoreCharming,7
TexansRaised,1
giggles288,3
zeroskillz,1
xxgradiusxx,1
Lasyen_,14
Frwrdnvrbckwrds,3
Huggy_Bear48,1
UnraoSandhu,3
doctorfeelgood21,2
SolidMcLovin,6
nosce_te_ipsum,3
Sleemm,1
robforce,2
MrTwisT007,4
Oregon2793,2
greezeh,5
wwraf,2
ANIMATE1016,1
slugmonay,1
Ducklove8,2
Tarvis451,3
Bloodypalace,3
DeltaBox77,3
SirSweatsalot,8
Neuchacho,5
drunkfathobbit69,26
chewmonster,1
kokuryuha34,7
kirbz1692,1
zakkord,2
Wynauts,3
Aurailious,10
curtdog114,2
panda_prosecuter,1
Two-Happy-Bucks,1
CaptainDisplayBook,3
LittlePinkNinja,7
zerok,1
ninjakitty37,6
OfficialDarundal,1
lazouris78,14
gunkro,1
OpenFlameRecon,3
DotCom_Rambo,6
Berdu,7
TypeInURL,4
LarvaeOP,5
ddigby,5
billsterrulez,1
Xefyer,5
dooyaunastan,1
ThatMortalGuy,4
Iamnotyourhero,19
salochin92,1
sniperz42,1
Phonixrmf,1
RobintheLarge,19
Mirkon,12
BombGeek,5
youreyoureiswrong,1
fraudo,6
Sunzzgaming,2
Chippas64,1
Infrathill,1
gavinlight1,1
RaZZes206,1
_Speez_,1
Lofarl,5
BassaForte,2
BonerSupreme,1
Bedrosian015,2
IrZ-TRUCIDO,10
fausto412,4
Marekolte,3
Nexus369,2
CalumConroy,20
Kmlewis1234567890,9
jacko121,8
QuintenVis,1
NoooUGH,17
Thoilan,2
BuzyB,1
sverdavbjorn,4
LazyTechGuy,2
Mondrial,5
TheOriginalPaulyC,28
Apk07,11
Ghostavus,7
muddisoap,1
bfgenis,1
sablamoo,1
TwistedEthernet,3
MichelloDSloth,13
Haesiraheal,2
Stumblebee,1
3horsesbutnomangoes,2
4b0v3,5
BillyHoWCR,1
lolmemelol,13
TheDeltaLambda,16
gaymer_geek,1
muazcatalyst,8
Falafelofagus,6
Ravage123,3
GavinET,1
maximalGames,2
lazcas,3
Easy_as_Py,1
AnySPIDERPIG,17
Rawrasaurusism,1
theisslv,3
squidbiskets,4
Toylore,4
Palmendieb,5
Bootlegs,2
SouthernThickBush,3
rilsoe,3
bowtai,1
tinothynguyen,1
DuxVimes,3
Halfwitlogic,2
UberAlphaDragonSlayr,1
VUIUU,7
Tomhap,12
pfitz6,2
notepad20,3
LalalaIcanthearU,5
dougrathbone,2
tyzan11,1
QuantumFractal,23
Heptonite,5
Zerotwistknife7,5
KrrSplat,2
Gorill4,3
harper_darper,4
AmericanWarfare,10
Iskarala,2
MrJustinTaylor,3
CWalker00,2
KeepNigging,1
orphenshadow,7
Fysi,3
schranckenstein,4
A13xer,2
Faded865,4
TMules,3
Dendari92,2
iccccceman,4
jluck26,5
d3x_Dark,3
M0ntezWalker,2
Jimmeh_Jazz,3
JackJelloman,1
Alpha_W0lfy,1
Smithburg01,7
Jaezor,3
rudieboy,3
0verd0se,1
st33ly,1
ryemigie,2
secretreddname,4
stfm,43
mavvv,1
Goosemajig,7
TrentonRommy,5
Roope00,1
mrfaceroll,3
egokulture,6
anatomicpants,1
FabricationDetection,1
mytch420,3
razzmatazz1313,1
davidov92,21
squaad,5
tmag14,2
Craftjunkie,1
ItsTyrrellYo,15
planetmatt,38
Caleb__,1
Bodrew,1
heckuva,3
WuhanWTF,17
iwilllurkreddit,1
EA_HYPE_TRAIN,4
SOLID_POPE,1
durfaderf,1
Smoking_Moose,4
Jojo_bacon,1
brova,23
iFordMC,1
Mystbrai,3
samuelspark,7
Oshrilkal,3
TheSheepness,2
bigvariable,5
My_boy_baron,2
chknh8r,2
asabla,5
temporalshadows,6
ELite_Predator28,17
ghostklutch1463,1
coldbreath88,10
Snickering_Ginger,3
rkipp916,1
Ass4ssinX,3
jommy9000,8
JordanLorenz,3
HuevoSplash,24
Mooterconkey,13
Bakufun,16
Ineedauniqueusername,7
lloganwebb,16
austinallen30,1
ShadyBiz,3
TKInstinct,2
DemLuckyCharms,2
TBone818,2
Espio98,1
Traviper,1
MitchiJZA80,1
TheTreecko,17
snap-peas,1
ZombieToof,4
Aarontti,15
XxGhastxX,9
Hoody711,4
Roaven,1
Zebilmnc,1
hondaddict,1
treadstone01,1
Gypsyfy,2
lurkinisfun,3
Meow_Captain,1
DocTavia,1
Fpsaddict10,7
Baron-Harkonnen,1
WatchWatch1337,4
Skeezie26,3
Vodka-sniffer,1
Flanyo,2
SCP106,12
ThePwnOps,1
Alteisen_Nacht,4
ronnie246,4
ptEER,3
ruiner5000,2
Daxen123,4
a7madfat7y,6
FireFartFTW,1
motivator54,9
_n6u2k0e_,5
Watchmaker85,21
ii_HuEjayNeSS,1
fuckbagtroll,1
tbirdbrent,2
internet_observer,5
Gagaro,4
Khadzidha,1
icryerrytime,3
MaximumRico,2
SynisterSilence,1
surg3on,1
gr00ve88,6
nintendo25,3
Mylkal,1
LeadHero,6
bacon_coffee,6
2GStyle,4
Ripper_Bravo_Six,9
JarekBloodDragon,16
Bluenite0100,1
DNAD51-,1
sai-tyrus,1
_WIZARD_SLEEVES_,1
2_of_5pades,1
adog12341,3
DeviantNerd,4
OneLessDick,3
HardcoreRainbow,1
Valhalla_I_Am_Coming,9
ajaxrises,11
Borderline769,22
Thatwhichdoesnotexiz,5
kylekylehotstuff,9
jaketessem,2
cleanlaundry2,1
Jayflash,3
MeGhosta,4
DotDotDashh,5
baly,4
FabbyTheBomb,1
vedranius,1
khristlucifer,18
iceburgh29,2
Pommeskobold,14
DeCarlo_80,3
SpaghettiGhost,3
StealthyOwl,9
femstora,3
SoLaR_27,1
BaconRush,3
ComboCancel,6
LTGLambChops,2
Docc99,2
MolitoGaming,1
kachunkachunk,3
serramist,1
stevethebandit,24
MrBaldman,3
TheGoat_Eater,1
ckelley87,6
Its_A_Frap,1
tjobarow,2
EXbob702,1
iShotto,1
TripleJ1123,1
jdo1288,1
prodigyxzy,7
MrLewArcher,1
greasylovebacon,2
MerlinBrando,4
il_duomino,16
ATIVITA,4
Fa6ade,1
SilverFox2222,6
Worfox,6
ckilgannon,3
ran93r,2
Somecallmegiant,4
Gonkar,6
KILLERCANKILL,3
Kevinsound27,2
Martinmex,11
xsdc,33
Khiven,5
chuckychub,3
zFirehawk,1
ChickenDope,1
nickb64,1
rlyx6x,4
Jewfro2396,1
Scaredpork,6
ThatDaftKid,1
NZXT_pm,1
Aflimacon,2
I_Want_A_New_Name,7
Gator_pepper_sauce,2
pgudg,6
reyvehn,4
SewerSquirrel,31
The_Trekspert,2
Vip3r209,3
FuckOffJackass,13
F4rsight,18
MortusX,3
Fabriciohss,3
SasquatchThomas,2
centerflag982,8
Slothmaster222,12
ProwlerCaboose,3
patenteapoil,4
Holypear,4
FiReZoMbEh,7
CDanny99,4
el_doherz,4
WarIsArt,1
ProudTexan95,2
dirty_hooker,8
rable_rable,4
wild9,2
soundofreedom,1
gooddvibration,1
letmeshowyou,17
muaythaidown,7
MISTERGEEKZ,4
Qender,1
Etaphreven,4
Artersa,11
whatisgoingonerethen,4
MrMarkul1234,1
OceanSky159,2
Drake02,1
DavidR747,4
M4ximi11i0n,3
Tidigt,1
devonface,1
garandx,29
Tingil,3
Navifan22,1
sp1re,8
FreakySpook,1
Baller73,2
medym,4
th3angrylego,7
ejthekiller10,1
the_friendly_one,2
DahirT,1
Woosei,1
Revvxz,3
BatChair,2
TheWalrus93,3
UnforseenConsequence,6
HBlakeH,4
LurkerGraduate,1
AnotherNub,1
TidalSnow,4
eastcoastian,39
Metaformed,5
Tegis1750,7
vadeinspace,3
amanaboutahorse,2
Javious,1
Cozzma,6
Kessel-,1
Zambito1,12
chelo102,1
tsigo,9
1Rab,2
sexbeef,7
Lactating_Sloth,3
Jcstodds,3
dc469,1
wrath505,8
nathan420,3
thepaperboy94,1
Guthardwaldrid,1
RunninBear,2
SneakyFloorMop,3
nirvana63,1
UniqueError,4
iDazzle,3
m4stur_ch33f,1
youngsplud420,3
iNoScopedJFKoO,2
The_general_reaction,6
KENDOLLL,4
somelousynick,1
ctrl_alt_del_,2
marke0110,20
Shouldhavedonethat,2
computerhrd,4
kdawggg,3
PhillipMB,3
ps4more,1
ordo259,8
Peter_H_Nincompoop,5
nicknacc,1
Lumasabe,6
sabasNL,31
Truxel707,1
Turtlecupcakes,21
Namell,2
matter698,2
fredspipa,2
heavencs117,2
interroboom,1
ThawtPolice,1
zomgwtfninja,2
desertcoffee,3
SoAmusing777,2
Matthew101x,3
Future-Starter,2
youshouldntcare,3
Sir_Rency,4
m1st3rw0nk4,7
Danner001,5
itissnorlax,2
pizzafeasta,2
Slowbroooo,3
iQQuacK,8
TrueBrav,2
supperrichthief,12
sweatynutsacks,3
TexasDD,5
m4tthu,1
asianextinction,5
UltimatumZ,6
TouchMyOranges,2
JangoBunBun,4
MooneyS20,1
DeBAUS,2
hmannn1,6
Maarlin,1
ECompany101,24
gonis,5
reshan,1
Just_Like_You,1
Miniohsnaps,4
ischmitie,5
Raiku17,2
itsbrandenv2,8
Boomey30,4
miichaelmchugh,4
TotallyNotanOfficer,2
Captinsane174,11
muzfuz,3
QTRJBF,3
SpiritSTR,1
curtisa21384,3
Jev_lutsen,5
Pally321,1
Sketchy19,4
Haydenhai,4
Barnslig,2
Doctective,1
mynameis_caL,1
DeathSoup,8
DannyKroontje,1
TeamKiller,6
wheelybin,1
Loosemind,1
bb0110,5
Danham1856,3
KingPeanut,1
JPull07,1
caboose11,11
AbortionMonster,2
Vela4331,4
tsantsa31,6
Dogboydan,3
TheCrudMan,22
XxlMcLeanxX,1
MEETmyARSENAL,1
SethJew,6
ZDakke,3
thxyoutoo,1
BobZebart,8
cristobal1,1
Klynn7,2
imdrunkwhyustillugly,3
ManBoyLuvHawt,1
HappyBirthdaySpray,1
the_poodleo,5
jmh_stirling,12
White_sama,4
dangerzone194,12
lolatlol,1
xxhamudxx,3
IndefinableMustache,6
atcq92,2
xyrgh,24
MorganRFC,3
Yosonimbored,7
bafunke,2
wolfbuzz,6
ActivePudding,4
ianmilham,10
PM_ME_YOUR_SUNSETS,16
viper459,1
Mikey_MiG,44
Havitech,2
Nick_Gerse,8
Weenercopter,2
Firestar911,3
Libertae,3
LYPX,1
SSPeteCarroll,2
ajoros,2
ChrisBruce32,8
VforVegans,6
TheDarkRocjamBacon,3
conradsleight,1
navysealassulter,3
IntrwbsPirate,4
Dat_J3w,47
kalarax,2
stvb95,1
Dman896,1
poopfacemcgee,1
SynysterSaint,1
omgubuntu,1
SwineFluPandemic,1
Aretnorp,1
Blightuzch,1
AP_Norris,3
iHellcat,6
Happymeal1993,2
fern420,1
symbolsix,2
waffels,1
T0mbi,1
Touuqe,1
ChargerCarl,7
Vanquifier,1
iiw4rhawkii,1
zippeh,2
Rehvok,1
forthecake,6
r4pt012,3
ohgreatnowyouremad,3
turdlefight,1
WTJay,4
Radeusgd,1
shadowmoses316,2
exkon,5
EnterPseudonym,30
Scorchstar,1
B1G_,4
Venemouse,7
RittenhouseVideo,7
tokempole,1
OutlawOfFortune,1
Syatek,19
coldsholder1,1
Officer_Perkins,4
ForMe,3
AMDecker,1
metalface187,1
omgitsdavard,1
ngroat,9
rapturedj,1
LincolnNZ,9
ChiefFacePalm,2
A_Woket,1
immissingasock,1
NEED_TP_ASAP,1
ELITEJoeFlacco,5
vIKz2,2
battlefacts,4
Mygaming,6
Midasx,1
drakulaboy,1
Zeplooo,2
FLOCKA,1
Mortuus_The_Black,3
Bimbonkens,1
THIS_IS_NOT_THE_NSA,1
EasyAray,4
HickoryDuckory,1
justsomepersononredd,1
Kaffeerappel,5
someskatevideos,3
TheSabe,1
savagewinds,5
royaane,4
Monkeysplinters,4
ThePurpleK,1
MrShakyhands,4
CrazyNacho52,6
LiamHing,1
csIcaK,1
Irish_inch,3
Bankrotas,4
klippapizzan,1
Jwats96,1
tgm0,4
AnthonyDraft,2
iReach_for_chip,8
NomDeCyber,4
danilosaur,1
nemaides,1
sawser,4
dieselcreek2,2
uncomfysocks,2
rocbnd,4
vitorizzo,3
Starbuck_OS,3
chetoflep,6
9315808,6
DukeofGebuladi,7
wigglystyle,3
iCrackster,8
Quicknoob,2
Mark_Francis,2
avidwriter123,5
Munchies70,14
Clientkill,8
BeastMcBeastly,2
_wheesht,3
Laaandry,2
YourHumanFriend,2
Doodle210,1
CptnKickass,11
maximizer39,13
UndeadStormtroopers,2
lort683,1
FaceOfMutiny,7
sebbodes,11
Ivanator2294,13
Sodafrukt,1
Zenchreal,1
Wolfman98,2
OminousForces,2
tsvjus,3
CornThatLefty,1
1nnovation,1
Phizixx,5
iboondock,5
iggyx360,2
drkow19,10
Abomb97,5
oNinjaDispatcho,12
Beastmon142,6
Pascii20,1
gtonizuka,4
MisterGutsy1,1
Das_konig,1
Fazarelli,3
aggresivenapk1n,14
Yogurt_Huevos,10
jimopl,4
maanu123,4
WutUtalkingBoutWill,5
afrosheep,6
connorthehun,2
Dt967,6
DbzJonathan,2
Flope,4
gundams_are_on_earth,4
bru_tech,1
PaperClipCharlie,1
BapoKhan,1
FatGirlsNeedLuv2,36
SerengetiYeti,1
busmaster,1
JonasIsAwesome,10
Pengapotamus,2
Kravior,2
Daninator1,1
Combo_Beaker,2
Frisbeeman,3
fookingthing,2
Sixks,4
MellowHigh666,1
SnipsTheGamer,3
evandena,5
SOMMARTIDER,1
FoodBasedLubricant,5
TheSneakyRussain,3
KSI_SpacePeanut,11
TheThinMan34,7
tackeart,1
TheCoxer,2
azncrack123lol,4
popups4life,3
RalphNLD,11
Millhouse96,1
Fallen_Glory,2
P_Crabz,2
oldschooI,14
Plugawy_Nedznik,7
marius556,1
dv893,4
Khad,2
Zalija,2
Sullyrows,4
bbqburner,7
BruiseWillis,1
AppleGuySnake,1
SvmJMPR,14
column5,2
zipposrmylife,4
clydefrog89,4
SirDolo93,1
Nivius,7
kameeleonn,8
Prokeyboardmasherhd,5
D-Tre,1
MeanMrMustardMan,1
postoasties,1
THodgey,11
LegitZohan,3
2infinite,7
SvenMan76,18
joshnoble07,3
aRVAthrowaway,13
Tweek88,8
DubXero,1
TangoOscarDD,8
roodypoop1sslips,1
thelazyblazy,14
HeliHijack20,1
TRALLALAL,2
1vertical,5
frank14752,3
kiekendief,3
slvl,18
FriedrichX,4
Burddman01,3
Pechpilz,1
Kadenza47,4
Terran_Republic_Dude,3
ReallySuccessful,4
Theguywiththeface11,1
AverageAnon2,12
YourCrazyFriend,6
noodygamer,9
alexendoo,2
benandorf,2
guisar,7
JamesLango,1
stoutshako42ref,1
1thecop,3
DieScrub,6
rxdney,7
masedogg,3
eamono99,3
xxHikari,17
Kaishu,3
TheMadSoviet,4
TehTrollord,24
MrMagicpants,4
mr_duong567,18
RonSwanson9,4
Rapn3rd,6
joeyoh9292,4
pucykoks,2
erkie96,1
Sirjohniv,1
riptide58,1
resu4321,1
Ramzuz,1
TheNerfBat,1
AmateurChairSitter,3
rquattro,1
Im_Your_Turbo_Lover,11
CCT1868,1
Underbart,1
ragtop1989,7
MrLeb,2
someshooter,21
youse995,3
CookieApproved,10
wheelchaircowboy,5
dchelix,4
11Chuck,1
Necromas,3
Soundengineer,1
ghostderp,1
Wooaahh,7
AlfredHumperdink,5
