Username,DAE
evelynpeach,1
TheoreticalFunk,1
Bella_Marley,1
LongJonSamuel,2
Spaghetti-hoes,1
vkashen,7
ssanne27,1
xXxBIACKOUTxXx,2
drafterman,6
zimmii,8
JustAn0therUsername,3
THEMACGOD,2
AcrossTheUniverse2,12
Xok234,4
malditadesgraciada,3
HangLoose1211,2
alwaysdrunk,4
chancellorjay,1
LaPXL8R,2
NotsureWhorWhy,1
weahman,1
lefti4life,1
Plankzt,1
NeWeed2Talk,1
daniaaa,4
Durango1917,2
hikersdad,2
walker419,2
tryingtoworkoutmylif,1
neontiger07,3
diegozng,1
Bitter_Bastard,10
THROUGHFAILUREIWIN,1
tagayate,2
Fat_Dumb_Americans,5
TLFS,1
Azul788,3
MystikIncarnate,2
PaterTemporalis,3
youaresoneighborly,1
timeiscoming,1
Fign,2
Shadisica,2
SirAlien,1
monsa3,1
jonny_orange,1
thelotusknyte,1
studleydudley,1
A130938,1
ElizNewEdge,6
matstars,13
rcrum8,1
anarrayofcharacters,1
kevroy314,1
BDM22,1
1iota_,1
johanka5,1
corpsejelly,1
CATHOLIC_EXTREMIST,1
CirqueKid,1
That_Unknown_Guy,3
whattheboo,3
Could_Care_Corrector,1
Brickulous,1
taco__corp_,3
WesternMagic,1
Ixolich,1
oklahoma_mojo,4
ThePlunge,2
ShaneEnochs,2
TheBobLoblaw_LawBlog,2
Zantazi,4
Giantscanbegood,2
dankporse,1
Sparkledonna,3
cmVkZGl0,1
PsychAndTea,1
mjbehrendt,1
Durien9,2
HeleneyesKellerears,29
csupernova,1
TheAndrewBen,1
AccountforCringePic,7
munymuny200,2
swordmagic,3
nygrd,1
dundiggitydidit,3
BellyRave,3
flores4570,3
calyphus,10
Future_Washingtonian,1
Linux4lyfe,1
magictravelblog,3
InsaneImmortal,1
userxuser,1
caffiend98,2
Wrathchild310,2
turtlesarerad14,3
DunderMilflin,5
SulkyKid,1
jjthellama,1
eenhuistke,2
sydkneedeepinthedead,1
Tipster34,1
IEatWeighTooMuch,2
BassNector,7
VALLEYOFTHED0LLS,2
Finnthehero1224,2
illmatic2112,1
Cooptwentysix,2
Patticus1337,2
UnholyWish,1
IwantANaccountTOO,1
Diesel1425,2
Smokinhenry,3
wineoholic,1
weedbearsandpie,3
callowass,1
Ra1ndown,1
AllpowerfulGenie,1
IamSeth,1
girlindie,1
soylamesa,2
Agent_Nycto,8
zwinky588,5
BombastixderTeutone,4
clungedestroyer5000,1
scknight,2
smackmypony,3
willr455,1
GlucoseGlucose,1
UglyJuice1237,1
rastapasta808,9
Dill-usional,10
fryderman,4
s4r4hz,2
ScoobyDoobieDude420,2
Maximus117,1
Warqer,5
I_love_pens,1
Phapn,1
kulpa23,1
PancakeEater101,2
zau64,4
SuminderJi,2
ZsaFreigh,1
murloc10493,3
dazealex,6
Ontheneedles,16
Asaclubs,1
Kendo16,2
jerbillong,7
Awarsen,1
nath2411,2
hairysassylegs,2
CollegeRatInc,6
nsoysauce,1
brandonopolis,1
Tazmily228,1
yonoober,3
BreakinCombos,3
Djeic,1
MyPenLeaksFire,2
Zombie_Bob,1
kittydancer,3
byebyebirdie3,1
OrcsSoFarFromAukland,1
TheAmbiguity,3
grannywatcher,1
thebenprocter,2
Mercedesice,2
ZhanchiMan,2
ToffePear,3
tea_head,3
brogles,1
esunbaboon,1
randomgirl27,1
butts_are_good_24,4
MyNameIsSkittles,4
morphotomy,8
themortalwombat,1
gonzofly4,1
AusJackal,2
Rosco09,3
maple_bacon_pancakes,2
grimhowe,2
fascfoo,1
KnodiChunks,1
travisnotcool,5
knightjohannes,2
jerkfirecracker004,2
Ausr1,1
Chrisblag89,2
saintsfan1622000,2
fathak,1
Hasmith99,7
Clover1492,2
TheGhaoi,1
Satanic_llama,2
nyan_narwhal,1
DoingItLeft,1
PolanetaryForotdds,1
1fuathyro,1
xwhateverx,3
m0kk4r,1
st0rmywaters,2
rizegen,2
Wisdom4Less,1
Altair357,3
Noche,3
OrbitingFred,5
AdVictoremSpolias,1
ipeench,3
underdogadam,1
jlebowski6,4
pixelbuddha,3
CaptainAwesome06,2
WorstHumanNA,2
LiquidAsylum,3
dannyandthesea,1
littlestghoust,5
Winnapig,1
Cbillz913,1
eric0911,1
Cydex,1
chayhaus,1
MrXaero,5
Elgier,1
CowardAndAThief,1
UsernameThe4th,1
imthephil,1
Henrybra000,7
xTerminalNation,6
catalinawinemixer,1
Wildest_river,1
paleo_dragon,2
SpeakItLoud,7
2meterrichard,22
kybll,2
BoPelini,2
funkytrick,6
stmbtrev,1
SmokeySaysWhoaThere,4
csmith1991,1
RetardedRapper,3
Axeldoomeyer,1
sativacyborg_420,1
TreeeFlower,2
Ryphor,1
ikeandtinatuna,1
rikeus,2
TheOperaCar,1
yayhotdogs,3
naive_dreamer,3
UpvotesKnowledge,1
definingcat,1
Jawne,1
GivingIsLiving,1
applejade,10
staplerdude,3
kick_the_chort,1
justnodnsmile,3
jacktors,1
Rkennedy5150,1
WoopAhhh,3
snoozieboi,1
jimminy,1
Concernedcitizen001,2
johnecgsmith,1
BlackestDusk,5
bs1194,5
robotgal,1
Soylent_Gringo,4
ktajlili,1
Herrenvolk41,1
IttyBittyKittyTittie,1
ilicho,4
baristabarista,1
lamagiequotidienne,1
Bigow,3
hamletz90,2
jackasaurus-rex,3
kristofus,2
fart_taste,3
shuddleston919,3
bambiwife,1
CHILI_POTATO,2
Machiavellist,3
anjunabeats,1
IAMA_YOU_AMA,2
Nunganunga,2
loading73percent,1
SCHMITTAY,1
herpderpfeynman,1
ZayJay,3
RJH311,1
Bombjoke,1
v00dude,8
faalzsha0,3
akkatracker,12
BluesF,6
Chaseshaw,1
beware_the_syllogism,2
Gregorofthehillpeopl,1
samrudloff,1
puddlesofblood,2
ashyp00h,1
ermoonde,1
101koala,3
sp4ce,4
suckitifly,4
nullibicity,1
Taciturn_desultory,2
abc69,1
jasenlee,6
TheWoesOf_Hoes,1
sadthrowaway_AU,2
OGCoffeyBlack,1
RichardBachman,4
saywhatisobvious,1
ungymnast,2
Boomerkuwanga,2
skjenolc,4
geekworking,2
paul1905,1
GummyPandah,1
titmau5,1
JF425,1
me_myself_and_hi,10
cosmicjacuzzi,1
antidense,1
Happyroller,1
DriedUpSquid,1
vwgeist,4
grandmasterthai,1
Purplesugarbowl,4
rabidbasher,5
Vitztlampaehecatl,2
SharpTenor,1
SchwillyMaysHere,1
poopy_mcgee,1
hectron,1
mookstar1,3
Its_Lissy,1
ryaqkup,2
TheDangerBone,1
CAN_ZIGZAG,3
PaulyMcBee,2
KLimbo,1
letter_cerees,1
wibbles825,1
basedpapi,1
Originalluff,3
CabooseRvB117,1
ThinWhiteDutchesss,1
holycityhell,1
BangularMomentum,3
Imaginary_sandwich,3
BenignName,1
chaoticjacket,2
Maryjane42069,1
not_safe_for_you,1
broken_shins,5
Poitertoip,3
YouWontBelieveWhoIAm,3
TubePincher,1
super_cheeky,2
schwartzchild76,1
lord_skittles,3
monogamousprostitute,4
CarolinaMystified,2
DrPigeonShinz,1
MyMothersPoems,5
danilani,3
robarian,1
SquaresAre2Triangles,1
alotofnothing,1
WeirdestBoner85,3
Dunkcity239,2
marc2dz,1
moonmuse,1
aprole,5
packy104,8
thetafferboy,4
dolessgetmore,3
NotMeUsee,1
den215,2
jugdealer,1
nedonedonedo,1
allhaillordreddit,1
lostmyjack,5
parapr_xia,1
JuicyBeans,1
Sedobear,1
MattGabe,1
derpface135,1
Facelamp,1
Thorax_O_Tool,1
spacecat124,1
AnthropomorphicPenis,8
Wyrdash,1
Indifference11,1
NewWaveArch90,3
Champagne-And-Reefer,1
Shroffinator,6
Kiwispam84,3
AustinQ,1
AnotherSmegHead,1
TheByronicGoatKing,1
fallingwalls,5
VinnyVino,3
sirjev,6
RightEZ,7
afrientlypanda,1
TheBomar,1
BS-10,1
Stynat,1
NolanaTwice,1
technoskittles,1
SkyrocketFilms,3
jsnoogs,1
BW900,15
cleverpseudoname,5
Roscoe_cracks_corn,5
iaskaquestiontoyou,1
PyroSpark,4
Froginthemiddle,1
4boltmain,2
jodythebad,1
StumblyNinja,3
pharmprophet,1
Sabertooth2251,14
wikkidasian,1
phatmagic123,3
Sensorfire,1
abbeynormal,10
PyroKittens,1
imjerry,2
wanderingandroid,2
BeerFlavoredNipples,5
genuinely_spurious,2
papa_N,4
Mistawright,2
GinjaNinger,4
RuCkGuY,3
Allthingsugly,3
Mr4Strings,3
Gamblingmoose,2
SketchGoatee,1
Diskutant,1
Kryeiszkhazek,6
EppiPhyzzi,2
Ravynesque,2
FeedMeCletus,3
theweltinator,1
neotopian,1
PerineumPowerPunch,5
josephlucas,2
nozafc,1
Frank_Jesus,1
doafnuts,1
lostdeceiver,1
ericaciliaris,2
CupcakeMishka,1
DieselPower8,3
shebendstheboxes,13
YCANTUSTFU,1
whynotboidzerg,1
jpeedge,3
EndorphinAnnie,1
mjhayhurst,1
sillystephie,3
BenjaminGeiger,1
Ilikebigmacs,2
disposabledave,2
infinitesighs,1
ewen5000,1
Recondog762,3
redboss34,1
marvelous_molester,6
ConfirmedSFW,2
prothello,1
jarvistardis,2
IComeFromSalina,1
2258kittykittylick,2
chef_orange,3
flame7926,3
Anarkope,1
Disobayish,3
xana452,1
BattleTitties,3
Maxiscoolerthanyou,1
theunworthyone,1
zombiechris,4
cal_a_wishus,1
MauPow,8
BroncoSwift,1
Lyzern,1
DRAWKWARD79,1
Flappaslappa,2
pokeym0nster,3
grabyourmotherskeys,5
ccarico,1
bc830,1
216stitches,3
BrainDeadGamer,1
QuestioningGuy,1
jackw95,2
MrPetals,1
Brendles,1
skullkid777,5
Throw157,2
faith_trustpixiedust,3
junkfairy000,2
htmlcoderexe,2
POOTDISPENSER,2
Sing_Me_To_Sleep,1
Teamrayray,7
cuppitycake,3
thesaltyoubreathe,6
ThrowawayAcc1337,2
DrScabhands,1
sooneday,2
Thoma9,2
NobodygoingNowhere,4
mmtree,3
smarty_skirts,1
DishwasherTwig,1
chriswalkerisgay,2
JRDerpwing,8
MeatwadsTooth,3
Rusty_McFartflaps,10
IWantAwesome,8
Grokke,1
fyidiot,1
TheBackstreetBoys,1
Erucarana,1
idontfrikkincare,2
elfliner,1
Quinnanah,3
dayvOn_cowboy,7
NotAfterYouLickedIt,2
MINECRAFT_BIOLOGIST,1
PromiseIWontRapeYou,1
NowTheyllNeverKnow,1
RKBA,3
toopen22,1
bl0nd33,1
rockketman,2
BaxterAglaminkus,1
messedupmayhem,3
rossa8,4
aerynjbson,1
the_randizzler,1
jeb721,1
bob3000,2
elspandex,4
LaMerD,2
TheHitman04,6
taytermuffin,2
NUKEIRAN,2
grapp,40
aham312,1
5up3rj,1
globaldu,1
jecxjo,2
SDr6,5
shun_tak,3
Meterus,1
kryptonik_,5
YUNGLOCC,1
CougarForLife,5
jmac217,3
narddawg314,1
yeti0013,1
Logic_Nuke,1
stargrunt6,3
brimbank,2
godless_communism,5
delboy83uk,5
lauucken,1
MrPhoeny,2
DreadPirateFlint,3
JV19,4
MyKarmaKilledURDogma,3
hyp3r309,1
waig,2
Cathy_witha_K,2
memememissc,3
floatoonflickr,5
Nerfle,1
StrangerFromTheVoid,4
Cafris,4
tk1178,6
thegrahamcracker,4
TisNotOverYet,1
Prester_John_,3
alekzander01,7
GlenBabarnicals,4
ziggythebear,5
poppinpez333,1
Aquila13,3
80sKid,31
emulatedsloppiness,2
FieryPhoenix420,2
toybek,1
someshwaguy,1
Andres_is_lame,1
fezziks_human,1
vanityprojects,4
Twas_Inevitable,1
sgt0pimienta,1
shlugen,4
Virvelvind,1
avacynangelofhope,1
JoshGoldFish,1
kraftythings,1
chickensaurus,6
ricksmorty,1
hoverglean,5
jjr51802,1
deprizzi,5
Salt-Soaked,1
initiallyperk,1
TheLawlrus,2
thedarksalmon,1
gloria_snockers,1
shazam_man,2
RhettS,3
kdar,2
dofsmartins,2
DaleYeah,1
Amstradame,1
Just-me123,5
Varks,4
Fig_Newton_,1
Dr_Sister_Fister,1
SithLard,1
Hey9jack9listen,1
Whisperacisthings,4
breakingborderline,1
dlerium,1
Ninjaushn,1
beavers10,3
SpaceAgePimpin,3
Thatcrazylemur,3
zigzagg321,1
TotallyNotReagan,1
eepeli,2
Neandros,1
minusthefat,1
amit_palrecha,1
MikesKitiKat,6
NutellaIsDelicious,1
_participation,2
Duste,1
toolatenofriends,5
aqua_zesty_man,13
twobobsworth,2
Ihaveanotheridentity,1
GoLightLady,2
Reldar,4
glamgrl203,1
tullabulla1,1
GeorgeNelson,1
indiefolkfan,2
CptBoots,8
TriWeed,3
Kumquatodor,1
nomadfarmer,1
apt-get_SenseofHumor,1
Too_Bad_I_Like_Limes,3
alex91s,1
mistermorteau,2
smp501,3
pinkchaintool,2
mechante,1
EmpressK,1
drunkferret,8
vie_melancolique,1
LDawg618,17
wrgm0100,1
Scoutw13,2
saucedog,1
Fergi,1
Soleiliya,2
CollegeStudent2014,4
kpbrian,2
dltn_put,3
jwyche008,1
Applelick,1
BOBmackey,3
____DEADPOOL_______,3
FormerCommie123,1
LowerStandard,2
NumbersOnTheBoards,1
Digitalabia,3
jimbeam958,2
pythagean,1
sativan,3
gingercaked,3
Anonymous284,5
4O7,3
ArianaArmy33,1
trigunnerjin,1
fkingashole,2
williamrikersisland,1
Teggert,4
playernamedgus,2
pepetito456,2
solomania9,1
bendistraw,2
neo3547,2
imamaniac,3
itsthejesster,4
Blake_Majer,1
Bgrbgr,1
kqvrp,3
slothra2,1
Crazyfruitdude,2
64fp,3
snaaaarf,1
Meggarea,1
I_like_butholes,2
theotheramy1,1
666OFWGKTADGAF666,1
needsunshine,1
yourlycantbsrs,3
localcalzonezone,3
jonasbag,1
Chief_Boner,1
sixthfinger,2
toopersnickety,1
filthparade,2
mothael,1
TheBadWing,1
nutisland,4
sugly_fluck,4
bretstar,2
TheDoctorEngineer,2
czgheib,4
primal_funk,1
staticFinal,3
hotkisss,1
katie-j,4
Ofreo,1
neo_mortis_dei,1
PallasCormorant,1
Elylden,1
pm_me_your_poop_plz,3
kb95,3
lewisj489,1
hiltonking,1
barakabear,5
rageagainsthevagene,1
theorganicpanic,1
bsbomb124,6
ProsithiusErvingMott,1
Timoje,3
Deux_Schnozzle,4
mathnerd3_14,1
Hugust,1
Kramanos,2
PartyBusGaming,5
YarharALC,1
DC_RUCKUS,2
RadicaLarry,4
trev719,3
notyourgori,2
Kvantftw,1
Sincitysir1,1
SirGuileSir,5
leTharki,4
suntartshark,1
Karma_Gardener,4
SheeEttin,2
ACiD_NiNE,2
junesunflower,1
sahinalim,2
NeedToReadMore,3
awesome_m8,1
bidoofisonfiya,1
fz6greg,7
angstybagels,1
Suuupa,1
Bismuth-209,1
Jonno_FTW,1
swayzxpress,1
backspacecentury,2
Man2424,1
cazlewn156,1
mthomas3900,1
nromolo6,1
alicenoodle,2
Lindseywastaken,1
engpaliasch,1
camimiele,2
ilikeeatingbrains,2
Burqueturkey,1
HiThereNeighbor7,1
vivaladisney,4
SomeRandomRedditor,1
cgKush,1
Tyler510,10
Kaelypso,1
CallMeSugarbritches,1
ExistentialEnso,8
Treshnell,3
TheTrollys,2
Rocklobster92,7
cocobabbs,1
SirPeterODactyl,1
unclemeat9,1
ferrarifan962,1
TheAerofan,2
ZenHarasaki,2
cteavin,2
AnImpromptuFantaisie,1
lyingprincess,3
DiaDeLosMuertos,3
GarnetMonsoon,3
rodriguezlrichard,4
Castaway77,2
pacific_dub,1
avayalel,1
maxwell7301,2
mike937,2
fondots,3
DENNEMI,1
hardypart,20
JesusHipsterChrist,4
GoodGreeen420,2
Burning-Z,4
pffftyagassed,2
Militant_Worm,4
rumbis777,1
ahugefan22,1
murder_train88,1
Elephantmenstruation,11
EnoughNoLibsSpam,4
azziautopsy,1
Tim_Fragmagnet,3
Hello_Mellow_Yellow,1
TrashBoat14,1
duraddo,1
neuronomics,1
philipny,1
dewdude,5
oMOOoCOWo,2
wormivv,1
molipin,1
vulpes67,3
rarelyresponds,3
Dwarvishracket,1
Badwolf2013,3
God-of-the-gaps,3
DoubleNegativeNancy,1
CallMeCrow,11
Smokeya,5
WendallX,2
Dr-Teemo-PhD,1
dotyertees,2
throway091,1
deadfermata,1
illuminati-,4
LovePortents,4
Julayyy,1
zeugma25,5
original_4degrees,6
bluebirdblues,1
NoFightingInTheTeaRm,5
ericfromdigg,1
ZeroCitizen,2
SlyKook,1
SirHumphryDavy,2
Kawtnaaay,3
SoMuchAIDS,1
Agothro,3
Hoff16,1
BathBendy,2
bertburgers3,1
ctyt,3
icantdrivebut,4
ttufizzo,1
TheyCallMeAHuman,1
Weinerwanger,7
Osairis,1
Universcience,4
toblercity,1
cat_with_tits,3
Almostana,16
noir_lord,1
DEEMANYWNA,1
weaver900,8
daela,2
PhilbinThaison,4
glitchisgod,2
silverwarbler,8
LieutenantKaiya,5
lpg975,2
DartanianG,3
lifetimernd,1
schrodingerzkat,1
killermoose25,4
shorty6049,2
zacharygarren,1
rr159,1
horyo,1
adventurepants,3
KnownToPolice,2
caulfim,1
iammgf,4
aerojonno,1
dontlookatmynameok,1
braeica,3
vaginadeathsquad,5
zmonge,1
mattpayne,4
poorly_timed_jackson,1
rexolot,1
Yinonormal,2
burnedagain,1
twinsfanmatt,1
XEN5,1
Apostropherad,3
bkal117,4
fireshaper,10
Darvoid,1
RedniktheBear,1
deloreanguy1515,3
Ryo95,3
Melissa6381,1
gerbiltits,1
bluepaintwhite,2
sicengel663,1
drew489,1
BarlesCzarkley,12
xXGODKHRPXxlol,1
Notoriousj_o_e,1
Frankthabunny,3
YourAuntie,3
changam,1
Icomefromb,4
WarpTheWorld,2
vapoursky,1
Sharia_Baww,3
Free_,11
undercover-wizard,2
TrimHer,2
saintNIC,3
Gojira0,4
the-iron-queen,5
Gunslinger09,1
yroc12345,1
lindsayadtr,3
Macky21,1
wafflehatbutter,1
Craftistic,1
Vranak,1
pavetheatmosphere,4
cerealkiller155,1
Super_Zac,14
PBMadCat,2
Fenix022,4
Throwawayerery,1
WeekendWarrior33,1
tjamison83,1
dddylannn,1
freddymungo,1
stanleyfarnsworth,10
cwop,2
Pthomas1172,2
Valman,2
DonkeyKnuckle,2
AbbeyRoade,1
EpicPooh,3
PikachuDruggy,1
EdwardSnowman,17
WunderBoss,1
Rouge_ass_dieezz,1
Jimmytwofist,5
Mac4491,8
collettemn,2
napalm_beach,4
Embraced_by_Darkness,1
ZucriyAmsuna,1
coldvault,3
szheanyi,3
Thenanore,2
meltedlaundry,7
darth_taco_117,1
alejandro_alex96,2
Hobbes579,2
__James,1
SociallyGhetto,1
nandrizzle,3
kirbz1692,3
zebrashaft,1
HalEmmerich14112,1
tom641,18
faregonz,1
clearlyblackduelist,2
rebelrevolt,3
mstrandquist8,4
speakingwithnofilter,1
kipputznik,4
rsmichaud,1
PaulReedSmith,4
coffeethief,2
OtisTheZombie,10
MyHeroesWearSteeltoe,6
full-wit,3
LSDXM,1
Dragovian,1
Calluhad,19
hoop420blayz,1
willm,2
Hyperchimes,1
Redeemed-Assassin,1
Deletious,1
liamorocks,1
pandashpace,2
djeinstine,1
UhOhSpaghettios1963,2
Bromog,1
whatsinaname007,3
SirZazzzles,1
n8bit,1
queenblackacid,4
rotndude,1
UAE9,3
TheNamesClove,1
PhantasosK,1
ImperialDoor,2
dcorbe,7
MrMacguyver,3
hecubus452,1
GodRaine,4
nutshell612,2
Tonyper,7
Ztrangerdanger,3
1995C220,2
HanSoloDaSmoker,1
openletter8,3
throwaway125d,1
zotquix,5
oaks_yall,1
AJGatherer,2
Diamondimus_Prime,4
TheDouglas96,1
MapleA,4
mybadselves,2
epiphanot,32
Dr_Popadopolus,3
DarkSparky123,1
morningredbird,2
JTHB,3
coscorrodrift,2
Swankified_Tristan,2
decaydence,1
ki11ak3nn,1
lynzee,2
Ansonm64,4
KH10304,4
sneakygingertroll,1
ArchHero,5
theupdown,1
throwawayghia,1
DrossGnostic,7
PsychedelicCucumber,3
Halervane,1
joebothree,2
rozumiesz,3
vans178,1
Votskomitt,2
Zep_Rocko,2
skullshark54,3
alex_archer,5
youseeitp,3
Talvanen,1
eric22vhs,6
Hambone0326,11
celticcross,1
HammerOfDawn,1
diagonallines,4
notaphilanderer,2
dalaimama,4
ancientye,1
MaxNanasy,2
Maytagg1034,3
fullmetalfalk,1
JesterOfDestiny,3
brohan28,1
farqanator,1
JSA17,1
mhickey89,9
Anthr89,7
MysterySaucer,1
i-am-depressed,2
RileyRichard,3
jdb-44,5
PenetratingGranny,4
bonez656,3
InsanadyWolf,1
Boyband08,3
NattyGon,2
sime77,1
ButtholeNinjaz,1
ywkwpwnw,4
KirbyPasta,2
Jamesshrugged,3
BrookeWhoBabbles,2
ImAwesome64,2
mrdeadeye,1
TheLadderCoins,3
TortoiseWrath,5
dabigging12,1
Broda14,4
Readvoter,1
TomJizzo,2
Chipkellyeatsbabies,3
JustGoingWithIt,2
RedShirtDecoy,1
justmehere,3
FrankieSucks,12
megookman,9
Jbeamz,3
mrfunktastik,1
Rob1150,3
IPOOPonUCLA,2
TheSandmann,5
tylertime98,1
hydrocoma,5
De3De3_,6
Mremerkin,5
dacraftjr,3
chetmanly2,2
fpsdr0p,1
boosch_007,3
heather_burgan,1
simlet,4
Groundhog_fog,1
wincestous,1
baldeagle1776,4
Spotroy,1
antruffino,1
crocoducktaco,3
NIU_1087,1
ididnoteatyourcat,1
tobiasvl,4
fullmetalretard666,4
gingerfiggle,2
baniacal,1
Berserkurinn,2
Gunski,1
elmarciano,1
gladudontknowme,1
agileadam,1
Cygnia,1
_Travestee_,2
Shadowbubby,3
timperry,3
Gurgumul,1
3AlarmLampscooter,1
bobbyfiend,9
Imacleverboy,4
GamingPaladin,1
RAND0M-HER0,6
DirtyInRedPants,3
thisisfats,3
Monosentence,1
Pacman97,1
solaceinsound,1
pixilizations,2
homedoggieo,1
CantCompete,2
acoodle_doodle_doo,1
PolioBreakdancer,3
samzeman,3
thumbscrews,1
TweakedCulture,3
Derosa6037,1
Bluesfire,1
linearone,2
repptar92,1
Klaue,1
koryisma,2
headlessVision,1
IIO_oI,1
UnbelievableRose,2
anal-cake,2
bluestlady,1
Bigdaddyjim,1
IHateAllOrphans,3
DicksMagoo,1
zeugma25_nsfw,1
Odious_Maximus,1
cowi3,1
myepicdemise,1
justinisntfunny,1
Itdontmattertojesuss,5
VoidTorcher,1
Trololoo,5
ThisIsMyUsername_22,1
Cerulean35,1
positivespectrum,1
tressloosaf,3
Crashdownx,1
JamesAlonso,3
chrispyb,2
LordofMuirfield,3
tazok12,1
steamcube,2
PaperbackBuddha,4
arkzist,1
azerbatron,1
maniacmansions,2
Wicksteed,3
xsarahwhitex,4
encaseme,2
ExistentialCrisisGuy,3
evess_arudem,2
stupidpussy,1
ibrake4monsterbooty,1
Flon890,5
UNfortunateNoises,3
Olioliooo,6
just_some_guy1976,1
leparsdon,1
fanasticmatt,1
thirdGEARchirp,5
lookhereiam,3
Meffrey_Dewlocks,2
Lots42,11
thebigsofa,3
nesquiksand,1
fightingjesuit,1
CuttlefishCuller69,3
Codizzle0024,1
DistortionMage,2
msalberse,4
Doobz87,3
Xeudos,1
eberkneezer,3
dragongrl,1
dstuckie,5
YrGunIsDggngIn2MyHip,1
tehverdikt,1
DCMFDOOM,14
Starzajo,1
EdwardSnowmen,25
xohgee,3
stellargrrrl,1
amazingmrbrock,1
honeybadger21,5
jokerz56,1
axck,1
LeShrek,1
nemodot,2
Goobersita,2
PM_ME__YOUR_ELBOWS,1
marissaj325,1
BabyFlower,13
lividhatter,4
VisualBasic,3
bunky12,2
LucIamUrMother,1
bebruh,1
GregorF92,1
Mishraji,2
Fantismal,5
ImOnTheBus,1
ailidhe,1
twistedfishhook,2
angryfinger,1
2androgynous,1
athanathios,1
Steel666,3
RANKINFullStop,3
honore_ballsac,6
Roflbattleship,1
RecoilS14,1
ToJ_nomore,3
Genericname48,1
rylan09,1
zabts,8
Live-On-Pool,2
doompalace,1
drunken_superhero,1
sassy_frass,1
UltimaGabe,6
dtabroks,3
dijit4l,1
ArchAngel70120,1
Etohlic,1
roastbeeftacohat,2
Programming_Response,2
Justusbraz,17
twistedh8,2
The27thS,2
blindsamuri,1
JediFlipTricks,1
daysweregolden,2
Tharockus,1
MCMXChris,5
thatdood87,2
thedirtiestsanchez,3
rowaboat9,1
PunkJackal,3
Purecheetodust,3
ToolPackinMama,5
boddah87,8
robothobbes,2
CaptainGhirahim,1
wallabywrangler,1
EyesOfArgus,3
Hunter2-1Actual,2
ClimaxEcho,1
MoreFlyThanYou,3
djstangl,5
hambeesly,1
foodstop,1
marijuanaholic,2
Starch,5
danzey12,2
dilloncola,1
Dvorak_Simplified_Kb,3
xb556,2
iliekmusik,1
Freiling,1
Un_Touchable,1
8549176320,2
trollzers,1
Pampered_Cynic,2
ImmodestCodpiece,1
Vsyadu,1
fucking_hero,1
McGobs,1
username,1
Csplayer55,2
Zcougar,5
knowses,1
Jyanga,1
carebearcountdown96,1
AlbertHaynesworth,6
Shamwow22,3
SayNoToWar,2
giveitago,1
CrazyMundo2012,1
Cornhulio,1
Weegee_,2
jmjackson1,4
Sackler,1
EpicNight,7
GoodnightMoon6,2
Wakkadude21,1
iseeyourpanties,2
hugepenis,5
ladyfoghladha,1
jaynone,1
DemLeeroys,2
flanior,1
daltoik,1
outofpatience,3
meggyver,1
eewwee,3
PHAHTROX,2
throwacatcount,1
CurseThoseFourKnocks,1
hislastfirstkiss,4
cdb03b,3
Gatorburger,2
__z__z__,1
ErawDaRuler,1
dewsh,4
Kryptonaut,1
604UMAD,2
JamesLovesColoring,2
10_KG_VALUE_PACK,7
Sgrandd,4
borb86,1
Poqz,1
Moonpiles,1
af_mmolina,3
Duc620Dark,1
AngstyEggroll,1
RealAmanda,1
Hbeeman,15
cockgobbler1,1
ICantEvenLife,1
immortal-esque,4
heylookatme,1
utah1percenter,1
MarlboroMundo,1
Purgatoryduck,1
jemsj,1
Feher_Walter,2
internetsaremagic,1
thedangerman007,1
ykcul_yats,3
cellur111,1
kadly,2
GnarDoober,1
Jest2,1
Riptaur,3
the_monad,1
Sil3nceIsSilv3r,3
rabidstoat,1
mikeke,1
Sertorian,2
ELBotLike,2
So1lborn,2
piecesofpluto,1
GussGriswold,2
highwind2013,8
bobbym529,1
qefbuo,3
motsanciens,2
The_Doctor_00,1
spaaaaaghetaboutit,4
hurricane4,2
coyotedangerzone,2
Callan-J,1
mwlw,3
WhizWithout,4
_skywalker,7
hipsterhijabi,3
betteporter,6
ZeraskGuilda,3
bazabatak,1
Hanzi777,4
Numl0k,2
LiterallyComcast,3
flavorless_lozenge,1
Bugloaf,3
worktheshaft,2
1up-,1
poprockcide,3
Catholicbulldog,2
HeyImEricV,1
drumallday7,1
Galactic_Sponge,1
joeyramoney,1
squeaki,2
cocoaferret,10
IamVegemite,5
solidfox535,1
jake420,5
BiffiB,4
BloodDiamond667,1
epicluca,2
Sabordgg,1
germs53,3
i_dare_you95,1
logans_runner,1
chicNation,2
Misplaced_Spoiler,1
veryangrychair,1
BatMasterson5,3
JenniferHewitt,1
XxPandaMonsterxX,5
ItsQuietTime,2
whiteman90909,4
The-Real-Mario,3
TristanCorb,1
xytha,1
pornfkennedy,2
3xpL05iV3s,1
DOCTOR_JUSTICE,1
JimHarding,4
CM_Mario,2
goodatcounting123,5
Cysioland,1
USELESS_COMMENT_MAN,1
LoveIsANerd,3
monopolyqueen,1
DJ_MD9,2
AlexEscapedFate,3
blanchem,3
MelonHeadSeb,4
TheGuysMom,1
cokeidiot,3
Who_GNU,9
WarInternal,1
EyUpCocker,1
dinosaur_chunks,3
tpdemixxx,3
aftershockman,1
vdek,1
salzst4nge,1
Briighteyes16,8
ctroubleman,4
thumbyyy,1
crazedgremlin,3
yummerzzz,3
relativedimensions,2
funnyapparition,1
an0n9,3
yarddog9,1
wjescott,9
RanRanYou,1
Phnglui,1
Rust02945,1
myTopSecretClopAcct,3
Keywizard,3
IamBobaFett,2
rustychrome,4
grumpybiscuits,3
stinky-weaselteats,2
uhohzday,1
TheMuddledMajestic,1
NELHAOTEC,6
Canahedo,3
gadgetRR,5
oilpit,4
sstout2113,2
Absumus,1
Nekrosis13,2
imalittleboat,3
14h0urs,3
SaladFury,1
Thepunisher907,3
Carson_23,2
Anchors_Away,2
jlha,1
ParTxx,4
4dt,3
koebidekuehn,1
Schme_schme,1
INBluth,1
bubblez2687,1
chjones994,1
10after6,4
velkrosmaak,2
daf121,4
BitchesLove,3
randude,3
mojo_magnifico,1
higuysimonreddit,1
okchicken,8
Farts_Smell,1
Runnyn0se,1
KittyReed,5
lemanakmelo,4
farts_n_darts,1
tmwyatt99,2
The_Afterthought,1
GoldenPeach,1
Xianruflux,7
KRX61,2
Superfly817,1
mbnvcxyz,1
WorstComment_Ever,5
AJTbayBE,2
dirkalict,1
Union_of_Onion,4
Gicaa,1
TaxiDriverJustice,2
MagikkTrixx,1
sheldy361,1
UnicornProfessor,1
HighFideliTHC,3
idiotbox1,1
-Baked_Chef-,4
Missriot22,3
digital_user,1
redshoewearer,2
Kiloueka,1
UsernameNeo,3
ShaidarHaran2,2
DoctorSugarbear,7
scrumbdle,1
DaleAle,3
SonovaGunderson,1
ButtKyler,5
KuTheKid,1
colonel_avocado,1
UnluckyLuke,1
timthetollman,2
TheOtherWinchester,2
necrosxiaoban,1
agilemittens,2
MuffinPuff,2
ThirdEyeEngineer,6
kittypoop666,1
kirishoru,2
daquakatak,2
Adam87,2
deathbydanny,1
fifita93,1
TinderPatti,2
animusbulldog,1
Sidd_,2
105Hummel,6
ChaccaronMaccaron,3
coriacea,2
RogerStrong,3
Frelly_jamz,1
look_ma_nohands,3
cudada,2
vandoh,9
mtheory007,1
durangocheese,1
echelon3,1
MrBirchum,1
BarelyComical,1
SullivansTravels,1
malarial_camel,1
AAL314,1
amadprofessor,1
herbal-blend,2
shcwaig,1
imhereforfruits,4
euphrenaline,1
21bye,2
trogdorkiller,1
CatastropheJohn,1
rikescakes,2
Aqualorium23,2
karsonic,1
theHBIC,1
clevelandindians63,1
Nerdfighter101,2
whoissolace,3
kalusklaus,1
wangotangoo,3
excitedcream,4
kcsj0,2
yolakalemowa,1
greenvortex,7
digitalx3r0,6
SukaPahpah,1
LluvyStarcat,1
Promac,11
orflin,1
TheDerpyDerper,1
Zombie_Feeder,1
Adorasaurus_Rex,1
bestbet21,2
wheeldog,25
kinuman93,5
ukchris,1
waldotherogue,3
whatispunk,3
blinton,4
BelowTheInfluence,3
kryppla,1
boomer456,6
kkbray,1
Gamez2Go,1
leostrauss,5
mjcanfly,15
chaxils,2
cromethus,1
Thevoiceagainst,1
neelz2,1
LoneWanderer14,1
FNTasteyCakes,1
x1009,1
frankc454,1
freshestofthefresh,3
BuckeyesAreNuts,2
Kykykz,1
alsorobots,6
Drunk3rD,1
falloutbek,1
xojamiexo,1
OnlyDAE,4
Thanateros,1
juuce15,1
yeehe,1
DanTallTrees,3
DylSauce,1
ApolloTheDog,1
pacergold,1
TheeSweeney,1
Boston17,1
D3rp1na,4
SureAsSteel,5
is_naked_right_now,2
CrunchyBunches,2
Jjny88,4
SaxonWitch,1
Notthe1urlooking4,2
crb3,1
ilikecamelsalot,2
skweeds,2
Seekerman,1
starryophonic,7
anitsirhCniltiaC,1
infinitlyanonymous,1
n00blyentthrowaway,1
PhunnelCake,1
lezotho,1
bathroomstalin,3
Tyrsyn,2
Slicklight,2
syncrotic,1
brownmagician,5
redidedit,4
Bellekiley,1
Bomberhead,1
Forsvars,2
DrowningEmbers,1
DeuxBoy,3
Akinera,17
lazerusking,1
DrLOLSPY,4
oc0119,3
quails_are_neat,1
sleeptoker,2
mmcnama4,1
PM_ME-YOUR_NAVEL,2
Quintary,1
seatsniffer,1
imtoophilosophical,4
claymcdab,1
leftfourdead,1
SlickRickStyle,1
HerrGubba,1
Lambocoon,12
regional_lampoon,1
ChessCrash,1
Spacerangerrr,4
0000qq0000,6
Sean11ty74,1
ebenezers_ballsacks,1
SweetHoneySunflower,2
cg91,6
klotz,1
SoDisconcerted,1
lolanator234,3
UnicornOfDesire,4
massafakka,7
soundknowledge,6
Tenoreo90,1
Accountw0t,3
thebeautifulppl,2
redpenner,1
WillyBongka,1
Mahmoud_Thickbooty,2
mulquin,3
Liberatetheforks,5
joeschmoe1980,2
tomorrowistomato,7
oValhalla,1
TheFrostyChinchilla,3
synalchemist,20
WigglyWastebin,1
bluefoot55,3
barryspencer,1
aidsfarts,6
AdamR53142,1
NateZeroh,1
Klimu,2
branded,1
XJ-0461,1
owlbrowneyes,1
AlrightUsername,1
Jack_Sophmore,1
hi_im_lorenzo,2
brianjz,1
clearintentions_,1
chaoticpix93,1
SoISaysToDaGuy,1
Sharthrae13,1
evoblade,2
layzworm,2
amperages,1
fxrx,6
hao-hao,1
mxemec,1
aab720,1
username__unrelated,2
broseidon89,2
ThatZBear,7
SmashingBadToBits,6
elNarco,1
AsSubtleAsABrick,5
jokeicide,5
ruorgimorphu,4
pharmdmaybe,6
cypherus,3
Kitty_hostility,2
wallarookiller,3
salmon1a,3
shiverstar,1
DmachinistO,1
maibuddha,3
cheyenne_sky,4
changachoo,2
sje46,1
ShowALK32,1
CreeDorofl,13
AngryDemonoid,2
GeekFreak96,2
conch13,1
PyroNavi,1
Dizz16,4
higgs8,11
lakerswiz,3
gerudobombshell,1
RainbowRabies,1
Kula35,3
splattercrap,1
Jmvars,1
eighmie,7
at0ms,3
imabadfish,7
FromTheFoot,2
GnuRip,3
dhays2000,4
Borbit85,6
justanotherguy20,1
rockthirty,1
JTallented,3
Nuzzums,1
glasswings,6
Venrak,1
AdamSelene138,1
xxMRBrown21xx,2
ZombieDracula,1
benj2305,1
funshipfreddy,8
a_little_douchey,1
throwaway3053,1
5chambn,1
BobT21,1
sober_girl,3
Kulimeya,1
TimeLadyJ,1
CrazyAuron,7
eric4186,1
Jhppy,1
Apollo_D,3
lys3rgic,2
courtoftheair,23
halihs,3
Dom960,1
trustybadmash,3
ThePizzaB0y,1
defacedlawngnome,4
classymann,1
5H3MADHA5534,2
anticapitalist,1
dublifeh2o,2
happyday887101,3
captainklaus,3
RareBrownToiletFish,1
raduki,2
FrankP3893,2
wimuan,2
randomhumanuser,3
ElvisAndretti,4
chefjpv,1
envyreznor,1
AbbyMoriah,2
Unconfidence,1
para-reanimator,3
Itamed,3
uncleBING0,3
SpinningNipples,11
melitonz,4
Frabbit,1
mroche94,1
Catgurl,3
FuadRamses,1
cakepop,4
freethinkaa,3
RoachOnATree0116,16
Welwell,1
Mateo0178,2
fa_rawr13,3
exwalrus,1
ravia,9
amap100,4
Gohi87,7
LP09_,3
Geekmonster,1
stamosface,1
Shitty_Human_Being,5
dylz73,1
0bese,1
redbirdd,1
zensunni66,1
Gonguss,3
jpoRS,1
Offensive_Brute,17
halioscar,3
cksnffr,3
TheMarsBar,2
not_even_joking_bro,4
Chambadon,2
Sopaipilla,1
Zacharifffic,2
TheMNP,1
Band_Derp,1
luverly,3
SpandexJackets,1
Co-creator,7
cheapinvite1,2
LeapingBacon,2
toymachinesh,3
drummerboy2749,5
Aaylaa,1
madcowga,1
depressiown,1
averagecakes,2
pinkjello,1
rumpologist,3
toadsanchez420,4
leetee91,3
throw-it-away_,2
Purp,5
weird-oh,2
OM617,5
Gustafer823,1
YouJustLostTheGame,3
Original-Newbie,1
withstain,2
MechanicalTortoise,5
CASSHERNSINSFAN,1
cuhrisay,1
boozername,3
faisalra,3
RockChalkJHawkGoKU,7
Measure76,2
9outof10people,2
redcorgh,2
viewless25,1
mikeellis673,2
tymohk,1
CelloWonderdust,1
The-Beer-Baron,5
philosofaded,1
InDisarray,1
landpt,3
JustSayAnything,1
coool12121212,3
Gronkbeast87,2
MarilynHanson,3
goingnoles,1
Michaelismyname,1
musicandtrees,3
myrltnshpacct,2
cf_abyss,2
229sweet_rolls,3
m0r1T,3
Acharyn,1
minionvampire,1
modernform,1
jkalebby,1
vretavonni,1
lemonreddit,9
MarlzBarkley,3
destruct0bob,1
ChefHOU,3
BobaFettuccine,7
Bobloblawlawblogblob,1
SuperMajesticMan,3
TheWonderTwins,1
ralberic,2
mynameiswiz,1
marteautemps,1
roxigirly,1
codemoney,1
noodlesoupe,3
32Dog,4
Timur_O,1
Blazing_World,1
atAndyCandyF,3
TauRyan,1
bebetterstrangers,1
droonelle,1
wolfyjay,1
Lazy_Physics_Student,2
caw747,1
TheVanishingMan,1
