Username,dogpictures
BooAndMinsc,1
opendoor125,4
bigsticklittlevoice,3
chelsmjlv,21
minawina,2
Davidsseeds,7
KCFussell,1
ZGriswold,1
Illmatic_Nachos,1
nadiaface,1
softscoop,4
deathbatcrash,1
Jaimizzle14,1
puppypaws98,2
Animal___Mother,4
gumbywonton,5
iSean_C,1
glitchvdub,1
FUTURE-PEACEMAKER,11
HumpingDog,2
Peej1212,1
staticfx2,1
shysimone,1
poohspiglet,24
Holachase,1
TumbaSC,1
OMGpuppies,5
MelisSassenach,3
yersinia-p,3
punxrok,1
HankyPankadin,1
tamadrumr104,2
Giygas77,5
Solemn_Communist,1
ratleaf,1
mrjames,5
revel2k9,1
Mexicantdie,2
Kyruka,2
giro_,13
AisforAwesome,2
scottyswife,2
fifi789,3
ironmaiden6776,1
l3rl4n,4
YamiHarrison,1
Cedora,2
SC_Gambino,1
Calabazitas,4
hiremenow22,1
emmachrisgale123,1
IrishPride94,1
klorptar,1
Flyboo,3
haffbaked,5
devito19,3
JediMasterMurph,1
KibboKift,2
BabblingBunny,1
littlebirdyj,2
Misterfixit81,1
science_andshit,1
Composingcomposure,5
RoseOfSharonCassidy,14
RyanTally,12
Kitten_assassin,3
ShhhShhh,3
codywellons,8
Alveena1,2
follow_your_bliss,2
walker419,1
satost,1
WOWdidhejustsaythat,3
sashbags,2
Jisatsukuro,1
Edg-R,1
tinyirishgirl,156
Sasquatch99,7
Mrbuksa,3
ArchScabby,4
morganah,9
abemax5,2
imsdalen,3
fecktopia,1
PolloxOfTroy,1
jesslynn666,3
eatingaboook,1
wilddrake,4
SourceFedex,1
oiltex,1
Herecomethedrums,9
pjt77,4
menos_el_oso_ese,1
kmcg103,2
el_gato_verde,2
Niamhello,2
sduncan91,9
ADAWG1910,3
anniebeeknits,3
coopertrop123,3
Lisasrealm,3
JayHairston,1
deathcabforkatie_,1
autmnleighhh,4
Krazysgirl,1
SilverSpoiler,1
sweatmonster,7
BrunoAAMelo,1
IolantheTussaud007,3
fnargendargen,5
myheadhurtsalot,3
craziekitty,1
rojohnson,3
nabeelv44,2
Lapin89,3
tanktankzoomzoom,4
monsa3,4
LoveEnergyDrinks,1
AleRaiser,1
Dokkarlak,2
Kaiser10139,1
GimmeDozHoos,3
TMS_RaVi,1
ButtSects69,1
sarahatwork,1
white_butterfly1,3
Dragonracer76,4
almondbutter1,1
DownvoteMe_IDGAF,3
kessler250,1
Caleb0415,3
phauxks,1
hollyjo22,7
DrSlide,1
TasteThePainbow88,1
thorinoakenbutt,1
totally_not_THAT_guy,1
igothorseblood,1
BAXterBEDford,24
amadiro_1,2
goodpersonhere,1
ElaineBenez,1
megadudarino,1
doggyloot,1
DuncanKeyes,2
TheHebrew,1
mattavich,3
PepeSilviaLovesCarol,1
Markoos,1
Strider_89,1
ams1989,4
ecancil,4
fordsbasement,1
wwiimaniac,3
TheMaddOne15,1
wilk673,1
adorablenutellakitty,2
logosolos,1
degaman,1
kirshy4,1
motivates_you,1
Bawpo,5
WedgeTalon,1
thisismyfupa,5
LongLiveGracie,2
lifcia,15
stefaroo1226,3
snufflef,6
RockytheDog,1
craftmike,1
spitefulAC1,5
crappyboy,4
cap1206,6
soxy,1
thisburritoisgoodbut,1
framed-on-a-wall,1
the_sidecarist,1
moleculebull,1
nanuk007,3
fjart,2
notreallyasuperhero,9
Nitaloveshk,2
sitssac,1
stephiej17,2
shmayda,2
WOOFCheCazzo,31
Jublessurvivor,5
8armstohugyouwith,6
manicakes1,1
CowtheHankDog,33
bartarton,1
farang_on_crack,3
DanceTilDawn,4
kiddigudna,1
fionaisborken,3
Kolau,2
Ploofy_4,1
Jezzikial,2
rahrahrahblah,1
kd7cnz,1
mas_tequila,1
Zoso_89,1
lostinafog,2
robinson217,9
FloGrown2,1
alonsovidales,1
laudanumhabit,3
MaddeyClare,3
stephj,1
THIS0RANDOM0GUY,1
cjkline83,3
pieceolisa,3
xrjon0609,2
hoganloaf,1
pekingeend,3
Rustedbones,27
ChipWalker,1
mistermousedresden,3
liziel,2
kiwalakills,1
EternalWrath,1
glennw56401,1
Emmrargh,2
idonthavetodothemath,5
urdnot_bex,3
whatofit,11
MoonMan420,2
101freeman101,1
Not_Bort,2
sparklers17,3
MoreNutella,1
mrsmiller121810,1
FuzzyHappyBunnies,1
Frohoss,3
DemiurgicDragon,3
AndyWSea,1
mistahspecs,1
bcubed1,1
diamond_tigress,4
double-dog-doctor,11
KarlyPilkoids,3
murica4357,1
dekonstruktr,1
huey2013,1
keelydot,4
EdEmKay,3
Buehler-buehler,5
Sarriah,4
Frau_Aeron,3
radcoregirl,1
clarusdogcow,5
HouseofFools,3
silverr90,2
RubySqueeze,2
A999,4
tasstimes,2
riddlaontheroof,1
ArthurDigbyS,1
MiniPapaTank,1
easyname001,1
thing1not2,3
kmich5,1
thecutestgravedigger,1
doctorace,1
sftravel,1
ConverseJunky,1
NoodleFarts,7
Alaskaty,9
RTFW,17
therakel749,4
foodstampsforpussy,1
puterTDI,22
RespectTheTree,3
axecopgo,1
BadEgg1951,1
dogsarepeople2,2
PublicAnimal1,2
CatsAndGeriatrics,3
beccatucker1633,3
petielvrrr,1
sandely65,1
cvlrymedic,1
touchmyfuckingcoffee,2
loadofscrap,8
To_Moo_Or_Not_To_Moo,1
ThatGreenTeaGuy,6
scrabblex,2
sarahangeline4u,3
CherryCandee,10
Auxtin,3
_Answers,2
Ryanfrommemphis,6
lycanakitteh,8
TrevorSpartacus,1
Bassmaster5000,6
PoonaniiPirate,2
valenberg,1
Aoharu,1
uknoikno,1
Kaiya3052,1
uhdust,1
patawankenobi,3
minihuskies,1
rmarkham,1
tgomi,2
Phoebelicious,1
Didusiek1234,2
jovixox6,2
skradizzle,1
Averagebuddha,4
zxalpha64,1
rhymes_with_truck,1
trashynashy,7
FRiKiNFRoG,1
Fuckyeahrobots,1
djobouti_phat,1
parispeary,1
hayesdedication89,2
waywithwords,2
april_twentieth,3
cheats47,2
QUIVERINGFLESHBEAST,4
ice_floe,1
burnembrndn,3
shychiable,1
Ancient_Finger,3
Skidoo23,1
imfromca,5
Traceyt715,43
Troy_McClure1,2
DaisyLyman,2
MissEevee,2
she_is_a_stranger,3
julieses,1
TacticalVulpix,14
fliggidy,2
cashleyborin,3
AphoticAzure,2
CensoredBlonde,1
mtx,2
60SecWorthOfDistRun,4
Golden_Booger,5
badbologna,1
highshelfofsteam,5
Eleanor_Abernathy,1
JonnyBhoy,2
DracoUmbra,1
frabron,1
homegrowncountryboy,3
Wapiti-eater,1
altrochesset,1
Guns_and_Dank,1
WiscoGingo,2
Pandibabi,1
F-this,14
rooneygirl420,4
HighlyUnlikelyToday,1
muddygirl,5
leprekawn,1
Chundlebug,3
Coati,4
Not_Andrew,1
ken_whot,1
GoinEasy9,4
rubberturtle,2
JonathanUnicorn,2
pagggy,2
FilmoreJive,2
ryeander,5
donut_donut,3
latitude918,4
RokStacker,2
thediamond,4
missv8nightmare,9
grabtindy,6
adieurenee,1
Elizerdbeth,2
lupiloops,2
ebolamonger,3
AppleLaDoo,2
ACDRetirementHome,27
sabineastroph,18
qtvh,3
CLAREBEAR01,1
LackOfABetterNombre,1
missinnes,2
fromflytospider,1
zau64,1
hangmansdaughter,1
auburnkinkster,1
f8ledge,3
spencerofthemoon,5
JazzyandV,2
unsolicited_critique,1
kraken_calamari,1
woodswalker,1
listen_hooker,1
scruffyfox,3
Rainchen28,1
WifeOfMike,3
DragonflyRider,12
MisssBadgerEnt,6
Kelzer66,1
srbistan,6
lowspeedlowdrag,6
notlazybutefficient,6
MackofallTrades,1
dolphininafishbowl,1
HandSum_McAweSum,1
nj96,3
Jastyoot,3
barroncountry,2
ngfalcon,1
RhoosterDiesel,1
Yeps001,3
melissag221,1
RandosaurusRex,1
desertedkarma,1
Blackkrugar,4
spike771,1
seriaas,2
UberTeal,11
KittenMittens38,3
NeverBeenStung,9
cbk88,4
SpectacularSuz,1
JenLP1988,1
madelinewanker,2
deebabyx0,1
hiyosilver64,79
derpala,1
colleen017,1
ShorttStuff,2
creosin,5
kp6871,1
rhubarbbus,1
peeps1323,1
Sportulae,2
AdventL,1
rufus_ray,1
clever_girl36,1
stacyannhoff,2
RubberFroggie,1
baxterchris142,6
hizzacked,7
ReallyGheyLuxray,1
dookingcheekun,1
jerusalemaddie,2
McBr0de,1
tipatumadre,1
Englishmuffinpizza,1
cakegirl8,3
leenyk,1
mEadBReaD,1
Daniigotnothingelle,4
soIamanewbie,7
htking,1
SteepNDeep,1
Lucky_Punk_Girl,2
kwistopher,1
Crafty_Fig,1
2876patter,3
InvadeHerKim,3
Heemsah,30
kristenlov13,2
ErinJung,4
Ozzbat27,11
NCPilot,2
Bjshawg,1
Isaderp,2
jean_vella,1
Homer69,4
Zanowin,2
Benefitinme,1
JDlx,3
MozartTheCat,3
TurdMcFurg,2
epsd101,2
lfont28,3
BabehBumblebee,1
Randytu,1
DeadpoolForPresident,3
Gamer_Chase,5
quazax,1
notthisdog,1
invinciblefan94,1
zerodb,1
thebla5t,1
Johnsinah33,1
sportsworker777,2
lonequack,8
ForgottenPhenom,1
Yodasoja,1
capt_save_a_hoe,6
Eyevoree,2
niceasimov,1
michellengineer,1
drowninglessons409,5
AnnOtherOne,3
mcummings2,1
bertreynolds,1
awkwardisrelative,6
spongubabu,3
Roxxelana,10
MUAmanda,2
Blanco_ice,4
KRed7,1
ekim84,1
QQleQ,1
grnrrtrr4444,3
Elltrain_,2
diggalator,27
SehnsuchtSunshine,6
nikizzard,15
catfishspurs,4
Sumido,2
baxter_ii,1
vinspee,6
albemuth,1
I0I0I0I,11
JimmyChurry,1
bearxfoo,6
Royness,2
allthingsblu,1
jacq_willow,2
john_dillinger,4
flignir,17
doggiedoter,1
GreenTreEnt,1
Doctorbuddy,1
inside_voices,1
mantaraysinspace,2
Voyezlesprit,1
inwardsinging,3
BrippingTalls,1
movelz,6
D3s3rtR4t,1
gizanked,1
funnyman95,3
DroppinNoEaves,5
spaznaz,3
dorothy_zbornak_esq,1
jerkusQ,2
owlfiii,9
SozzaRosa,3
Clover1492,1
TheHoInMO,9
god_among_men,4
kmyersking,4
Readdicted90,10
ionlyjoined4thecats,10
FomorianKing,33
_choupette,1
grumpyswife,5
pierceparadox,1
supremesamurai,1
DefinedBy,1
wykydtron23,2
nevernorth,1
bstowers,12
Sir_Dog,1
Juliankincaid,1
onesight1,4
Kris_Ro,2
giana24,1
kay_rod,3
one_Dwigt,3
FinerBroJetsonPH,1
emdubdowns,4
RubyBoobie13,6
LGBecca,3
basiden,3
thatindiaguy,1
nunner92,2
zenpanda,1
pluis,1
Qosl,3
MonteLukast,1
TitanPhotographer,3
matpot,2
sk00m,1
earthgirl1983,3
dardimplefoot,3
rhaegaryan,1
ihearthelicase,9
adamtbailey,2
UGotMyCheeseWhizBoy,2
angry_bunny,1
N3WPORT,3
Nikers18,12
Darcshadow5,1
buddytalks,2
amy1021,1
davidcaruso_eyes,1
fauxpoesfoes,3
runnerag,3
hazmol,1
Tuirrenn,1
hoversky,2
dasnootyfox,1
allenahansen,1
1Bitcoinco,1
mahi_1977,2
SmellyCat22,1
brazosite,1
katiemiker,7
Dunkin_Dognuts,4
Im_Probably_Crying,1
chaseblast,1
sketch_a_pet,4
tom-pon,2
JusticeRhino,1
badCARma,1
Rotteuxx,3
The_Fiddler1979,2
jvgkaty44,8
waterman-HI,1
n3rual,2
TheCivilYoshi,3
Tyler420Jackson,1
TinyGingerBecca,3
kyrpa,1
Ihaveafatcat,2
clu883r,2
Sir_Marcus,2
Bitcheslovebabies,3
VmakV,1
holidayfun,1
IBDPhoenix,3
colecheerio,1
I_am_DonaldGlover,1
Sasquatch_The_Artist,2
Trevormadileno,1
princessvapeypoo,2
Spartn90,2
CowardAndAThief,3
ryuza,1
TheLadySif,2
bio_lol_gist,7
dirtydragon8,2
theDMAGS,1
FrenchieGirl1994,6
workaholicjunkie,5
BuddaMoose,7
Uberschall,2
isaidnofuckingducks,1
attackonqynn,2
jonographic,5
kingnorm,2
seymour_mcfly,3
myowncult,4
gypsy_canuck,1
porridgepeople420,1
milhoos,6
Donner1701,1
WaterSnake,1
CharlesNOO,1
wickedstorm1989,3
Mr_Clam,1
shorthanded,1
ReverentHD,1
DirtyPie,3
TMFduke,3
H_Savage,2
I_FUCK_UP_RECIPES,1
wackybones,3
ChelseaOfEarth,3
Kattastrophe,4
K4THB0T,1
SmokeySaysWhoaThere,3
Shiezer_Miester,1
tonyMEGAphone,1
gjustice,6
Bisquiteen-Trisket,1
jettaboy04,5
rosecontrol,3
Ahrotahntee_,8
JohnnyDeppLand,3
AleemDhalla,1
bugdog,5
LaLaNewAccount,3
TheT0KER,31
Poppinlock,7
Joedrt,3
heavymetalvegan,1
abudabu,2
beccamarieb,1
frownyclown,3
SpottedPheasant,4
Pregnantcowlady,2
charlietheowl,1
JoshTay,3
usmc50cal,1
TacticalBrik,2
boarder1990,6
Rudy87,3
DarthWhoDat,7
trot-trot,2
PedoRogers,1
XisanXbeforeitsakiss,1
Speculater,4
Priapeia,3
sodejm,1
wingsofavalon,1
GypsyBagelhands,13
FelixTehCat26,1
kaydunlap,17
Octain16,1
thsixfingeredlady,1
LeBigMac84,1
tarcoal,2
CrazyAsian_10,1
QueenOfTheKing,1
rahmies,1
NeverTooMuchAnime,1
mikesxrs,1
greyghost14,6
henana,1
mew92,1
Jaci_D,1
profesionalamateur,1
TDO1,1
1cyberg,3
3dogday,5
FeetTrifle,4
iarenotamused,1
ashleigh5498,1
pirateskillkids,1
laurandisorder,3
flyjash,2
Gridleak,5
TheBestRapperAlive,5
practo,4
TheMank,3
dnth7,1
Pfatfinger,1
mixbyspyke,1
Sage9x,1
cynicalcsyan,1
skellso,2
schrodingerlovedcats,1
toastyturtle,2
Alah2,2
HighAngleAlpha0331,5
WoopAhhh,1
julsr210,3
hhaalleess,2
Blue-Barracuda,3
dogzrppl2,3
IrishBuckles,7
poilot1,2
Jess_than_three,1
Oddgit,5
wwinthesoup,3
monkey_monkey_monkey,3
catling_gun,3
tc_lawgirl,3
elusiveemily,3
bostonterrierlove,2
TokiHop,2
AdminWhore,2
wellhushmypuppies,47
elewe49685,6
saucers,1
anotherDocObVious,6
wannagotopopeyes,2
iMistaken,4
MissDankk,17
speaks_his_mind159,1
Brute1100,8
peaceintheworld,2
kh0sa,1
Tabby888,1
Tom5ervo,2
ladyrainicorn96,9
hollyyo,10
Cali_Val,1
MojoJagger,3
ssoliver,4
jah-makin-me-happy,4
Zild87,3
astepUPfromperving,1
MiniBossJoe,1
GeneralBelRiose,1
scorpiomoonpi,2
Whybambiwhy,5
foxic95,1
ElectricBananaPeeler,1
bearrito7,3
Buck_Speedjunk,1
Senseless-Insult,1
christianbales,1
Anna_Mosity,2
Pelchkresk,2
lionstigersbearsomar,4
idrumwithnohands,1
magladek,1
Baphometropolitan,1
gypsytwerk,1
SusieSuze,3
tbarnes472,13
Travv,15
Etickthelegend,1
Slakter,1
Drizaya,2
_farima_,1
jozaud,4
SNESdrunk,1
BeachBeaver,5
redyellowand,1
CorgisOnTheMoon,2
fregu149,1
topwaterpar,1
Kdbrewst,1
samueldlockhart,1
Lisabee808,1
vwjack,1
trippingwalrus,4
Fancy_Bits,1
Ardydo,1
wayluck,2
rerin,1
LDizzyYo,2
AmericanBulldogTiny,6
mishel13,2
thebackhand,1
eHeidi,4
ChrisLeeh,1
Zapusk,2
JUICYJ420,1
mikedaniels,1
Patr0062,3
lordkerian,4
darkwavechick,5
CujobeartheGreat,3
getrektbro,2
southernbelladonna,19
fuckmoneykillbitches,1
SideEffectWaltz,4
Doggiesarecool,7
foodbucketfanpage,1
HanburryiTree,1
LaxBroz,3
kcx092x,12
neru22,2
pashafisk,11
Leonssack,2
Hobash,6
scoobyj33,1
awesomelyjen,1
djd4391,3
ne99ne,7
raypower,2
Monophilament,2
RudyButkus,1
forknbowl,4
minneapelyse,5
leviolentfemme,4
madbaddangerous2know,1
Singe42,1
Fintann,3
xtramile1,1
W0DN1W,3
notthecolorblue,1
ohgeronimo,1
dorkusmaximus81,8
BigBennP,13
dramsa41710,5
lafonda34,3
Marius_de_Frejus,2
Bitchnainteasy,1
bateater,1
szabl,1
Phteven_j,15
BrockRockswell,1
AirsoftGI_Josh,1
Alysiat28,1
jannne,2
CaptAngua,3
JoeyVinny,1
TortillaSunrise,6
bobncsu,1
Poke08,2
lCt,1
ObackBaramuh,1
stereofailureohno,1
Qwashawn12,1
NaHCaBMgMnSi,1
Nanojack,2
praisetehbrd,15
sacman,3
Helotron3000,3
SecretShoe,1
nyr21,3
Mrmeowmeowmers,1
dirtgirlbyday,1
itssoordinary,2
Anonymous1994,1
OhioTry,4
hellojostro,2
nariayasha,4
LordChunkyPitt,7
bearinachinashop,1
FeralQueen,1
PhuckUPilgrim,1
pocket_fish,1
pizza143,1
NEKKHAMMA,15
goatismycopilot,7
suspectlamb,3
mydamnredditname,1
cbnass,1
Sargeant_Meowmers,1
sankeyr,1
-Em-,1
cylon1969,1
PurpleCoco,8
fightfordawn,1
nosajwafl,2
chumpynut5,2
Gollymegan,1
odel555q,8
pokehmaster,1
magellan9000,3
Alice_In_Zombieland,4
Whiskey_Queen,19
frankenstien_farts,3
Rypen,1
lMayback,7
rjpiv,1
unbrokn,1
hemmiandra,3
NYYthekid216,7
clockworkzebra,4
jxj24,12
Petyr_Baelish,2
verdegreen,2
jsoltis,1
chrisg67,1
Ironchef33,2
Horizontal_Runner,4
whiskeymcnick,2
IndsaetNavnHer,15
NoeJose,6
Loki5456,3
Stoneyman2,1
E36wheelman,4
IguanaBobFrazier,1
g_as_in_gnarly,1
LumberJackFuckFest,1
Bigmilla,1
IForgotAboutDre,1
Cassynova,2
chasiubowser,1
thiefx,4
IndustrialEngineer23,4
what_is_in_a_name,2
flsunchick,3
seirianstar,3
3rdMonkey,4
callme_mrsB,1
meauxd,5
kibongo,4
sam4s,4
Topsy_Kretts,3
twistedfork,3
Ortmeyer,1
Captain_Angua,3
hickgorilla,2
GarlicBreddit,2
monkeyscantdrink,1
Itwouldbeyou,1
SurfeitOfLampreys,1
heyitsmekelsey,3
Banes_Pubes,6
MackLuster77,16
thetreat,1
pugfart,1
Flashmagoo,2
Laurabelle1,2
Peskie,7
Polloco,8
ChaseT123,3
iHartLaRoo,7
WellGroomedShooter,4
Rainyshoes,1
honorablegrasshopper,1
LLWMichelle,1
SantaBond,1
scottnj,1
rabbitual,3
Daffodils28,20
Arotaes_Forgehammer,1
Alura0,1
tagalong2,2
liz82x,1
KatieOhhh,2
sergeantshitface,1
thedaysrunaway,15
thebluecollarfoodie,1
purplehaze0521,5
myheadsonfire69,7
Sathoff,7
StagKen,3
brontosaurusweener,1
CharlesBrOakley,1
TheJacob,1
stozier,1
prairiemyheart,1
MomeRathWrangler,3
MrMagPi,4
Hobbitron,2
Snugglebur,10
phecez,1
VaultTec,7
Ctotheg,3
lyssavirus,10
Dzway,1
wintercane,1
Boom_87,3
LTGlitch,1
WHISKYSHTZ,1
beriliatheelephant,4
marnycj,1
LtCthulhu,7
BD-TxState,1
mogi611,1
still_human,1
rwarner13,1
noprahwinfrey,2
1TNTCPA,5
ladyhawke82,3
Ch1ef_,5
habbathejutt,2
Jonette2,1
alg2573,7
redditrobert,2
HaitchElGee,1
JMitch13,1
chelseahardass,2
sean5565,1
paigalais,1
Liz9679,3
IAmBabs,1
BrandonRushing,1
avonelle,3
ktizzlemynizzle,11
doodlebobber,3
tlaoseb,2
hellkhiro,1
slvspartan,2
haeikou,1
blueskin,1
poopburrito,3
ChocolopeSteve,1
MathMaddox,1
OKHarris,2
azaizai,4
slamthedog,1
JohnnyCashed,4
bothnorthandsouth,1
oh_hai_dan,2
deathbyaspork1,2
rbqb,1
AnxiousAtWork,1
kdar911,1
foirefleu-r,1
Maya-,11
Atmosphreak82,1
itsmeirl,1
maxrun,1
Fwanc,1
Chexjc,2
lllllllllllllIlll,2
Bewilderedone,2
bearbuster,1
Ashrewishjewish,4
ttij,1
arkindal,5
buttcrusader,1
mcdinkleberry,1
laurenjade17,7
AssToAssassin,1
adw00t,8
LadiesKnight,1
jgustavo85,2
pharyngula,1
bieberhole__69,3
mulletprooftiger,2
ahmealyah,5
aprilsangels,2
kaairo,1
lbr218,6
Thedonkey5497,1
triggernaut,1
megshugs106,1
i_have_worms,1
dgugel90,1
youmamamakemehappy,2
fuckyouimnot,1
pheen,4
hondaguy520,15
JesusDeluxe,3
CatLovingCatlady,3
thebuttpirater,3
yadungooft,1
brubakes,1
zipsgirl4life,10
ce1lardoor,4
smashfire,1
me_gusta_huevos,1
casualasbirds,2
Trapezian,2
Super_Frez,3
fuelmytool,1
thebobafettest2,6
ellingjt,4
ruggar,1
StroHersh,1
areyoumypepep,1
eltopo71,1
plain-j,1
voncasec,6
wafflesareforever,4
513geek,1
IAmCapstone,3
nicho593,1
Skoll552,2
fromtheriver,1
TheGuyWhoCodes,1
MrChetStuart,1
fcastle,6
aphillips1,1
TheComaKid,7
mpksparky,1
Bunny-pan,3
nscripta,2
Planeis,1
KSSLR,1
bodychecks,3
meganwelch91,1
BLTHMM,4
h2otowm,1
sheriw1965,9
amelia_kristen,3
Costner_Facts,2
wrongCliche,2
papa_N,3
cucco,2
Grappler1009,3
afcpepper,9
Dark_Shroud,1
thelittlesignal,1
Uncreative_guy,2
iitsnikki,1
toralei,3
fxpstclvrst,2
jmullin09,7
HazMat68W,1
gsabram,2
bigchill1964,3
quilteresq,3
sarahabea,10
lunarparty,2
maybelline1,1
mel11ism,7
Echo_hello_world,5
Dinosaur_Repellent,1
yyzunderdog,1
mijoli,5
jsmooth7,1
gg249,1
phantom42,3
Jimmy_Breeze,4
TheGirlwThePinkHair,2
Poundbear,1
bindsaybindsay,1
sparty_party,8
itsok_imapirate,4
MettaWorldPizza,1
sfgiantsfan3,8
weldcoman,7
affineo,1
taran_upstuff,1
WhoThrewPoo,3
Kehndy12,1
PrimaxAUS,4
yummie4mytummie,5
HawaiianDry,4
DeepRoast,2
1600cc,1
nockle,1
TheSassyTeapot,1
raydove9,4
IAmTheJRex,2
cruciodathoe,2
thecapitalg,1
RU_Guy,1
CapT800,2
imsooppressed,1
Forevernevermore,4
ilikepuppies34,1
untbunny,29
chattymcgee,3
RedKidd1985,1
Onedollartaco,1
T_wood47,1
CorgiMum,2
SirNobody1919,1
YCANTUSTFU,1
twitchy3,4
punchandtrudy,1
femalenerdrage,4
maryxxh,6
Dogribb,1
math_geek10,1
BigLou101,1
iscrulz,2
jrdutson,1
SnappingGinger,1
olivelucy,2
wilbureduke,1
NurseKYB,4
Grumbino,3
MicroBioRob,4
BearCub89,9
guttervoice,7
dezweb,1
Princey1521,4
AllGoodUsernames,2
BabyDoll_420,3
laurathexplorer,3
Trebiemander,1
mamitapreciosa,1
GuacaLouie,8
Bic13bic,2
kistnus,1
motorbike-t,1
mickeyd1488,2
Riggleberry,4
WillieJenkins215,1
JunesongProvision,1
rlbond86,1
ReeRex,1
giantspeck,7
parakeetprincess,1
TrustedUncle,4
rfuller924,2
upandrunning,2
Ghoval,3
TheOakStreetBum,5
lenny33,4
hardtoremember,6
TheCarrier89,1
chesterdjester,1
M_Meursault,1
tatteredtrousers,2
adnilllig,4
Nursejsauce,3
CoolMachine,3
KillTheJudges,1
chichiwub,1
kanye-westeros,3
soulteepee,5
NRageTheBeast,3
ellebasiyorfel,1
Beernazi2,4
beearekay,1
BenJester,1
ewally33,1
medaox,1
YourNeighborhoodEnt,3
umt1,2
Wobbly_Joe,1
Kos_Kesh,1
sirzack92,21
jellynuts,1
BUTTSTALL1ON,8
DragosT,1
yambercork,3
ohenry_mchenry,2
TokenMixedGirl,6
miss_marty_mew,4
mannosaurus_rex,2
mfizzled,2
Hsad,1
Survr3,1
RuskiesInTheWarRoom,5
ky1e,5
scottpaulyall,4
puppichow,1
darkhorse65,5
lvolt,10
MmmmBBQ,3
TheInternetsBeard,4
Alma023,1
Aabelke,2
corneliuspudge,3
RedWhiteAndBoozed,1
labellequichante,3
Nikata,1
Kingimg,1
Ashleyrice22,2
BertDaKat,2
Daguvry,2
bmorebash,1
imawitchbitch,6
buttcrackula,5
PercyRipped,4
NobodySpecific,27
thelittlebird,2
Bismarcus,3
BrokenPug,10
PastyNoob,1
i_enjoy_ham,1
wrise,1
twerk4louisoix,1
Geekzilla13,12
bowhunter6274,1
myfirstposting,2
Beautifuldays,2
watermelonhappiness,3
dasonk,2
HairyTowel,3
StraightoutaBrompton,2
Rhydnara,2
RockabillyRebel,1
sidlerlartey,4
Dane-0,2
nfldriver,1
Tpb3jd,2
atownfasho,1
aegwynn,2
IAmNotHariSeldon,2
spittingwisdom,2
amberrie,5
myaN7,4
LOLindorff,1
CandlelightingPanda,1
randomJoss,1
LuckyD93,1
delicieuxpamplemouss,1
love_the_heat,2
hcobi,1
LucaS919,3
Roguish_gnome,5
TheFunnyShotgun,2
thecrell,2
kuj0,8
n88888888,1
harryschwandule,2
Biotic-God,1
pitbullwill,8
jaradssack,5
obesefeline,4
ChiefSandwichMaker,2
omegawolf1000,5
ashes01,6
UBurnFirst,1
chocolateshark,2
bulborb,5
just4alaugh,1
y3reafish,1
MrStealYo14,1
lolyesok,1
AlexGardHPS,3
flannman44,1
chuggingtea,1
divisibleby5,1
Steve_OH,2
UpComesTheToolbar,2
apricohtyl,6
Tungstencarbide1611,14
HPRavenclaw,1
redsox15,1
0utlander,1
bsart3k,1
tickif,2
lanieren,1
Ajax-Rex,1
ChatGarou,3
canine_at_heart,5
reddwoodtree,1
Damimeve78,1
mr_ill_be,1
claire_bruining,1
thebigdangtheory,4
Satanic_,1
Decembermouse,4
a7rcana,1
AppleChiaki,8
zukimi65,1
bonjour1703,1
GALACTICA-Actual,1
nosneht,1
adriecoot,5
JaimeLesBarbes,1
RedemptionX11,8
stinied,1
pipi55,1
Canis_lupus,5
realidegosuperego,1
PaperBlizzard,1
gncpro,3
dv8726,1
jcnwilson,3
AustinBrock,1
schamerhorn,1
Rumnotes,1
Sifu-tz,9
ImagineFreedom,3
Simim,4
lheffe,1
Cindy_Lou_Who,8
louica,2
Splatterh0use,3
kiki_The_blonde,6
RichterNYR35,1
SS2NY,3
dray129,1
Mindspin901,1
northsoutheastwest7,1
12ist,3
noodle_jones,1
friedrice5005,1
Improof,1
SaberSwan,1
whats_a_fundus,4
niggasay,1
a_nona_mouse,3
DreadPirateFlint,2
retrominge,1
Nomorecah,6
snoopwire,6
ohemgeeitsani,5
Wissam24,3
celticviking,2
Steak_59,3
Utleroy,1
jimgatz,6
Cdiddles,1
Veeka,16
Chug4Hire,3
lilguilf,1
Jaspers14,1
redszitall,1
UnicornRadio,1
LazyNet,1
Enigmutt,4
bangalanga,3
noodlezandrice,4
WinifredBarkle,9
average_white_male,4
mustlovecanines,7
lynz4kjb,1
stepdods,1
Dougasaurus_Rex,1
VLokkY,1
ComatoseCanary,1
sumnlikedat,4
leostotch,17
shorty12075,1
Sallycakes,5
Crazywhite352,3
llamaspitburns,3
bellalinda,1
Tech-Mechanic,2
krashmania,3
Medellee,1
Sparkle_Whore,3
Suz73,6
tadbingsley,1
Awesome_Otter,4
the_jaxxster,1
chooshoo,1
Thelondhil,1
anchoraroundmyfeet,3
opilione,1
Homer_Sector_7G,3
scomperpotamus,5
witzzzer,3
jerrylovesbacon,1
Nickelizm,6
cinnaflake,2
myhandcraft,1
THROWINCONDOMSATSLUT,6
rabbitmind,1
Crucesnm,2
Ominoms,1
sohighyo,1
justme72,3
drummer1059,3
lagods,3
Madermis,6
spoopin,6
Malyi,1
a_panda_monium,1
RealAssBitch,1
djsmith1313,1
intheafternoon,2
Mr_Conway_Twitty,1
chatoboi,5
Aealo,1
ImitationSushi,4
shlugen,2
shibacurry,3
noiserr,3
primesumo,1
DoritoMojito,13
sauceboss412,3
Were-Shrrg,8
mwags30,1
EffYourCouch,1
lori4723,1
burmp,1
QuiteFunnyUsername,1
OneGirlArmy,6
CandyDish,1
thasquintz,4
Dorked,8
MTBDude,4
Bigsaskatuna,1
Dyeisbetter,2
Lil_Krispiez,1
Moonraker09,1
FranzDragon,1
kimburgly,3
LebanonBologna,1
Capnshiner,1
Rasere,1
shughes16,2
NoOscarForLeoD,1
rageposse,4
DatBuridansAss,3
thehostilehobo,1
AngelicBread,2
UglyPugs,3
killersquirel11,1
hottNpopular69,6
Missingnox99,1
jay76,12
elroy_,5
hoffa_dies,1
bschlapkohl,1
pkmxtw,2
caligirl62,3
PhoKingGr8,1
Ticket2PretzelTown,6
perpetualmayhem,4
IndulgeMyImpatience,2
Matiti60,1
Melteee,1
omgfloofy,5
michsolo69,2
heymissmolly,3
joma_nomad,6
MKD28,3
Yanimal10,4
RollerDerbyDiva,12
Sando992,1
weenercity,1
Daisydoolittle,3
Mackie49,2
corruptcake,2
squigglebutt82,1
DHFearnot,1
dofsmartins,2
10bayerl,2
rekolm,1
antwanman12,3
andydickcheese,1
akittenwithmittens,3
memento_vivere23,2
haleyp04,1
wcdunn,1
shlebs12,1
deathwarmdover,2
thep0cketr0cket,2
Walks_On_Water,1
PrincessSparklyZam,1
hand0fkarma,1
KidColi,2
maniacman1018,1
kerita,2
enginegeek,1
aubigator,1
nellaselendil,5
Buzzkill48074,2
LdyAce,1
originalname32,4
Minus-Human,1
maribomb,1
griffin342,4
ragemom,3
PabstBlue_Gibbon,3
raivynwolf,7
asterliberi,3
shubey,1
kteng,1
DianeMadeMe,1
mwagner26,3
Reil,2
CoMKami,1
rdarling2000,1
The_Grammar_Cop,1
caitRgator,5
justinzagar,3
suck_my_weiner,3
curly_hair_lady,1
scumbagjames35,1
SpeedOften,1
greyfox_629,1
CharlesDeGaulle,2
Girafferra,8
helpiminthetrunk,1
OceanCarlisle,6
WhereThePeachesGrow,1
jillybobilly,4
LarBar29,2
STRINGALING,3
stateofcookies,5
fanniepie,3
Joshdegroa,5
zoso33,1
GeneO91,3
a_calder,3
ChiveKCCO,3
iwillcallyou_out,1
Uerwol,1
sydhasmybike,1
ForeverSingle76,6
jeanarie,1
artteacherthailand,2
BakerKadda,3
Fade-out,4
audreyruth234,7
Cytotoxia,1
pawsandpaint,1
TheGanzfeldMan,2
Kyleissocool,3
IAmJoelBarish,1
McCrapperson,4
TastyMagic,2
under_depreciated,2
Erock216,5
slantsnaper,2
mystic_radish,1
Japicelli,3
Barbsss,1
pony-pie,1
YoullNeverWalkAl0ne,4
Synthiviper,1
wakawakamoose,9
laffinalltheway,1
jimjamj,1
WorldSailorToo,6
hooahguy,1
Rainbowcloud_,5
xDerpyHoovesx,1
corgithomas,1
DanBetweenJobs,4
Angramis546,3
PitbullGirl,9
frostpudding,1
smellnoh,6
JowlesMcGee,1
killtheinsanity,2
WLH7M,2
GoRedLegs,1
rycheme,7
samwscott,2
DeviouSherbert,3
jaclyngrace,1
kaiwai,1
calliesowner,3
thisismy5thaccount5,5
rebc,1
Xeroph,2
samllr,3
olollie1234,1
OnlySpoilers,1
beardbrew82,4
this_bear_is_a_bear,1
NonsensicalSteph,13
laughmoredancemore,9
Crimyote,2
Ninjaivxx,1
suzybee,4
ttu420,1
thisisvegas,3
taraep,4
aRenaissanceMan,5
jtoth13,1
IgnorantHilljack,3
bribooth,8
stampi420,1
Digitalabia,3
livinghappily,1
Chingonazo,4
PoopAndSunshine,26
fishingoneuropa,7
buffalospringveldt,1
bongobeat25,1
sugarpower,1
Bigmurph762,1
Hailfall,3
D-woo19,10
DeliciousSaurKraut,1
apostrotastrophe,4
artschoollol,1
Floppy-D,1
Ithrowfootballs,4
rolo66,1
maritimer-hillbilly,1
131Stella,3
hjey13,4
Dirty_Robot_Love,5
akmjolnir,1
johnneyblaze,1
sighclone,1
astrodite,1
klr4866,6
foolishDoughnut,1
poopoopmagoo,3
Boonaki,4
Dratner,1
sixstringgamernerd,2
saywhaaaaat,2
actingasawave,5
PhilTheDill,1
SnarkSnout,2
amongstheliving,4
kelstaney,1
blurplegreen,1
metrosolidsnake,4
CargoBlog,1
yetti2015,1
Rustin788,4
mrfuzzylips420,1
mycatscuterthanyours,1
chikadee09,5
notmarcia,2
nedrum,1
speedle,3
licktapus,1
Johnsinah11,1
kaitxo,2
Steffachu,1
NotSureHowItGoes,3
SheBlewChicago,1
yesinrelationtoharry,1
SlammedPanda,1
fattoni182,1
MintJulepTestosteron,2
Rileyxboo,1
DBerwick,4
fidgetiegirl,2
travellers_soull,3
cheestaysfly,14
Khiradbukhari,1
BonnieinPA,4
death_cab_cutie,1
melini,2
gigglesmcbug,6
S-ZZ9-Plural-Z-Alpha,3
chocolater2,8
tchollinginthedeep,1
kencyclopedia,1
doctorphibes,2
thehumantarget,3
spf84,1
gljohn,1
RealAlec,1
stormnicole,3
skittish_fish,1
clichekiller,7
Smokey772,2
littlemissadventure,3
kcallz,1
defightful,1
Slc18,3
hstone3,1
pinklavalamp,14
keahonreddit,3
lil_beefcurtains,1
gilly_,4
alextr0n,1
iamHera,1
KSOFM,2
thegirlontheredbicyc,4
TheMook3,1
betta-believe-it,4
Cutsbothwayz,1
ozeor,1
cab1004,8
Failgan,1
Roachagain,1
BananaPeelSlippers,17
metalburning,3
Bacon222,3
furatail,6
bakerb9,1
Nicky2385,2
Gabmazuko,2
The_sad_zebra,2
Pdvair-,3
shillyshally,41
Armadylla,2
RadicaLarry,3
lBioTech,1
livebythem,4
farewellfancy,1
FullMetalSeamstress,2
NOMZYOFACE,3
emspfaery,1
ThorandMax,1
HoboHusky,1
fietsvrouw,2
kiimosabe,1
angelxe1,3
Rainbow-Demon,1
nixanadoo,7
ClownBabies,1
eitaporra,2
ModestMarill,2
pixelpops,5
im_not_bovvered,6
beebop8929,2
bacre,1
Swill311,2
Danielle825,1
brianbphoto,1
cupcakeroom,1
trollinyewsoftly,3
tbone115,1
TheMadHattie,2
Joycemcnamara,3
Kelitrutt,1
Dooey268,1
superalpine,1
welb_von_nurpenfeld,1
ChaosXIII,2
bigrich1776,1
Mlerner42,1
thoefler27,2
Marvelman1788,1
matkv,1
culiseta,1
Cynthiadawn,3
VeganDog,1
assbutt91,1
sappypants,2
Kitchens491,3
b_gizzzle,4
CelestialWalrus,4
pisspantmcgee,1
Sitodestu,6
_blackbird,5
fgfrf12,2
heykidsitscox,4
firesquasher,8
lexarexasaurus,6
ccmc19,1
Gingerbreadmancan,6
Munkeymalmal,4
InVan,4
littlemissdisaster,5
mangarooboo,8
lesdeuxcroissants,6
Mukiiiii,1
alizrien,3
BrickEater,3
catfish_bones,1
TheLadyNuala,2
Dewdeaux,1
LivingInFearPTSDgirl,2
Kinom1,1
mattsidesinger,3
berryflavoredspoons,5
alohaoy,5
forfoxxsake,2
whatthefbomb,8
FaustyArchaeus,1
SilkyJohns0n,1
flying_kittens_,1
a_hoopyfrood,2
goodwithcomputr,1
katnissthefierce,1
MadVero,1
kissiekins,3
Budke,1
Ghostmama,1
lizzingandsnarting,1
nalybuites,1
stopthelights,2
nm0s,2
missdanielleloves,1
galgamecks,2
xeno732,2
angerboy666,1
KoltonC,1
Derbiscuit999,4
cookie-dinosaur,3
ekajsmith,1
fatalXXmeoww,1
Cultjam,8
Spirst,1
ZeeFishy,7
QuidProQuos,1
AliBabasCamel,1
Missharlett,4
dannygreenscousin,1
DailyFeeds,1
pineyfusion,5
sLpFhaWK,1
Delica,5
shmerglerburgler,4
markusdee,2
octopoodle,6
jah87,1
shauxdaman,1
xx_ClaireVoyant_xx,2
thesecretbarn,1
nullx,1
VerifiableFact,1
jaggazz,5
tj4288,1
msuaussiemom,3
rawbertine,1
kcamp,3
outlawjanitor,1
citizenblue,6
perkocetts,4
jaytee182,1
richardbusch,1
Harb67,1
TriggyTrig,2
GTctCfTptiHO0O0,3
irgens,1
Sad_ladybear,1
Missylissy808,4
surfer_ryan,4
GDmattman,1
Pixie_Girl_xo,1
woger723,1
AquaNerd20,1
jenniejew,3
blessyourheart89,1
meranu33,8
mjboom,1
katiepags,8
equivogue,1
LotsDog,3
Hamm5,1
mrs_bert,1
JustHere4TheDownVote,1
deadgingrwalkng,6
twinksrus18,12
Bunnyfide,1
tenbits,1
cucumbers,4
trevorface,7
TutsCake,3
lc1962,1
julchen_My,2
capoeirista13,1
mstaJ,2
azziautopsy,6
paperpendulum,4
LitigiousK,1
eclectica420,1
GreatPotato,2
dhilliard,3
Invisibones,5
froughty,1
Leblondbex,1
Nathanchong,1
mymindkills,1
CobayWolf,1
IroN_MiKe,1
Chalenz,2
ktbird7,20
Princess_By_Day,8
kraidia,1
Sammykitty420,2
Leighanneee,3
spikeyfur,1
Dangerzone812,4
hello_thisisgirl,1
apollo_cinco,6
MrsMcJameson,1
Tigress052009,1
see_elle,3
Trubedour,1
blossom_J,1
Axis_of_Weasels,1
musicaldachs,2
smellyballsackpants,1
TTUgirl,1
todamax15,5
ph00l1sh,4
Pebblezz,1
Trombygirl,12
junebug0331,4
turini,4
waywardrebecca,3
aStonedDeer,21
monsieurmonster,1
Tenoxica,1
spiffyone23,1
peruytu,1
A_Friendly_Canadian,1
scubadance,3
bragis,2
susanPaul1,1
LimJahey,3
e28power,3
wadawalnut,3
pandipop,1
TheSheepPrince,1
micmea1,3
petplan,1
NotLost_JustUnfound,3
iPunchOverees,1
DebutantBarbri,1
onlysame1,5
rabyesdnil,1
dugan35,1
Rebel-Yell,1
tfyuhjnbgf,16
ghosttrainhobo,1
Felonia,3
bplouffe93,1
Valeshous,1
nompareil,1
kfree377,1
liniwa07,2
GIJoeJeeper,1
TheIcePalace,3
drjeeves,3
geater,3
Drackonn,5
Halome,3
Hrynkiws,2
PK73,1
lemough1,3
swashbcklr,1
you_know_whyy,3
oorza,1
lookitsgrace,1
incomt65,1
dietchrist,2
Peytlegs,7
bigb1tch,1
Eskwire,2
Cryst,6
jamaicanoproblem,2
Kartarsh,5
Sabretooth24,1
maz-o,22
Dina_Belcher,1
vampyrita,12
cypherreddit,1
eaglewatch1945,9
Handmeafish,2
Netw3,1
Hidden_Markov,1
Agothro,1
crepitus,3
jvanaus,3
Marawrs,1
likeacyansunday,3
iiiitsjess,3
JustCallMeEro,1
PrincessGary,6
HyenaGunk,2
SlapnutsGT,5
leese216,2
Priapistic,3
Furryforest,3
ObecalpEffect,1
cronos844,5
Noserialtrainly,2
joshclay,7
wise_comment,2
coombsfh,15
CandyCreepers,3
TheDudeAmI,1
ii_misfit_o,6
pilas2000,1
gcta333,7
avnti,2
panimer,1
omgwtfbbq7,2
Nekibata,1
smoothjimi96,1
JoAsia16,1
FrigOffLahey97,4
AtlasOffroader,1
sweetly-broken,1
nplakun,9
Erotic_Abe_Lincoln,5
grumpycatabides,5
BerryChoppy,1
NormaHollywood,1
jack3308,3
Clunkk,1
DoTheTimeWarp,3
scsk8r831,1
Seek_Adventure,6
Reslivo,1
Farleymcg,3
-MOPPET-,1
EnigmaNL,1
Guerilla_Imp,4
U4IC,1
girlvinyl,6
Usedbeef,1
thufferin_thuccotash,2
mustardpaws,2
rebelplum,3
thermtheworm,1
ohjustbreathe,1
rotatopotato,1
sweetyoshi,1
telePHONYacct,29
mendelevium256,1
faceny,2
phill0406,11
booboogone,4
Hawesome27,1
redonrust,1
nematoad217,3
wotererio,1
thefragile,2
Kjostid,4
cantleavemygreen,1
pgjohnson,2
shockrock,2
SpacedAlien,3
rmcbuckeye,1
futurel0b0,1
ryafur,8
Blondezombie616,2
Piper7865,2
Killerbambi13,1
stubbs4days,4
__T_R___O___L__L__,2
BIGpapa_duds,1
patinthehat2,1
TrackOne,1
scottevil,1
usetheampersand,3
mjorlazer,2
DaniStormborn,3
gfowler92,2
polychromie,1
conradxu,3
ecto1989,1
jessw316,3
StillWeCarryOn,1
SapphireEyes,1
MiniaturePinscher,2
bleachworthy,1
mvinaja,1
ToastedCupcake,1
abitofnite44,1
novakaj,3
downtown_gal,5
JDN07,1
Musicarta,1
6outof7dwarfs,4
LizzyBreal,1
TooFewShoes,2
mr_bijae,1
TheRoadHome,10
Metakittie,13
mjb_22,4
miss_brianna,10
perry753,1
MaryMagpie,4
volcanopele,3
DragonKing2350,1
PeterTheRedditor,1
TheArcane0ne,1
ofalco,1
physicalzero,3
cody78987,1
whatsupraleigh,3
SierusD,3
snuggyrock,1
MFAninja,1
Melkath,15
chucks138,1
PekingDuckDog,2
d15ney,1
Jurdonidas,1
freckles171,2
juwnaynay88,3
IntoTheRack,6
livejamie,1
Mrs_Boxdog,3
Strayphoenix6,3
mrstadlock,1
arandomgeek0,1
drocks27,22
Doublehandbanger,3
cassieve,2
kurin,2
DillyG101,2
waffles420,3
2phresh,3
heyooo12,1
dextroses,3
dt_jenny,2
pettingzoo,2
astronomy8thlight,1
fletch626,1
deedeeiam,24
alrx08,1
purekaffeine,16
predalien33,2
AubreyMcFate,1
sergiothelifeguard,7
GrimlockSmash7,1
djtai6,1
LileepLoves,9
Nooblasaurus,1
chelseyjess,1
Get__Fucked,1
SkyrimChicken,2
Pinguh,4
ZombieLibrarian,5
Kreidie,17
some1american,6
gaslightredditor,4
dj_joeev,5
hogglethecoward,3
mdw,2
AllTheExsInTexas,15
amdnivram,3
mkwise13,4
FourOfFiveDentists,1
Robo_Fett,2
bluefuzzyoctopus,7
real_fuzzy_bums,1
mindspin311,2
gargolito,2
alli3theenigma,3
ShondaLeRon,3
IFL_DINOSAURS,2
KittyKatKlubMeow,1
kittenfit,15
assidental_sodomy,3
wristcrack,1
tennisfansouth,2
PhantomOfTheCat,6
wellhungartgallery,1
niobiumnnul,2
AlwaysDisposable,1
AliceA,51
Bugs_Nixon,4
FurRealDeal,5
waterpolo125,2
azeemqwerty,3
drubi305,8
The_Governor_02,1
hoppityhoppity,2
Pink-Punisher,3
ayimera,2
RockStrongo,4
MtWhodak,3
pamjam01,3
Breeziessss,3
Zeryz,2
Asiamermexxx,1
Accidentalpizzaguy,1
waiting-for-the-sun,1
SlendersSuit,1
sir_flagon,1
read_u_to_filth,5
MissErika,1
it_just_dawned_on_me,4
LizosaurusRexx,2
shadowhymn,1
happydesi,1
FlibitEJibit,3
Sid_runge,1
angus_the_red,2
danbui1985,5
Mirakittie,4
TexasStateStunna,3
RunFromTheChancla,2
boxerbitch,1
CosmoVannostren,1
MuffinMexican,3
Foreverblowinbubbles,1
Olivechi,3
sauceLegs,10
TheFoodJunkie,1
cambamshazam,2
BjorkDork,3
wookiewookiewhat,1
crlssctt,2
MichaelJayDog,2
juicepants,1
psoas69,3
Deelightful_Love,3
cpersall,10
unholysampler,3
supjessleigh,1
dannym094,1
JaylieJoy,3
wtfrainbow,1
naugrad,3
paintingunicorn,4
floatdaflop24,1
AlienAstronaut,1
kchek,1
BabysInBlack,2
Bentarb,4
marcgodornes,2
far_away_eyes,1
NiceDictator,6
ilovewhenitrains,1
pyopi69,4
inspektor_queso,1
Booperlicious,2
SomeoneBetter,2
XTickerX,1
SilverThread,1
lilgurby,1
wtfgiraffe18,1
brinmb,4
Zelcron,1
MissMaryMackMackMack,1
coldvault,5
eldergoose4L,4
shekki,1
krayfishnetstocking,1
HellonStilts,1
owlcaholic,1
CrazyBunnyLady,8
Burning25,9
Dirt_Classy,1
bernhardt100,1
ladyathena59808,9
AgCat1340,3
bambithemouse,3
hogthehedge,7
YoGrabbaDutch,1
Broduski,2
KindOfUncomfortable,1
KingOfAllTheNoob,5
mtmark29,2
rebeccagwen,1
DanceswWolves,2
bsdboy,3
dick_toast,1
kati8r,1
Hobbes579,11
Dogs_Not_Gods,4
spaceman84,1
Stazalicious,8
simowilkins,1
grania17,3
vr_ms3,9
xlittlewolf,1
dali01,1
speedingbulldog,1
FairReason,1
laridaes,9
PoopyKlingon,1
xGGxGGx,6
Pritel03,3
imtomjane,2
Yvins,4
jupiterfalling,1
Suckmuhgirth,1
amber2stu,5
Darwinbc,2
sayidOH,4
MsPoco,3
InfinitySounds,1
adidasman100,17
EngineEngine,2
siroonig,1
puzzled_pirate,2
codyg47,3
Miya808,1
midnightshadowx,1
stillblazindaily,1
bloodlord3456,3
Tee_Aye76,4
deadmedz,1
CaneInvidiae,1
palatteknife,6
ae_and_iou,2
priest19843,1
onlyupvotes2,1
XaetherX,3
helicopterquartet,2
turboclownfart,3
zanhelica,1
awesomeempoleon,1
batalpaca,1
thedoginthewok,11
iddco,1
roxamabops,12
Rangers1234,1
geocurious,1
spacecadetone,1
Helio_,1
bibimba,1
johgru,3
Raw_1000,1
tonightwedance,3
penisbutt69,1
DaRabidMonkey,3
Smashed_Up_My_Sanity,3
mrbrad11,2
RegularOwl,14
IAMZWANEE,8
Phiarmage,1
kaderick,7
mrpazuzu,2
lev_lewis13,1
wildernessgirl,1
singularity2045,3
weetigo,1
klunkm,1
chadcf,6
DancingNancy4136,8
squeakybucket,3
madmike72,1
keatdasneak,1
holycheez-its,1
BaskIceBall,1
MaidensHeart,1
patronous77,1
AbelMate,2
theycallmesomething,2
Hocico,2
eileenk,2
mafoo,1
kindlesummer,2
maxillar,4
BananaBea,3
jonk0731,3
ChelseaBaybee421,2
alittleolder,1
seasickagain,1
FantaKitty213,3
QueenOfDragon,4
raf22,2
xs4t4nxpur3x,1
Walkyre,2
owned_by_dogs,3
FlirtySanchez,6
maplepenguin,1
ssSerendipityss,1
acrazypitbull,1
benduker7,3
lazztoo,3
Litzy8771,3
Max_The_Family_Dog,1
xlpunisherxi,1
ExiledAmerican,2
Heroine4Life,4
NiqqaWhat,1
thespanningtree,1
BigM1,1
searadz,1
Walter_C,1
k8o,1
Greizen_bregen,1
hagelicious,2
siannybach,7
DancingKumquats,2
j94d,1
sleepingmachine,2
Luesterklemme,3
dcreyop1,1
tas253,2
backdoorballsack,1
Jax_the_Lady,2
claireballoon,5
RufioGP,2
grainzzz,3
Ididntknowiwas,10
Thelaceswerein,3
ElDutch,11
tvokular2112,1
deltaporkypig,2
Callix,2
neuropharm115,1
atomcrusher,3
Johnsinah22,3
usa123fuckyeah,1
WestWingtips,6
DIIIMonk,1
ohhemma,1
Stampede4,1
Megmca,4
Kryten_2X4B_523P,3
philaj9,1
ph00p,1
albatrossSKY,2
Shortyy21,1
loknessie,1
Mr-WTF,2
There-Wolf,5
melisseph,6
bgiebs,1
heresybob,4
PyromancerJ,1
BearsBearsBears_wooo,3
Jauntalope,7
kitsuneko88,5
CTI556,3
HalfAsPure,1
mcslootysloot,3
Solvina,1
bubba9999,2
dazed_and_confused_,3
moosemoomintoog,3
ravs1973,1
FueledByBacon,1
SnuggieAddict,1
Bacon_Kitteh9001,3
mr__bad,7
xsenzafinex,1
PoopInMyHand,1
AirborneDave,1
OldMateMyrve,2
exzeroex,1
ColemanCrawford,1
ihatecatsonreddit,4
Ehrfurcht,3
YosefSum,1
nooneimportan7,1
reidmaynard,6
Inozz,1
sillyokio,2
ak_ward,1
lonlonland,4
velvetface,4
NoozleontheHoose,1
Btb5095,2
Rippedlotus,1
ubercajun,3
BloatedDog,3
malsatian,8
cabothief,5
dorisfrench,3
under_da_radar,3
larissa_la,2
eyehate,20
mannrodr,1
PutAbirdOn1t,1
xtremeradness,1
ImEasilyConfused,3
lion_rabbit,1
derrtay,2
Comoensnata,1
jarxg,1
LieslMR,2
jay_stint,2
Taintremover,1
seniorbutthole,1
chicky08tink,8
Pileofstarstuff,1
rebelheart,3
Rad_Since_91,1
fr1edday,6
Nithrakis,4
SlanskyRex,1
c5c6cal,1
DarkOctober,5
stickupmyass,1
platinumnum,2
hepbea,1
lightitwithfire,2
rosendito,2
whitesnake_rock,2
DevilZee,1
eolson3,2
20ptopee,1
anillop,9
beyoncesbooty,1
ImaginativeNihilist,1
Karma_collection_bin,1
scnavi,19
HandsomeJackass,1
DArtist51,12
Beatlsam1973,3
hobowithashotgun2990,3
Diremonster,1
didyousay__shoes,2
SpoonParty,1
ErinwithanE,14
Kalypso989,2
Couch_Humper,2
BoobyBaggins,1
world_war_me,2
theduke004,4
Viper3D,11
BreezyB1516,3
Hammertime2191,1
pm_me_ur_kittenz,1
Kirstae,3
prowle4763,4
StarburstGirl,6
bratcats,1
HungryLikeTheWolf99,3
AlternateFire1,2
Dank-Sinatra,3
drpeppertastegood,1
squirrelmonkie,1
Devy-liverpool,3
aliaschicnine,3
fedorabledoge,1
hello_shittyy,13
Hiromitsu,1
Ruggsy,1
banpants_,2
rolliebijou,3
oshoney,3
Username_Clu,1
sexquipoop69,2
SuperTravTastic,1
jollygreengentile,2
KDear,2
DuderVonDuder,5
CaptainKate757,2
jessewilkinson21,1
itsme32,3
wafflove,1
lostmimic,1
savedbythebeard,1
Katiri007,2
stodolak,3
jrdnslls,1
PrinceOfTheRodeo,1
YesHunty,6
Peppzilla,1
CrazyCanadaGirl,1
kenelbow,1
UtahJarhead,3
papmab,1
GoldenGoat,1
chef855,1
CSCrimson,1
TheSliceman,2
jasonw1212,1
Canadian_Couple,1
shepards_hamster,1
brrrrrrat,3
TheFckestUpest,18
swaded805,1
protoformx,1
RubyRhod,2
notgoodatthese,1
FunkyPete,4
stephandonah7,1
etopiandi,1
keleyeemoh,2
himynameis_,2
milk_fat,1
Jean_de_Dieu,1
averdin,3
jlangs,2
barret141,3
fryest,2
Audacious_Squiffy,1
goldenbeatle,1
wingnutt83,1
mollymarine17,11
ViolentCupcakes,3
XCrazedxPyroX,4
monkeyseconds,3
ronhaha108,3
impulsecreativempls,1
AShirtlessGuy,1
bennn30,24
SecretFatty,1
Moozery,1
grimm22,11
ProbablyProne,1
blind512,2
rvodk22,1
Kissmyindian,3
pessamistic,2
miss_behavoyeur,1
DarthJonny,1
LoomisSimmons,6
chirp16,2
Ut43ghty,2
Tenglishbee,5
brelarow,3
irbilldozer,17
RAND0M-HER0,16
yoyora,1
skinnyminny14,3
giantcatbear99,4
nihil_novi_sub_sole,3
LillyChem,4
theAmazingPlanktopus,1
MrsSkelley,2
imaguylikeme,1
alygar,1
Nickjp2,3
Panama_joe,4
Syncopayshun,1
thekid2009,1
EarthlingBender,14
calliopejul,1
watertouch,1
meapet,3
thebrodster99,4
macgyver0o,4
bestbeforeMar91,1
dogscientists,1
MyAssTakesMastercard,1
Couchmonsta,6
rebbenomg,2
BeardoMasters,1
rutrowraggy,1
thinksigns,7
carbon_13,1
nikafeetpete,4
graysonolivia,4
HeavyCargo,4
KelsiFox,3
_makura,4
mastifflove,1
creatingreality,13
weather22,6
annebluedress,1
jovialgrimace,2
mcco8883,1
ben1204,1
ButtFartMcPoopus,4
InnocuousTerror,4
anfea2004,1
papershipgraveyard,1
dog_mask,2
rustystrongarm,3
PacManDreaming,1
zippy-ontheinterweb,1
nabgi,5
FifiIsBored,3
Fairle,4
mariokart69,1
HyperionPrime,3
Briguy24,5
Spritzertog,1
SomedayISuppose,4
robmillernow,3
squirtle101,1
FlintyMachinima,1
NotMonday,1
BDasspunch,1
sushdawg,1
Spuntanious,1
libbyfuckinfetus,1
Enchantress_moo,4
IMSOBUTTHURT,4
lissagayle,1
p0litinerd,1
riglife,3
Chuck_Steak,2
masayuki60,1
Itdontmattertojesuss,3
Snikkel111,3
redditorium,4
fussyplatypus,2
rendelow,4
Maslovo,1
Sofa_King_Hard,3
crak6389,1
DrPinkLemonadeVodka,1
samsoniteiwaswaayoff,3
i_hate_mayonnaise,5
msim,2
brunettebomb,4
tippiedog,3
ThisIsMyUsername_22,3
halfAccurateChang,1
crash2hard,1
cuttlefishmenagerie,1
Jriac,1
SillyTilly,3
shmelly--bawls,2
BoudiccaX8,4
Bambooshka,4
Dogtheelder,9
hcoinreosty,1
OverlordZGirl,1
idkJosh,1
jasamples,1
JodieWodie,1
dgusty,7
viral_lolz,1
ohfman117,1
Justcheckingthisout,3
blondecloudyhaze,1
AtotheJAY,2
lilsoyboy,1
LogieBearWebber,1
mightyqueef,2
boomskeet,2
Zanooka,1
princessconsuelabh,5
bambecca,7
w3rt,8
messy_messiah,2
jackfairy,4
cicciona,1
soar,6
hccrusader63090,2
mrmerrbs,14
pnthomasjr,1
liz_lemon_lover,11
akeetlebeetle4664,3
noPENGSinALASKA,1
SquareSalute,3
jessmariedel,1
omnomkitten,2
Kingwhale42,1
Leedsalex,1
Miss_Squidgey,1
mkhorn,2
katiemayoxx,1
depolarization,3
blinkingsandbeepings,8
mousike,2
Levitycasey,1
princessblahblah,1
CamZombieHunter,2
functionaladdict,1
Thkzbasedgod,1
Deefry,2
ramBOLO,2
missy070203,3
one_potato_two,1
redsoxfanumero1,2
michael_ray_hall,4
runromp,11
MommyBumbleBee,7
cmffitness,1
nick_thepilot,7
Amaken,1
No_One_Special_89,6
xDagolara,1
Lots42,5
boopyou,4
shreeveport_MD,5
gonnaburnthem,2
Archae0pteryx,3
strandgeck,1
thederelict87,1
pnoozi,4
DeadPoetX,2
fremitus,3
bcaa,5
ScarfBootExpress,3
freecris,1
SourGranny,3
MissT45,3
SpunkieBrewster,1
Gyrum,1
Dusty_Old_Bones,2
imcorrecto,28
uglystreaker,1
KoosWezelloos,1
squidzilla,5
land_ofthe_Oak,1
wellbuttermybiscuits,2
dontbeapill,1
And_SheWas,1
SirLeonKennedy,1
Sweet-Evil,3
N07070,1
TheLotterydude,1
discoveryvision,8
newaccount21,4
justbnme007,1
prettylittlefox,2
enoughwithcats,7
Razzafrachen,1
hitchhikingwhovian,8
meowhissa,2
amyelizabeth88,1
playhertwo,5
motherofdog,3
maiettag,1
FevaForDaFlava,6
KingFuckDaddy,7
MetropolisPt31,1
Johny_P,2
StrawberryShortKat,1
AstroRae,2
mezasu,1
John_The_Savage,2
jhphamily,1
leesh0916,3
Amazon_Princess,6
narihs,2
openetguy,3
TheGreatNico,1
BankVole,3
adrianuh,1
ThatOneHippyGuy,2
EmeAngel,1
Dr_Explosion,2
Jxshua,1
StrawbSyrup,3
Footba11Joe,1
ChloeDevvon,5
cynycal,3
Cheezier11,2
Soda241,2
wingedinsect,1
xXBIGJACKXx,2
Yooser,3
dog_hair_dinner,5
Clueless_NinjaM,1
NonameNeeded420,1
the_real_grinningdog,1
lymnlym,4
HoneyboyWilson,3
justcallmesweeti,2
ParrotWithParkinsons,5
CreateDiscoverAbsorb,5
PeacePig,1
bluejedi72,3
NasTab,1
carbonbasedlover,1
chewbacca1889,1
dalia912,1
a_junebug,3
FriscoBrah,4
mrvandelay,6
hvacian,1
allio897,1
Da_zero_kid,6
IWillHaveWater,1
superspeck,22
med_sud_i_eyrum,1
Taralorene,1
StunButton,1
Cayterri,16
MURPHYJOHNSON,1
9070811,3
AussieDogPhotog,10
amandasuzcat,7
SPOCK_YOU,5
minkastu,1
waywardmuffin,1
MountAbraxas,3
Cricket620,14
opal1016,1
sjee,1
d4u7211,1
Alby_Monkey,1
jake_rock_ii,1
Slizzard27,2
Arqideus,1
Dont_Panic-42,2
johnnyfartman,1
Fuzzyphilosopher,15
Pegasus_tamer,3
guymn999,5
cyber-bully,3
littleone5,1
TheTeamClinton,2
AndrejKlemencic,1
Air_Mail,2
highdroid,1
Se7enYears1992,1
Trenchyjj,1
hicsuntleones,4
bradthompson7175,1
I_FELLATE_BABIES,10
thehowtodog,1
thelug3r,2
ohyeoflittlefaith,3
lordsofchaos,2
callaway86,1
retrospects,2
MeatyMeatyMeat,2
sambatrader,2
snorville,19
notatallabadguy,1
jc4686,1
D_Nunes,1
crabbyshells,3
xxorgasmicwafflexx,1
Murphthegurth,6
full0fit,1
Hotnonsense,8
BourbonFrenzy,1
Lilusa,2
khaleasy,1
drodeo,1
dddamnsonnn,3
skich43,1
mellymel058,4
imamurfy,1
arcsector,1
dariask899,1
KittenNibble,2
Auronp87,1
pattawan_kenobi,1
pauly_s13,1
megelyse,5
awinntur,1
churc22,4
jesusworesandals,3
jacobroecker,1
Mimsay,4
Sha11owBay,1
ILoveYouAndILikeYou,5
The_Beaner,1
Hoodedki,4
booksprout,1
DrBubbles,1
Robot_Processing,2
ayax6895,1
sidpena,2
amyorainbow74,5
babypuncher99,1
ununiquespecies,4
occasionallylost,3
bender445,3
PhoenixEsq,1
Unclewaffles,1
Emiel000,6
staco,1
msktty89,3
Zauuban,1
jordancer,1
icecreamninja,3
purplemoonty,2
BG0,1
thisismypgaccount,2
bentalphanerd,2
livija,7
cube5000,10
ifoughtpiranhas,1
BakaKuroNeko,1
giraffeonice,5
concreteprincess,1
kimpup,2
hillybillyboy,6
ilaich21,15
omgwtfbbqpanda,8
KarmaBurns,1
doubledopefresh,2
Xjtrain,2
DNAD51-,1
Chellenator,12
bd42,10
mrslouchypants,4
pseph2,1
sethbobeth,1
BoulderCat,5
FiveOnit,4
saucyalternative,1
lailaaa,1
wonderaboutit,2
mcgt,3
crewnecksweatshirt,1
dontforgethetrailmix,2
Fernis_,1
wheatleyninja,1
Buckhorn36,1
bback,3
YAYpenisworm,3
Texanjumper,8
theValeofErin,4
random_nobody,1
SeaHawken,2
Perfect_pitch_bitch,3
purushoths,2
orangecatsandkaiju,5
AllMightyTallest,1
cecilsaucer,7
buckethatz,2
bigben56,1
devoushka,3
phalam,2
samide123,3
0912841,8
Jezlink,2
siriuspunk,2
7693385781711,3
Intetdrk,1
shinyumbreon1992,6
rainbowchick31,1
fallsfoolacy,1
kreiffer,1
welcometotheriver,1
bosonau,1
calicoan,2
Steffany_w0525,2
kippot,1
aragorn_2,1
jessybell,2
audionorth,2
SincerelyNow,1
username,1
momosen0815,1
crazydoxie,1
roytheshort,1
triciabalsan,1
Hamilton5M,1
J3Z3B3L,2
fubu_chick,3
hamiltonpug,1
cassia1994,1
kevinator123,2
RoBoDaN91,3
Feranor,3
lxnch50,1
just_a_thought4U,1
Smileawhilesarah,16
Libbyz,2
Jochacho,3
Pourriedents,1
Sh3rL0cK01,1
vidyagames,3
wondertwins,5
brighteyedflower,2
ItchyXD,3
wifeofbalrog,13
CGorman68,1
DarthContinent,4
Set_the_Mighty,4
catchingnightmares,1
MicroCosmicMorganism,4
Ithink_therefore_iam,2
meninthemirror,2
exmily,4
xxsbellmorexx,7
Cujo0533,1
Unfinishedcereal,1
whatupdetroit55,3
lindzzpee,2
icthruyou2,1
skiii025,1
Feedmefit,1
wowdoicare,3
BigD1970,1
99K9s,4
albinoyoungn,1
Tai401,6
Myboyblue101,1
bishop14,2
majortrailer,2
Lindseybsu,3
Brady_The,2
ashcdc,3
Er0ticFriendFiction,1
Evoflash,1
freddo411,1
Debasers_Comics,5
loner_in_az,1
LesBFrank,4
ettenyl29,1
Drew3169,3
Kl0i,12
Sameoo,2
Neodymium,4
djsanchez2,1
marrrman,1
soulcoffee,2
Umbreon_,1
PatriotHam,1
ygduf,2
Darknessborn,6
BrookieBanoSnapper,1
MsLauryn,3
Azwethinkweiz5,1
Small3y,13
MrWoofles,3
z-v-d,1
tarbear8563,1
murphybrowndog,1
gerphq,1
TyrannaSamboRex,1
xander63090,1
picklesmcgickles,2
tundrarum,2
GSD3,1
tahcoboy,1
societystestrat,7
korruptwinkies,6
Xyyzx,4
doingitforjohnny,3
duble_tappin,1
Chas_the_Amoeba,2
unlodgical,1
aking14,5
torkel-flatberg,2
Water_off_a_duck,1
firethequadlaser,1
CarolineElise95,2
midlifery,1
Kercharelli,2
Meatpuppy,1
FantasticFruitBowl,1
ballsinyourjaws,2
Ryozachii,1
pattarr11,2
The_Dacca,3
Jim_Nightshade,1
dante2810,9
alamodafthouse,2
Mesastar,1
Jacks_frost,1
beanweb24,2
lexiwenttogallifrey,3
cassandre_lane,11
PyroNecrophile,4
thas_righ,1
Jamos14,3
WFAddams,3
segaudette,4
MPTPWZ1026,10
jlee137,1
skippgil,1
shrewdmamajama,1
suamac,2
foxyloxy614,6
Comrade_Commodore,3
mchurchill,1
haileesea,1
VBSuitedAce,3
Cecil2000,1
Anakin21,1
FatGuyOnTheCouch,1
DuckMaster27,1
Lulu008,1
hunca_munca,4
buggslythebugg,1
Gmd88,1
sunnybud,1
Zewstain,1
2010app9357,1
Giacomo_iron_chef,6
still_intoxicated,2
Spock1102,1
LaurelsMeanGlory,2
Woahzie,6
Chevy-Batman,5
LindsayChristine,1
asteffen15,2
hyperforce,1
mark0541,3
Kopannie,1
Addictshow,1
Wilcox123,1
azntaiji,1
Travelingfourpaws,3
NobodysMousewife,1
i_criii_evertim,1
Seldzar,1
mmurdock91,3
BaconOfTroy,8
spudcake,1
wmwid,8
Ijustwantthatbeer,1
noonenone,4
boulinoute,1
3rdcoastwonder,2
Russell4life,1
kezza596,10
BatmanLunchbox,2
gmc3101,1
Snackosaurus,2
pokstad,6
myv6,1
doxieone,3
defaultfrequecnies,3
gaFasiPO,1
rderekp,7
Der_Bosewicht,3
Dingus_Squatford_Jr,1
Circle_A,1
SnatchDragon,3
AMilotx12,3
mastergoo834,1
IntrinsicSurgeon,3
astrodog88,12
fivepines,1
moonshine323,3
bvhj,1
longsnapper,4
meowmeowmeowmeowm30w,4
Xenomn,1
Pure_Gonzo,2
jonaskilljoy,4
msgreyson,3
batterybound,9
JungleJay57,1
malett21,1
Hell_Child,4
eatters,1
perdzilla,1
Roland_Moorweed,1
jlynn87,2
mc_scoots,2
TheBigDoor,7
trophypants,3
nakedinthepond,1
saberstrike,3
bumperjack,1
thiscouldbeben,3
mikper83,3
naandreya,1
Recklesshavoc,1
Sle08,2
F4rsight,1
BirthdayMonth,1
loopsonflowers,1
Bombauer,1
Travisty,1
th3d0m,1
dabsofcheese,1
thehofstetter,5
ithinktherefore,3
iHaveACatDog,7
fueledbychar,3
limitedmage,1
SexCLexy,2
SuperSix5,1
mindab,1
freemoney83,34
davwman,1
TheOneAndOnlyHO,3
HexavalentChromium,1
cheekycow1,3
onlyslightlyamused,10
melissaforest,1
Big_Brain_On_Brad,3
dmtri07,4
CaptnBoots,1
CarnivorousBat,1
stonebonefire,1
2tall4a200,3
mike7654,1
88888888333,6
texasref,12
cassygrace,1
kristephe,1
aidsfuck,6
RollOrBowl,1
SherryRJ,9
Rompaye,1
lordilordi,8
LTjuggernaut,2
beautifulbrandii,2
datTrooper,2
Carpet_pisser,1
About42otters,6
KCBizzle,4
ewewmjuilyh,8
rememberthealom,5
sherbertsheperton,7
not_shakey_byrne,3
amosni,6
tuwabe,4
nhooligan27,3
Sue29,3
MsPetitMort,3
ashmez,28
eTxZombie,3
ButtersHound,9
babyeatingdingoes,7
Nuggetized,1
beansdad,1
R6yamajosh,4
Boiscool,1
Jigglypops,3
MercilessMizzou,2
c_anderson1390,1
amymiller1890,1
IrishEmt,3
metromin,1
congalinechachacha,75
trea92,1
ritaroobias,3
princeofpoland,1
Unoitsso,1
dav_9,2
pooliche,1
Captain_Ludd,1
malojo,1
_Miss_,3
Bean1268,5
joshdick,1
iheartplus2s,2
ashV2,5
Pannanana,1
clemay,1
Combathitman,3
melissarina,4
Wonderbite,1
eileensariot,1
jacob_besh,1
ftasic,1
TheKyros,3
BendyZebra,40
paminklas,2
test5407,1
skip2malu,11
Niccalo,1
murR0Y,1
tintin342,1
aggiehiker,2
fantasticthespianman,1
innademonz,2
Mouse2Cute,6
Pargsnip,2
bmakii,1
wasnhierlos,6
dicktators,4
Pineapplemkh,32
TwigiMaree,2
NateTut,1
RobbieNewton,3
Hayjay10,1
kiwiora,1
jerzeybarrel12,1
headacheinasuitcase,1
carrrolll,1
0567,2
Prometherion666,1
fartasaurusrex1,1
bryn_or_lunatic,9
det49er,2
TR-11,1
PhDiva,2
K8inspace,4
moljs,1
timwood95,1
Jackal_6,1
RagnodOfDoooom,3
oracle989,1
jules0072,1
swanpredictor,1
dreadedbugqueen,1
dan_rathers_is_sexy,1
ItsReallyOregano,4
thebakerboarder,1
carlysole,1
croaker83,1
Imd0wnc0w,4
h00psterr,1
herbg22,1
skrimpin,1
Zolstorm,1
Tazzz1,1
eggplantchowder,6
Polamora,4
Kimmberlias,4
pueblodude,1
Eaudemoose,2
VoraciousVegan,11
jarvis-616,1
ThineEyeSpies,2
FFGFM,4
kaeligrace,2
asianxxl,1
Chickenbuttpie,2
CrossedFox,4
4bitben,2
the_singular_anyone,19
Yippy_Dippy,1
elegant-hound,2
jsecisa,1
Eternalspacekitten,1
marielhous,1
llamaness,1
yonthickie,8
Meteoricleila,4
wildtabeast,1
wolfintheparlor,1
hedgecore77,1
pipe1monkey1pen,1
subtractingthebear,1
mamaflanflan,1
KS_4691,3
prplmze,5
PezDSpensr,1
-KillerQueen,1
girls_might_poop,10
LuluThePirateHooker,9
damnedstonewall,3
TheGreatFez,3
justacceptausername,2
Beachwood45789,8
Gulia1213,1
NUCLEAR_VAGINA,5
AdvocateForGod,1
itsdumblesbby,3
mrspollite,4
A_brand_new_me,1
Wildweed,10
luckykarma83,1
jmartuk,1
Anne372,34
KittyKathy,7
Pun-Chi,1
theatreofblood,5
hope_melinda,5
Briighteyes16,1
Shelbolovesnate,1
hawthornfang126,9
TacoMagic,1
n734lq,1
Yorkshirebread,1
but_why_is_it_itchy,11
Alismom,5
tea_floss,1
kelmit,5
Onelovefuckyeah,1
Rain_Walker,2
TheCrimsonBeast,1
Hockeygirl1974,1
Donnnixd,1
ThatGuyinHouston,7
bananapeeled,2
Garlic_and_Onion,6
athenaspraise,1
Bloodgroup,5
ImNoSheeple,3
Llort3,4
Martell2647,1
relliMmoT,4
Snorkleboy13,1
elizabethmaaee,1
nightshade209,1
Jockle305,1
Dangerpaladin,17
PandaEatsRage,1
mardfet,1
pethoviejo,2
Xop,2
kmuelle6,2
hitler--,2
tenhou,3
Slingtown12,1
SassySquirrel3908,1
LegsMcGlasses,2
Receptical_4_shittin,3
Stinkycheesemanz,4
oculardrip,1
cfj1992,1
spacecowboyj,1
jld065,2
Lrbroders,1
TheDriveHome,2
monimoo,1
Floor_Candy,5
kahalakatie,1
BearlyMoovin,5
Ms_Manic_Madness,1
Soot7990,2
CubbyRed,2
Ant1H3ro,1
Darth_Maul_69,1
Dogophile29,9
dmannktown,4
Bajalove,2
roasted_flamingo,8
bro9000,7
JogsWithDogs,5
aarronspeltwierd,1
GM3d6,3
FeatherFlyer,3
PM_ME_PICS_OF_UR_DOG,1
schnoibie,1
ponyponyponyyyyyyyyy,1
powpow55,1
oceanwings,3
teeBoan,1
Gameboywarrior,1
drunkenAmoeba,4
Commod0re,1
Curiosities,2
all_hail_wheezer,2
2legit2kwit01,6
LoAnne,3
Serromi,4
xEphr0m,3
StarGazer144,2
wnose,3
StarryJunglePlanet,16
Webonics,4
Alas_poor_Yorrick,1
troythewolf,2
queenboudisha,3
fireflower413,2
jakeduhsnake,1
Black-Kirito,1
l4ur,5
redfiveroe,1
Chesteruva,2
wondermax50,2
rkizzle,2
mamoswined,1
BorisTheZombie,14
-naut,11
TheSmartypants,1
BeardedDragon64,1
Midgers,2
zzbar,1
BluntsWithHash,1
CaspinK,7
JennaaaRose,1
cherazzadeanara,2
jimmyslaysdragons,1
kdanger,3
Redditor_on_LSD,5
bubbles_says,11
Permanent10,1
Namsonite,3
Rikhart,2
CrickDean,2
dey_c_me_trollin,1
trentthecaptain,1
since79,2
Heishayden,1
mystik445,2
yellsie,5
Compliments_others,3
TorrentzRock,3
abbee,1
IvanJurkinov,3
GeneralGiggles,3
yolosafafofo,1
your_mom_is_availabl,5
Socrateeez,1
alannasaurus,1
buzz_killington74,1
Kyote2727,7
flume,21
monkeybugs,1
captaincrunch72,2
ismaris,1
metalex,3
IRDouche,1
NahanniWild,1
Smoshifrand,1
KaliBat,1
jennynyc,1
alexfrias,5
LaBoogar,2
MissDez,5
koalaco,3
tico_de_corazon,1
dramamean,1
becherovka,2
amos_wheeler,7
samovolochka,8
flowerscup,10
blughst43,1
thegraykat,1
kolo_z_falistej,6
dixon_cox,3
hnandez,1
McNasti,4
TheNakedGod,6
RealNotFake,1
albertp2000,1
mdoggy99,1
AudioBugg,4
sky_bri,3
bamacl,1
Topher_Wayne,1
arikitty,4
Protuhj,2
Assofdeath,6
deeds184,1
OwlSeeYouLater,1
derpadirk,1
JahFeelMe,5
DoKnowHarm31,1
Callmegusgus,1
RagnarokAM,2
Hexarium,2
DimiFW,1
manwithabadheart,1
Stinky_fish_fingers,1
LeapinLily,1
nickmustoe,2
pibblemama3,18
SuddenlyALampPost,8
petitfille,2
AdmaSimff,3
twalker294,13
MagikkTrixx,4
PhotosByLG,4
pinkmyst,3
al1090,12
gantoline1985,4
tjbalpha47,2
KinArt,2
GMBeats95,2
brokenjewels,1
harleyguy1200,1
The_Colorman,1
noworknetwork,1
hereImadethisforyou,2
Mojo415,2
KarmalitaBonita,3
xDans,1
IrishMan27,4
YamiNoSenshi,2
ama_about_my_beard,2
jcconnox,2
s1th_lord,2
ericsudoku,1
sariaslani,10
MissDarkness,4
2edgy420me,2
foxinu,2
RubyChub,1
theBEARdjew,3
NavyAirVetHerbalist,2
philnich,1
railod,1
shoesbrewstattoos,1
ButtKyler,40
xblackjesterx,2
LadyBtheSixth,1
UMassAachen,2
NOT_DONUT,1
_shreddit,1
TempleU,1
joemckie,3
ismellboogers,2
DukeW00,1
miss_guided,6
Insaniaksin,6
KellyKeeno,1
The84LongBed,6
hillbillybajingowash,2
joshhay,2
DickMcLongCock,1
Jootmill,2
faverolleswizard,1
merrybee72,2
ldypets,9
sk88,1
bpobnnn,1
turtleslocos,3
69ingjesus,2
endlessben,1
presidential27,4
SadiesMom1,1
BlueSimian,3
PRbrowneyez11,1
Loububsue,2
thebunkster85,1
lolokelliher,8
Hiker49,5
73GTX440,3
f_yo_couch,2
redneck_lezbo,1
baronessgalactica,3
BargainManatee,1
RustyGate44,1
Zappagoosh,1
joboo62,2
GHarriott,5
cherrybomb921,4
sinkwiththeship,4
dogmom2,12
PatchedUp,1
BrandonR785,3
StopherHOSS,1
TeaChick,5
TheGuildedCunt,6
Krischan76,1
Yeah_Im_His_Sister,1
silverbeat,3
rubecscube,3
Smaggles_,2
skeptic7,1
dabomb4097,2
k12573n,1
mismjames,3
ksoiuw,1
No_name_Johnson,2
flairness,4
ARod527,4
noahscott,1
Namasiel,2
petmamano1,3
Le_Roux27427,3
nevets777,1
Vorpal_Bunny,5
ItsJigsore,1
ThaDeal90,2
cloudprintchicken,1
JakeTheHuman99,2
TheCleverestMoron,1
Chiiwa,3
immabluedevil,2
Roguenails,4
rodblt2221,1
Quigll,3
Azraeleon,4
alkonium,5
evil_bunny,1
jeremymg,1
Wolfboy1972,3
CubicSatellite,7
Noneedforaname321,2
sisterjerry83,12
courtachino,1
OneWonderfulFish,1
absolut_ian,1
argosdog,2
saricher,5
bonersforbukowski,3
cupicakexx,1
zephypyre,9
outofshell,7
Samthescott,3
jinxjar,4
BurtReynoldsStache,1
momokiwi,4
MKotter,2
Jigglyly,3
CatastropheJohn,2
darthbiblia,14
Tarski713,1
le_emperor,1
azvi_likes_pies,1
nudge_nudge,4
Pan_Goat,4
AreYouMySunshine,3
ggskater,7
forestgreene,1
pwalkz,2
HaikuMadeMeDoIt,11
amishpopo,2
Mrnoone696,1
_iPood_,1
frangtanstic,2
kayliencat,1
aperfectly_cromulent,7
nalarian,2
gladtobevlad,8
Maklo_Never_Forget,1
Skyote,11
jaesen41,1
beccad93,1
billythebastardchild,1
Maggiejaysimpson,1
kraken_kitty,5
DandelionKy,4
merryjane5,4
skeanthu,2
quoth_theraven,3
koolkylej,4
CJ_Productions,4
TheRocketDog,4
hmbmelly,33
mwilhelm44,14
awyeah2,3
arthur4242,3
massiveladywood,3
KYLYKaHYT,5
silverwolf761,25
SleepEatingCow,3
jeeebus,2
Pledge_,1
garret9999,1
Clam-Hammer,1
Deerassassin,4
13_Falls,3
Wraffles,5
Captain_Spaulding,2
Roc_City,2
sewsnap,1
ed21078,1
Shayde098,2
fucksoccermoms56,3
laughingcow2012,1
happyjujube,1
kmhlle,1
misanthropicPUPPY,8
harleenquinzel13,7
c1v3t,3
miaiam,4
Ghoti-Umbrella,1
lady-smokahontas,1
Harry_Balsagna_IV,1
GoshuaJoshua,3
KittyLuna,1
matt14j,2
smgulz,3
Fawkestrot15,2
MomoKub21,1
xxhamudxx,1
Yellowlime1029,1
oxSupra,4
ttonka,1
shes_a_gdb,1
Lesbiefriends,2
dishnasty,2
lamasnot,1
shit_horse,1
TheSwissRedditor2,2
blackbird522,1
harper64,1
Joanie_of_Arc,1
floydianwormholes,3
zerobass,2
bamahoon,1
Robag4Life,1
m_kap,2
meoweebound,2
sewerqueen,3
hippiewench,2
GreenLanternCorps,7
Hyper_Threaded,4
daphy0424,1
filloliver,1
TEKPistol,8
sum_n00b,1
drew1911,1
lurkingonmyBF,1
kmparker,4
lostkid182,2
jjcreech,3
friedskittles,1
momzill,6
antmate,5
Facecious,1
hjr11,5
SpaceJill,1
healthbis,11
khaleesi1984,5
LegitKEG,6
N475DA,2
TMarinelli,4
devonbeard,2
somethinlike,1
GlassTrebuchet,3
diygardening,3
4ndr3aO,1
Ace0526,1
Ghyllie,5
mc2222,4
WedgeEntilles,1
iFartWhenILaughh,17
robiannelli,3
zoid11,3
dcviper,2
cujo15,2
Iprophet,1
LilRach05,2
pandashuman,5
Boba_ferret,4
ailish,5
JPMoney81,2
azbraumeister,1
DomFrontera,1
silentsecrets,5
queue_cumber,3
darthrothgar,1
kalimashookdeday,4
OneOfDozens,4
SilverGlint,1
orr250mph,1
LovelyOdo,1
sconeTodd,15
_COYS_,1
sugr_magnolia,1
blardyslartfast,1
mynameiswrong,27
biscuit_mcniggs,1
martelo,1
A_Guy_Named_Guy,23
WiltedThor,4
Buried_Sleeper,7
Teh_Vintage,1
iwanttodie420,1
Winpotch,3
itshowyousaidit,1
Horatio_Hornblows,1
Hitem20,4
MiskatonicAlumnus,1
JoeCeljz,5
Lalalyn,3
agate89,1
matt-383,8
EatPrayReddit,6
ilikecamelsalot,3
People_That_Annoy_Me,2
roygbiv8,1
sophrosyne,5
deadfraggle,5
RadioShmonty,3
threespeed,1
Gypsy_child,2
Essupwheezy,4
don10053827,1
CuileannDhu,1
golfballwackerguy,1
LeConnor,2
Mockmoon,1
aclezotte,1
abltburger,2
mmmac,3
ZugTheMegasaurus,1
pplante19,1
Fatumsch,2
LupoAS,1
JessRan,4
LurkerTurnedRedditor,1
butterandcork,3
derp6667,12
yoohoopants,1
momsaysitstoowindy,4
loki1026,1
Redd1tsm0stwanted,1
TechGeek1994,1
MisterP58,1
Aceoangels,1
Amandamushu,1
btwinch,1
Shnoox,4
Drawtaru,1
randomanonymity,1
jcardona1,1
omgsohc,1
Johndimmy,1
manoftroy,1
ezratyler,1
kristenmnhood,1
Buddyforealdo,5
LastTattoo,8
PrimeMinisterPemulis,2
little_raindrop,1
LaurenRoxy,8
Minna93,8
sandmam86,2
Savemesuperman,1
RitsBits,1
i_eat_paste_,2
kimshaworldpeace,2
crayolalightblue,4
lildrinkwater,1
TheDamnBoyWonder,1
danceswithronin,2
bronyarse,1
TehNightMan,2
derin082,2
digitalmediamaster,3
Titaniumchic,9
PresidentRaggy,1
rumbletom,1
TOM_THE_FREAK,1
bee1294,5
McGonagall720,1
bjs2,2
denverdiva,1
drnick99,1
tseoj,1
hmhieshetter,4
Boobie_face,1
JetBrink,3
chchad,6
aknowles5139,1
BigCuddleBear,1
rx4polish,3
HappySundays,2
codenamegizm0,1
mazumi,5
themisc,2
DreDay16,1
jerryrw1971,1
Lieutenant_Killjoy,1
Yoe19,1
chzplz,8
Thestolenone,1
cercidasthecynic,5
AgentDL,8
mikehipp,4
lalame8686,22
emmett22,1
ContentWithOurDecay,4
rileywarren,2
Jessica_Ch,1
upizzmeoff,5
fakelife2,1
WhatAmIDoingOnHere,1
trish5713,1
etienetteVA,3
JBo8,11
butcher0,1
Big_Trees,7
mountaingoating,2
GoldernTearDrop,3
MissMultipass,5
ADD_Booknerd,2
DiogenesDog210,1
kumquatlime,1
pursemeatballs,2
evantide,1
kittenpyjamas,19
AussieWithEyePatch,2
S0ck_m0nkey,9
catlikefury,3
kjoro,3
Nerdyblitz,3
fyrenwater,3
teadow,2
tundoopani,1
robotsandwiche,5
ainsley27,7
mellifluousy,1
ilawlfase,13
ktkd,1
chewbaccaXIII,1
kaospenguin,4
kkelly012,3
lendaclue,15
JingleJangly,7
FourGoodThings,3
jack8910,2
cookiecups,2
Reegs727,4
MrArizone,1
GonnaSin,3
peaches671,1
RaceAgainstDawn,4
thesearethose,1
MA55DEBATING,19
Kellykellface,1
polkadotstripes,1
emosgood,3
GM2d6,2
myhomeaccountisporn,1
sarcasmplease,32
SaltyBabe,27
mangoman12345,8
QuestionSign,5
thundercloudz,4
Dynanaut,1
conancarveypants,1
Zikerz,2
Snicklesnack,2
thegreat22,1
ThatMetalPanda,1
Raven_Rise,1
AnokaLove,3
SweetActionsSa,6
mvpbuilds,1
karmanotneeded,1
KestrelLowing,2
kartoffeln514,1
MattJensNJ,6
mrnightowl,2
Hgildy,1
DoinTheBullDance,2
QueenElizatits,1
Tukatz,3
FapFapLulz,1
vswr,2
Icanberoberta,6
heiferly,13
fevertrees311,1
spittinonit,1
PitBullTherapy,7
Mmmbeerisu,1
AvalonBright,14
techguyscv,2
aliceismalice,1
mieri,1
tophmctoph,8
Misogynist-ist,1
lupusmonstrabilis,1
Boy_chinwonder,1
Waterman562,2
liquidbrains,2
whatthecrust,3
ushka86,1
TheWiseFool,2
thatgirl____,3
dustlesswalnut,1
Marte89,1
Mr_Wayne,1
ColdHandsOfDoom,1
morganselah,3
sandyyeggo,1
sweetjune,2
Christophercs,1
mrdat,36
ThatsWhatUrMomSaid,2
bloodthorn1990,1
ahhh_ennui,2
MazerGray,4
ibleedgreen89,1
elmo066,2
BrendaEGesserit,2
secretsquirrelspy,1
meganwhoa,3
SuperYolo69,1
surlyspeed,1
Atti0822,3
LouMac2,7
aryasneedle42,1
esarakaitis,1
AnakinSkyToad,2
Soilaq,1
AlpineSummit,3
TheToothlessDentist,1
Blueequinox,4
MustDash,2
gelfie68,4
UnknownErrorOccurred,6
kateynnmc,1
ArnoldoBassisti,1
bluejumpingdog,1
eventhorizon79,1
damaged_llama_,1
ringmod76,10
oklahomaklr,2
tschaffer1,1
TheDodgiestEwok,1
Bridgetthemidget,2
slothspooner,1
iRasha,7
Apocalyptic_Squirrel,1
a4milka,6
phynn,4
cy_ko8,1
thesmonster,8
entropicresonance,2
Noyesy502,5
wankrrr,2
miskah,7
fishfilletxxxxx,1
ladyfriday,3
NwordJ,3
vegenalia,1
djolord,5
abbiebutler345,1
asthesunsets,1
Wysguy_J,3
BopCatan,1
tessalynn,9
skim-milk,5
Guzzisti,4
AmandoCommando,1
MLP_nko0,1
VernonDent,1
Salty-Sailor,2
ClarDuke,1
el_twitto,1
am20,1
kindall,1
boyne,2
not_a_novelty_sorry,2
LetTheMFerBurn,2
seedpod02,1
Buttons3,6
cr8rface,4
tigresswithneuropath,3
boop_you_to_hell,1
BittenApple,1
invaderd,4
chr1ssa,1
naudth,3
nicrose8,1
Teslas_Coffee,3
trolo-joe,1
jpfigs,2
LeeHarveyT-Bag,1
RandyLeRam,1
foxxred,1
caitthenapper,3
shermanikk,1
ImaginaryRobbie,1
these_dont_matter,1
heartshapesANDninjas,5
saremt,8
troyjan25,1
audriquill,1
redpanda252,14
pandym,2
Schlaht,1
Sooperballz,3
Udonis,1
revertive,2
bernerTman,6
fireflycities,15
viking720,1
haxpotx,1
DubsLA,1
MontyNSafi,1
fishdude74,1
saxMachine,4
PeesOnNuns,6
exultant_blurt,1
veryfatdonkey,1
mikerhoa,1
sundogdayze,1
my_random_thots,4
juneah,2
leoleofranc,5
beegeepee,1
oldneckbeard,11
jug0fwater,2
CatsAreEverything,1
drewtangclan,1
rachelamandamay,3
TheArchduchess,1
ponyflash,1
Oiggamed,2
JalapenoCheese,7
FunkySoupStuff,4
idgafpb,1
jbrady33,1
Hazjohn,1
scripple,2
sourpatchpoop,1
fixsomething,1
snoopettoo,3
Whitemajic,1
Kelevra-ette,1
HamSandwich13,8
Necrofeeliup,7
vjg2000,9
ToDieLaughing,3
A_druid13,3
hamburger-cat,1
djramrod,2
bcb_flux,3
TheOnlyTrog,7
Jobbo_Fett,2
Adddicus,11
froburger,2
McMacHack,3
coilleach,1
caleroberts,2
mike_pants,1
LeeBean13,1
Rutibegga,9
Jay_Bean,1
truckeeriverfisher,3
crows_n_octopus,7
haythere21,10
captainbushrat,2
netrom2211,3
Betaforce,6
thisisanawesomename,1
danhm,3
GazSchultz,1
IAMDUGILUVYOU,1
SomeRandomWhiteGirl,1
Dodgerthehwydog,3
Marzipan86,2
msgrammarnazi,1
chugopunk,7
suitable-muffin,1
blueviolets,4
OneEyedB,6
eraikhent,2
scoobdrew,3
lolison,3
kashmir9553,2
brzcory,1
didyouwoof,13
scoopz,2
schoolpooper,3
getsome13,9
Toffleme12,3
Huntsmitch,1
calciox10,1
KillionaireJay,4
Nai1bunny,1
bejouled,4
Zephs,2
jp20rb,1
DTOM827,1
LazyCowDown,4
layup,1
HeyPeterMan,11
jourtney,23
MrMcJuicy,1
frogsfedora,1
JohnFuckingMarston,2
awfuljokes,2
spootsnk,1
theorys,2
HobbitLass,7
SorcererMystix,5
retractableclause,1
magslikewoah,4
zoomlens,1
ssenniug,1
Frisbeeman,1
bwertz20,1
1stOnRt1,2
hmistry,1
gophercuresself,15
lineycakes,7
rebelreligion,3
Patitude,1
buckshot307,2
Earlyrower,2
Coopr2010,3
_Der_Hammer_,1
fluffy2124,1
brendxn_b,2
Cuttlery,11
colorwizard,16
boney_hoo_hoo,1
RefindingMe,2
MonsterIt,2
JustJers,6
CaffeinatedCrowToes,13
mashedpotatoes_52,3
epg513,1
littlespy,1
rustall,1
rebeccamck26,1
Denver80,6
keekah,3
thecheesehouse,3
Chuknorris86,10
DogOnABike,1
loridee,3
thekitchenwench,1
Pibbles,14
gracefulfailure,1
hopehelvete,3
Sodiepawp,5
Inkedsiren,1
Dumrauf28,1
TeddysGhost,1
Squidlypants,8
9inety9ine,2
candylumps,3
MofoJack,1
waddupjessica,1
Mesmerized9990,3
xtothevizzy,1
ronearc,5
HardWorking4Pennys,1
FBratsis,1
meatybone,1
CaptainBatman,1
sophia_martin,1
SiberianShibe,1
AlwaysTheKop,1
Demon1c_impulse,1
95PercentGorilla,1
AdolfHipstaaa,1
LadyGodiva21,1
greenfanta,3
bmore15,1
siltorn,1
pax99,2
ProudBarry,2
wafflack,1
polly_esther,4
amyxina,5
mydogishandsome,1
drifton,1
SuperDad_dadadadaaa,2
Cheese_N_Onions,2
RDJLover2012,3
boourns75,1
pipeanddrum,6
mm1688,1
ladybrowncoat,1
Aoifa,3
OhMyMoogle,1
Fragilefish,2
Im_a_fuckin_asshole,3
MalikAnwar2,1
topcheddah,1
AudienceWatching,2
TLKPartyPanda36,2
CThomasFlood27,9
02139,1
DarkestofFlames,7
This_Explains_A_Lot,1
JWDen,1
AnxietyBug,1
Col_Monstrosity,2
darealVannaWhite,1
halsed,1
mtexcursioner,1
wojar,2
mellykiller,4
secretlyjesus,4
Like_I_even_care,1
coachchels,1
peanutbutterscotch,1
Jiro_Whiskers,5
Fantastic_Bacon,2
spartacolossus,1
lilithsativa,3
dandyblast,6
pocketfullofbowties,5
kronicfeld,3
maskiwear,2
EthanPatton67,6
AlmightyB,1
elliottok,2
bostonbutthole,3
blooencototeo,4
ohargentina,3
OneLife77,1
HundRetter,5
ChristLeader,2
Run_Buffalo_Run,10
ComedicChaos,3
ThisIsADogHello,2
gukeums1,3
MeltFaceNotButter,1
avnerd,3
MC_Preacher,3
bunnymeee,4
saruwatarikooji,1
merklitl,1
bartonar,3
Rahmulous,2
Stereo_Panic,1
PuddingPie85,1
i_did_ur_mom,3
sarahsaurusr3x,5
alittlejoy,2
InvasiveTuba,4
bcilley,1
thnksfrthemmrs,2
TheRedSkittleCure,1
sheravi,13
daniellecinnamon,5
Darsich,3
Amandalf,1
Bassoon_Commie,15
EmilyNancy,1
DeutscheDogges,3
binuuu,2
RoopRaj,1
dedgrlsdntsayno,1
I_am_a_Wolf_AMA,1
I_EAT_GHOTI_DICKS,1
ChaosKittyXJ9,1
maddasher,2
scarletblush,3
sunshinedaizy,1
onemissingbutton,1
p34chyk33n,6
bananabelle,2
Humanimalien11,2
writergeek,3
get-it-gone,3
penciltop24,3
pepitos_revenge,1
Kong_Dong,1
dantman0,1
fleapuppy,1
takeitapart4x,1
storyteller623,2
muffinbutt1027,5
BUMDY,3
reddoggie,5
Smoothini,1
CanWeGetSeven,1
wsdmskr,1
WomanWhoWeaves,9
vagmulp,3
Kazooguru,7
CriticalH,1
moontabu77,1
Shmaesh,5
BlueBG82,35
ArsenicGerbil,4
LawGinger,3
Dougdahead,3
whitepeoplefeelgdsht,4
zoeche,1
Shiishaa,1
Fenkirk,2
Opheliaprophecy,5
goosfraba_,3
reddditcreeper,6
-klik-,2
homebythefence,1
wickld,1
veralidainesarrasri,3
hacelepues,1
billthegoat,2
Sieberella,1
evergladesbro,1
KenzieKristine08,2
lulzatyourface,3
Karfunkley,3
thebooknerdkid,2
celia99r,1
Audrey0612,1
m0rtise,1
quinnito,3
sinisgood,2
MyNameIsElla,2
masqueradingasanorma,2
something_facetious,1
psychman3000,7
TheBurgundyPhone,3
jchangart,2
settersrclowns,29
TeresaDoris4,1
89JSW,1
Enchilada4,3
quesadilla_r,5
RMEffinP,3
FullClockworkOddessy,8
7_EaZyE_7,1
elputas69,2
TeddyPeep,5
ameera13,3
Purple_Slag,1
Iggins01,8
Davethe3rd,7
pooncartercash,3
marklar10,1
Beardedly,1
RMaximus,1
ladynoir26,1
FOXthemonster,5
Ranishybee,1
tmthykrgr,3
masterjedi89,3
hattyballs,3
PastaHastaMasta,1
truleerotten,1
eriiccc,1
Ripl,1
buttonbookworm,1
DrEmilioLazardo,4
Death2Milk,3
i_smell_books,2
JettClark,1
ghostdrummer,3
Betcan,1
lamorte,2
jane-3,1
SucksAtFormatting,2
hmswish,4
aerzam,1
LordErbington,3
CheddaSpredda,4
canehdianchick,15
drevil7171,2
vmcla,5
BreazyStreet,3
Bleumberg,2
TheEvDawg,3
Zitroneneis,1
lemonreddit,7
playingdecoy,7
god_damnit_reddit,2
eastbaytray,22
vodoo1,3
WhoStoleTheKarma,1
BanditaBlanca,1
magrat22,2
Kkaban,1
kamberatkins,1
Nichard,1
jengatronathon,1
MaverickTenSays,1
gijamie,1
jb4427,13
Yatta79,4
daryn7,3
ScuttleRhino,1
YoloCowboy,3
Heyamburr,1
hotrockcandy,1
copperspot,3
kksliderr,1
casey2193,3
JoshMLees,1
ThanksChampagne,2
afrael,8
TheBlueSoap02,4
tgoodmarsh,1
beardediris,2
lookinatshit,2
aPlasticineSmile,3
BurgleB,9
sunscooter,1
santogue,2
reiga-art,3
coldasshonky21,3
DustWarden,2
