Username,entwives
Vanderhooch,1
barelycurious,1
6thgradehoodrat,8
starfig,5
CAFFEINE_ENEMA,22
sb11345,1
novacooper,5
BabySkunk,7
Katiekinscuddlebunny,1
linzeepinzee,1
natasha_six,4
theundone,3
devenasaurous,1
yggdrasildgm,1
crazyhippiecatlady,10
Nyx9000,13
TREE_wife,2
oookayla,5
scharbel,1
QueenOfLight,2
devilscharm,1
mastermalinger,4
Tigrael,1
livinthedream,3
BabblingBunny,1
desroc,4
whatsupgirlfrent,4
neonchicken,12
MrsJKO,5
justaregulargirl,5
maybe-drunk,1
DabLover,3
Dithyrambica,2
asksteevs,1
DoomCookie13,3
onetwotrees,1
el_gato_verde,1
PAISLEY_,4
gwdarktwistedta,1
looksharpfightdirrty,1
marilyn-monbro,22
VivaLaUnicorn,2
braelynjane,27
shmoopie313,6
i_smoke_trees,13
sonicscrewdriver89,6
Noshiba6,20
PersistENT317,3
littlepastel,3
LittleJackalope,1
lilbbrose,5
whatstephsaid,5
eatmycupcake,61
brtnyelzbth,1
sgentus,10
smallls,3
PhedreRachelle,3
BlueSpun,1
CalamitousD,4
Turkooo,2
pepperrush,6
rebelxwaltz,1
Lilpea8,2
rockyrockette,4
unwin,1
alaskafound,38
kimmycat88,14
mama04,1
tigerbee420,9
letshaveateaparty,6
maighdlin,12
HappyyCloud,2
MileHyyerr,7
comeonyouth,1
ThePickleMonster,1
trance_atlanticism,4
number1nubcake,1
theeburr,3
glasstomouth867,1
coffomoffo,8
Hey_Stupid,1
Natsuu,1
ImaginationStation,6
blahblahtankini,3
DiscoRace,2
hemp4victory93,1
Smokesignals608,3
BellyRave,8
LadyOfTheLight,10
LissaN5771,1
SpitballRainbow,3
MyinnerGoddes,1
Cladams91,5
CleSurfingNJ,4
LaughingAtIdiots,1
Lupawolf,6
princesscougar,1
granolasandwich,1
daniloulovestrees,5
susielythgoe,2
nottilus,12
bokehtoast,1
fssybtterflyprincess,3
mrs0427,1
crazyjkass,2
DaKraken,6
reneexxoo,1
high_,1
Ananaze,4
smewchies,4
chbar1,7
Chellekat,19
pixistyx,2
scrabblex,4
Tashizzlet,9
JessieLeee,4
hollynoats,7
Lady_Lunacy,2
atget,4
rosieco,18
HouseOfMiro,3
gingeralefiend,41
Danyell619,9
girlindie,12
MissEevee,4
mangojones,3
MrsBroosevelt,3
themooninthesky,9
enigmaurora,1
nanon0324,10
nessachez,1
TanRabbits,3
KAWAIINAPPA,2
PPUni,17
HungryHungryKirbys,7
The12thDimension,1
zephid7,5
Megan_Bee,1
radicalspacebitch,2
scifimonster,1
Goders,3
Tiny_Fox,1
matchstick_handy,1
sweetspott,5
uncurled,8
JohnPineAppleSeed,1
Blixxy,2
NailPolishIsWet,9
abellaviola,2
suneyes,2
CouldBeRaining,1
shrubzilla,3
ChasingLori,10
Monkey_Face93,1
raije,8
starbright1984,1
tah-ruh,1
aliciamalicia,1
NerdyNinjaAssassin,37
ewitsannie,1
alpacaprincess,24
darcvader09,1
Tuesday_D,19
theradomen,3
PleasePleaseMeepo,1
Laquickflash,5
chaos_is_a_ladder,2
traviskoz,1
workingdrone,2
chloeishellahigh,9
snarktoast,2
AlchemyOwl,1
djoney,5
khaloisha,2
blue_dAze,10
MrRandyWatsonYeah,3
danibomb,2
alyssaishness,1
hippiegirl420,2
whatisthatblinking,22
mostcertainly,3
pas42,2
green___tea,4
thenakedgirl,1
kmorga,1
spicy_kitty,4
AddieGrace,1
MissLita,2
entwifethrowaway2,2
maple_bacon_pancakes,1
notthatpersonal,8
funbunnysgetmoney,2
siha_tu-fira,4
janemorrisgoodall,5
snark42,3
mmhmoist,1
is_it_your_balls,6
woahzelda,6
quicklookleft,3
Carinaponcho,1
NeonSnail,1
K9ABX,1
naughtybaker,3
cat225,1
Gwobbinz,1
Personsanon,14
batmanandrobyn,2
gimmefiction,4
TyrannyMcbane,2
teenagewelfaremother,12
thisismeER,36
Infiniloop,1
HereBeMermaids,1
garmatari,3
pokeybear100,2
pretty_things,15
pandabutter,5
puffyfluff,1
AMBAA,1
sexandpopsicles,4
jhudorisa,3
checosafai,3
Jwaswrong,4
nebulouspenguin,3
flabbyideals,2
growweedeasy,18
zanvansk,5
twurkit,4
Skittles0840,1
Danger_17,5
gomezshamburger,3
smoothkender,1
clockwerked,3
CarinaConstellation,1
morwenna,1
Sanctusorium,2
use_more_lube,11
XOwatchingyou,8
uhmm_what,1
OnlyYesterday,2
allons_yy,15
southernstoner88,1
Unicornucopias,4
laceandhoney,1
Shake_My_Snowglobe,1
I_SHIT_A_BRICK,6
FranDankly,2
_Adam_M_,2
vanillapep,9
EnterestedGF,89
OhHiYourePurple,1
Pregnantcowlady,1
SteamHippie,20
arieltron,6
photosensitiv,1
colorado_panda,1
cookiemonster87,3
Opalestress,1
SoftAsSin,2
MelonLady,30
AdamnEve1429,4
bluetaffy,2
avayla,15
reddidentity,15
pineapplepinot,3
Starkai,4
840InHalf,12
RiotGrrrl585,2
missvixy,2
Kaydye,4
bromeliadi,42
thesyntaxofthings,1
sprinkleddonut,9
scosgurl,4
KillYourHeroesAndFly,6
COCOnizzle,2
ohSnapitsStepho,8
gypsypanda,1
kellydoll,3
plaincheeseburger,1
sexykitty,4
rainkhukhrain,2
Fuzzyfozzybear,43
PeacefulCamisado,3
e_komo_mai,9
According_To_Me,2
dastrn,4
MissAngelFire,8
cheekychief,7
windowpane,4
andthatsthetooth,3
georgiaokief,7
veilofisis,1
pyrokineticplatypus,1
ENTirelyBaked,2
WitchDoctrix,1
weedthrowawayWOO,4
shotofawesome,4
nightowwl,2
ultrapreneruship,4
cjsnow1,1
vypie,4
Lupercalia,4
La_Strada,2
ItWasTheButterfly,6
RoniDeutch12,3
ellydee,1
rebelswifey,3
Willowpuff,5
seastar11,7
onlyhereforthecake,2
pashafisk,56
SugarButteredBread,1
sparklezombie,1
DickCavettMeetsABBA,2
gimmedatrightMEOW,4
Chippohippo,3
Syoder,3
princess_bedmonster,10
upboats4u,8
Moebandie,18
Arielandsweetie,1
Pr1nc3ssP3ach,1
Ashley_2287,4
Wolf_Mama,2
MaryJanePotson,6
xxmaryshelleyxx,2
too_clever_bluebird,1
Caseyyymae,7
nokomn,3
buffybuff,3
WholeLottaAmber,2
swtbubbs,3
PancakeMattress,7
HavartiParty,3
alohakush,14
LankyEnt,1
LadyJaneKillington,9
renaevvv,2
tindandelion,3
boredstayathomemom,9
pwincessbuhuhcwuhp,5
Time_Lord10,7
hjonsey,3
Suplx,2
painfulmanet,2
GarlicBreddit,5
Originalluff,19
b1un7z,1
brilliantmojo,5
babyboberin,4
tightlyslipsy,4
jrg2004,1
havocjewel,1
sweetteabone,1
Duches5,2
theyoungmachines,11
nikani_nikani,6
verybadwolf,12
LousyTourist,3
GrimaldiJ,1
phasers_to_stun,5
L22R,2
pinkvoltage,2
thekillerinstincts,3
jordorb,7
hippychickrae68,12
entea,3
existie,3
contonsoup,2
AzlynTheLion,18
x3tan,1
fairypantsfila,2
what_a_cat_astrophe,8
jezebelunicorn,2
YetiYogurt,3
cross_roads86,1
do_not_recycle,1
wowsoamazing,2
daytr1pper,4
ph420,3
humboldthoney,7
LTSnatch,7
justcallme_bri,5
academiamia,2
HookahGirl,3
weneednicethings,1
fuarkimsick,9
bee_are_ayech,23
AlexKTuesday,8
aliceandro,6
aborodin,1
stonedemilyyy7,1
tw1221,1
emeraldapril,9
letteprincess85,8
sloth-life,3
Dubbz_Duh,15
Red-Rain,5
0therworlds,1
Chompzzzzz,2
Blueberry_Kitten,1
natureabstract,1
TwoMiddleName,1
_LittleHoudini,17
bluesky747,1
closedblinds,1
Howlinger,9
indiekim,1
VDAP_lady,6
420AmazingDragons,20
cunttastic,22
TehRen,49
papabearincali,1
girlwithoutaplanet,9
li_the_great,3
ilovemanatees,22
MeanMissMustard,6
careeningendorphins,2
queenpurplepotato,4
QL6wAcDP,2
laurensmash,1
KatTheGreat,1
Peaceandallthatjazz,10
eitherway8,4
niikaadieu,1
lifemovesprettyfast,3
feowns,2
erisanu,1
howabootthat,3
Saturnynian,4
SmashleyNom,6
MsWifes,1
DearSquiddie,4
trustmeimabartender,38
ThefArtHistorian,3
da9ftw,1
baesnectar,1
Dahlianeko,54
alizarincrimson7,1
adorableinpain,11
zeprince,1
hanstalhoffer,38
Madampineapple420,1
cannalove,3
The-Tender-Vigilante,14
Vikkums,1
Razixon,21
Stone_Cold_Faux,3
girlhippie,3
FlickYourBicTakeAHit,13
Yarra,1
notjane,1
kinkyvargasgirl,1
popholia,3
somekindofride,1
kittenmitton,2
leannebrown86,1
spiralaripspiral,1
denara,1
Summeree,3
stringcheese_cocaine,2
apondforxmas,7
ceightlin99,1
horsedd,6
randomind223,9
abaub710,3
nappers_delight,16
SleepingWithRyans,4
killabee_z,1
dominalex,3
Arachne93,17
dearjack,12
makeitrahne,59
captainalana,17
Doggytaail,1
Darkhypocrite,8
glitcher21,1
lilbluehair,34
butttwater,15
piecesofpie,4
kylebob86,5
TheNicestGirlInTown,1
robothugunicorn,4
dontbeajerk,1
montereyo,6
fluxusisus,3
gizmer,1
Hollypops,2
busty_sinclair,16
AFrogsLife,76
n88888888,4
samissorad,6
zarro09,1
OneWithSloth,4
howlingatthemoobs,1
spacepromise,3
bloatedunicorn,1
Apocalypse_Roadtrip,1
metaphoricmangos,12
neonTULIPS,9
hell0dali,4
TittyBoobowitz,2
entgardener,77
mMelatonin,3
KyrieEleison_88,3
Edithbelieveit,2
JaimeLesBarbes,2
miss-green,38
Brandonione,1
thelobotomobile,4
freakyleaf13,4
Simim,2
Esperoni,1
Banantics,1
lmoneyholla,8
SockDwarf,6
Crick3t,4
maidenari,1
HollyDolly12,19
ilaughallthetime,3
stereostaticxo,5
nerowasadopted,2
KittiMoo,6
qwekfm,4
Caitlyn87,3
fadayz,1
luciferoustrees,5
masquer99,1
theotherallison,2
clocktimer13,2
twerkitout,2
morieu,3
SlaybiaMajora,12
StatuatoryApe,2
giftedgothic,4
inhale_exhale_repeat,2
thatsnotalane,2
gallifreyrose,1
Bananath,2
MrHydra,1
Lady_Bug_Love,3
kitannbeals,7
kujuh,25
spiderdust,1
TheNakedGardener,4
truthhurtsbitch1,3
lulialyce,1
isthatshitcray,2
Lindsw,3
category5tourettes,1
HRH_Puckington,26
meowsatmoon,1
PinkPeonies,3
sonowruhappy1,29
sidhequeen,1
gdtrfb42,1
catcatherine,11
rit100,1
Muffins_mittens,3
molotovzav,1
WWHarleyRider,36
smokeythebearette,1
SlabDabs,1
AstoriaGreenweed,1
Elenahhhh,1
Seam_queen,1
ledronjames,2
Fertile_Taco,1
DeviENT_Girl,8
chamomilky,1
judgeMENTAL5,5
adorabledork,6
leahlemon,33
herbertbadgery,8
toomanymoose,33
rose_wood,6
talking_muffin,2
McCrapperson,1
Inamo,1
Jagarenpapegoja,10
maleia,1
a_stitch_in_lime,180
weatherhood,12
Nomsxxx,5
katnip86,41
pidgeoneater,3
Calico_Sativa,3
dog_butts,1
Miss_Cupcake1,1
teenikki,1
eilereads,1
helloheretic,2
kasjjm,8
FarkyFark,4
cleavercubbins,3
nursies,1
oph1uchus,2
FlyingQueso,3
cosmos_jm,1
onlytalENT,1
pparka,1
winderer,47
sparklyunicorn147,12
vulpes_zerda,6
MagentaTriangle,6
monkeywrangler,1
StateofJefferson,3
SailorTits,5
thechiefmaster,1
swild89,5
bamboosticks,1
LivingSaladDays,1
BlackLeafBong,1
blurplegreen,9
youliveinaportapotty,2
LesBelle,4
Sumurika,1
shitssomath,3
koreanforrabbit,6
flyy4abrownguy,1
violetladyjane,9
PrincessNeo,1
Great_Plains_Ganja,2
cherry_elisa,19
samdilla,1
sweetgooglymoogly,19
Tongue420,3
prettylittletrees,5
louieevers30,3
fishcustardfortea,4
kb13733,6
elbowforsale,3
paracostic,5
jazziedax,1
Starsovertheseas,1
Eluaschild,1
rageagainsthevagene,9
smokystars,2
pandorascircle,3
Norrstjarnan,2
AmeliaJH,1
submissivevixen,4
cassandraphi,1
VanLaux,1
laranita,1
kellyds1987,1
alishaaderholt,1
MaryJane_Holland,9
little-bird,15
jleastin,5
kissmyemilythorneass,6
sweetpickleglass,3
jennisan,1
raingirllori,6
AgnesScottie,4
sparklesnperiodblood,3
juniorkickstart,9
iluvjly,6
acidXburn87,4
maryjaneshoes,5
worstbehaviour,12
HeyChaseMyDragon,30
sophiewophie666,4
trippingdoozer,8
butternut718,1
kessirose,1
Lindseywastaken,10
Clementine3,3
whoreforsiren,7
dogbonepanic,1
NormalCurry,3
BoobieMcGee,54
cybrcat21,3
fefebee,1
fuckthisshitimtired,3
Mystitat,14
glitteronthehighway,3
magdalenian,1
saabo75,1
batgirlisawesome,2
peacawks,1
asxestolemystash,11
gardeniagray,1
TheBarefootGirl,4
GraMacTical0,4
undercoverballer,25
alayagreen,3
punkanista,3
ihaveajellybutt,13
kallisti_gold,77
GentooNiXGeek,10
katiness,7
IsltAfire,11
Torturess,4
darlingsoul9,3
mrsbrucewayne,1
thevirtualme,2
hell0missmiller,14
hoopdarling,7
horses_in_the_sky,2
ByroniousCat,7
violaceous,2
mourningwood__,1
musicfan_28,7
ladybug2055,2
ccmmssjl12,2
xNeyNounex,6
manicxhavoc,9
achimira,3
DiscoKittie,4
greenpuffin,1
Grighton,18
StockerBox,1
Faithlessfate,14
HillaryClenton,1
madi_cakers247,1
ldreadholm,7
CowJuicey,11
EclectricGirl,4
NobilityScooter,3
i_love_owls,2
lightaqua,3
cosmicdusting,3
not_a_woodpecker,3
niamhellen,9
Simonthefish,1
spunkyturtle,6
7ay7ay,1
bicbeck,3
officerpompadour,2
haikularue,1
hotcars,3
Dina_Belcher,3
treeloverlady89,1
sprinklesvondoom,22
chrisimac,1
babiestbaby,2
Sneezes-on-babies,22
Megatitss,2
TheEden,24
zombiepunch,17
timeforstars,4
m4ng0girl,16
TrustyOwl,43
CapraDemon,2
RandG393,3
caracakes,28
R3vengeSlut,11
KeslinDemas,13
Whomping_Willow,1
Lady_Macbeths_Ghost,3
tenfourgoodhomie,2
Al-anus,3
W0rdN3rd,2
HeroOfNewBarkTown,5
csam1989,1
lrdubya,7
AsForMe123,4
Mule2go,5
itsiliii,4
Muffikins,3
monkey50596,3
coffeeandbud,1
Cochise1977,1
spacepangolin,2
prettypurpler,3
omgStarKitty,7
nite_mere,5
lux_mea,8
MrBearface,1
peaceandkim,14
onewhodraws,3
elanasaurus,7
LethargicSuccubus,40
Adrienne926,2
airial,10
Bachstar,3
ToxicCalavera,3
ShinyToyButts,3
oateo,16
affenpinscher,7
Afrokush,3
SempaiMermaid,21
projectedwinner,3
visuallyassaulting,9
crystalvisions,9
MsPollyPrissyPants,8
nec1627,1
discodancingzoe,2
Natalia_Bandita,7
_namaste,6
mambacon,4
irksomeTruth,1
MacabreFox,1
Anoneemous87,1
Jukibom,3
funkengruven88,1
oscane,5
hu-manatee,4
milolol,1
peacemidget,1
LivingDeadInside,9
pp___,3
Ginger_J,2
kittiesgomeow,1
picklebreath,1
JuWoolfie,7
helloily,14
doomweaver,2
carweber102,3
Katy-J,8
emtent,3
CookieDoh,5
pooterification,1
Clearlyvenus802,2
Unklemikey713,1
EvergreenOcean,1
kindofbitchy,2
mauimixed,1
DontLetMeComment,4
TailessKat,1
kittenpet,25
maispourquoi,11
SilverThread,1
nope_nopenopenope,3
cndoyle87,8
ToniJabroni,4
indigodub,6
PhileasMyLove,24
ChokuRei,9
hogthehedge,7
mergingwithspace,1
edwinlin,4
Rayn8179,2
XXX-XXX-XXX,1
rapunzelwasawimp,1
Encie,3
ibacktracedit,14
Zapchic,3
Oleandra,12
MandaPanda16,15
BooHoo_WhinyBitch,3
KittenConfetti,2
MollyConnollyxx,4
Sokoke,1
ninaandamonkey,4
LadyDrinksALot,3
IAmAn_Assassin,3
Arejayy,4
showmehowtofuck,1
yetimantra,3
snoooopaloooop,1
thattgirljoyy,4
Stell1na,2
missus_jordan,19
Madame_de_Cunt,1
Lexmacemo,3
MalavethMorningrise,4
hufflepuff_puff_pass,3
LittleLoba,3
Miss_rampage,5
shmargle,1
SGT_ALABASTER_SPICE,1
BaroquenRecorder,6
greenlovinsurvivor,4
mrspaprika,6
The_Woman_Destroyed,10
kissinginatree,1
SapientSlut,4
Kikiwanderer,9
Femineesta,8
antisocialmedic,10
thenwhowas,3
showeringhippie,1
BlackMoonWolf3113,3
strawbhurry,2
Nezumify,5
jeeminychristmas,11
Zoldor,4
ToxinFoxen,8
CopyRogueLeader,6
fluffyplague,5
OG_Miss_GiGi,1
JessCameronn,3
annanow,1
crimson_tea,2
rogue_pineapple,5
defdoesntdodrugs,2
kdafff,1
melisseph,10
Weed_Wacked,21
sensimilliascent,1
squidgirl,1
sumfartieone,2
prophecygrrrl,1
Phyllis_Lapin-Vance,2
Mechiko,75
bluepanda8,13
timeladym,3
MyGloDesigns,1
Natty_Ice,14
futurelizlemon,5
Haywood-Jablowme,10
efuller38,1
crystlchaos,1
RollerRainbows,6
scoutycat,6
galaxy_lass,1
brains4breakfast,1
vpbells,5
alfrodobagendrez,1
noBStodayplease,5
__Rapier__,4
purplemuskrat,1
lovebug23xx,1
wastingthedawn,3
KakashiFNGRL,2
nogods_nokings,1
B4addict,8
Dropadoodiepie,84
JoKat,11
deathishereditary,3
Cranberrybitch,2
lulu131,1
cactusbrandy,3
wakeboarder079,1
InvisibleBear,12
ErinwithanE,1
cleome,1
Believeitorleaveit,1
grammernogood,1
Hybriddecline,2
JewleeG,3
g0g0_yubari,1
accidental_reader,1
mizzally,2
Skanktuary,8
FunbagsMcBooty,1
vertigo90,1
kellyb76,1
AKing618,5
nuclearsugars,1
cheshirecait,7
adrianacox,6
DenverSapling,5
JaneThePlain,9
SnazzyMcFuckpants,1
BleauMe,12
Squishered,16
bohemiandan,1
NeinNeinNein,1
yanetosaurus,3
fullmetalretard666,3
Phylophyl,1
hmwith,1
gwendolynnn,1
spaceygracie,5
inbeforethelube,1
illuminarse,1
8781251su,4
Robot_Ghost,1
CardinalFeek,1
katerious,1
Drunk_CrazyCatLady,1
Golden_Rode,5
thatsthetooth,11
voilsdet,1
daebak_alison,4
foodie42,1
Harlequnne,11
Kcgurl09,7
Boob_Enthusiast,3
FefeFitness,1
existinginacrisis,3
danni88,11
SingleMulletTheory,1
raekira,5
zanzei,2
ak_ka,1
willienelsonmandela,8
devildame,5
JackOHearts,9
SparklyVampireDust,6
libbyfuckinfetus,1
littlemzla,23
squeaktacular,1
popdoggie,1
leighbeeeeeee,2
LillaCat3,4
bkdlays,3
BCoolHoneyBunny,1
baisforbethanyalice,7
kateykmck,12
rhythm9613,2
genuishere,1
marylucymolly,1
elizabethhh21,18
roasted_fingers,6
DuneSprint,4
lucy420,11
lalaloo9,3
Rlysrh,5
Comesontoostrong,3
petty_sweater,4
agissilver,1
LadyRavenEye,4
chatattack,1
captainlavender,26
vneondreamsv,6
springbear,3
pickfights,4
KottonQueen,2
mapleshots,3
Miriam_Pataki,1
sugarplum420,4
vegancondoms,1
lrhollrah,3
glitterypinksquirrel,1
sillydoxie,2
Cmdr_Taw,18
ObliviousHippie,23
gonnaburnthem,5
shitassssss,6
Lolalaa,1
Kaywin,1
sassy_massey,1
ZombieTrash,4
freakoutinout,9
seizuresrock,3
crumbs_in_my_bums,2
PlutosSelfEsteem,1
DarcyRouge,47
Vecordy,27
Raeko,10
bnanapancake,1
stevenmctowely,2
t3rraprime,4
sunny_rose,1
Tseluyu,8
SparkleMeTimbers,3
ShittenKitten,1
Epona142,14
twistacles,5
sidssavvy,9
righthere_rightmeow_,5
cpihl,2
alexisdr,2
NenetheNinja,4
unintelligiblah,9
_yoshimi_,2
anniedesu,3
zsazsabordeaux,1
Cheezier11,10
drownyourfears,8
pamtheapplejam,6
darkkite23,5
MarioneTTe-Doll,1
diannabanana,3
BREE23,5
Kaitlin4475,2
kraftbekncheese,3
smileystoner,2
CarlingAcademy,16
jreneescott1,9
stannis_putin,4
Quentin_Compson,1
TurnedUpTo11,1
me_nigma,4
BrizzleFizzle,4
Muhlissa88,2
kalifornia94,22
crowduck,1
honey-biscuit,4
Carliiful,17
OkieEnt,9
ninersgirl,1
Lilusa,3
TippyToaster,3
mellymel058,15
LilLisaLooneyTunes,4
smoklahoman,4
MoreZeppelin,3
frientlywoman,15
StefanTheG,3
Waitwhatlol,1
regina__falange,4
newwave_or_the_truth,1
GreenHarvest,15
katniss_evergreen713,1
SareBoGreen,6
lezzielamb,1
sadira246,9
concreteprincess,9
cotton_tits,3
funderbunk,3
Nabob_,2
lilmonstertruck,24
household_6,50
fremder,9
Twat_Waffle__,10
sexy_shoes2,15
Kalistar,8
techlos,5
ifoldedthenuts,3
mirtrain,4
imaginarypunctuation,17
Jillianmd777,1
evileine,14
plastic_soul,15
freakess_of_meh,4
HelloDoctorSweetie,5
nikkidanger,5
username,1
summer-snow,3
psycho_hose_beast,6
blacktara,68
chebzy_beast,1
J3Z3B3L,1
Window_to_your_heart,6
eatyourslop,2
Srrjdjkrj,1
420Microbiologist,2
IAmACat_,1
krispybones,3
molfb,3
putridpearl,1
AryaStarkRavingMad,14
meowshoes,4
hazeyface,1
mdh217,1
EverydayNovelty,18
entmama,4
widdly314,3
userfuckingnam3,2
Simms85,1
itsalexfoos,12
subdefective,1
the-infinite-jester,1
surgeonbarbie91,1
BasketCaseSensitive,33
fuzzygrow,3
kelzispro,3
JennyLeeLark,5
m3rm41d,1
mbear11,15
milchbats,10
combustionbustion,1
ohhtinabena,1
helpmefindhermie,6
ar_mack,3
LolaBearRay,2
rand0mnewb,3
ohthosekindabrownies,4
Shadeseether,1
larynxless,2
kmlundberg,8
jenniferjoyous,4
garden-girl,69
PurringTyrant,2
0720,1
BuckeyeLady450,6
macro312,9
noizes,1
tigre912,2
elphaba27,48
rosemarily,4
tokingmama,1
merylstreepsbong,2
cypridophobia,5
Dankskies,5
clemontina,7
LegalizeItFL,3
pineapple_ukulele,4
Platyslothapus,2
yokayla,8
lacevine,3
SquirrelBringer,3
painteddreamer,2
astrodog88,9
puppyccino,3
mosswalker,1
ISleepTheDayAway,1
ZombieDoakes,8
greendoggie617,2
ScaryHariet,3
highlightthedark,1
Tejasgrass,1
sllebily,3
catin,6
pilgrimm,31
nakedinthepond,17
Painting_Flowers,2
raindead,1
QuoteQuoteUnquote,1
prettylittledr,2
nympherret,1
kittlies,2
cribsz,2
mysteryspots,1
ZBQ10,3
drbee55,5
SammyDoodle,6
keyst,2
Dribblet,1
KillKillJill,2
TLP3,13
blubonnets,9
abszmak,10
tajmahal420,1
ladyrainicorncat,1
DigMeUp,6
Freedomisntfree92,3
askjeeves14,8
kibbytron,4
prisontattoo,1
pineapples330,8
Jigglypops,3
llamabirds,13
MadameDoopusPoopus,1
ashV2,12
silverdrake3,1
Tree_Squidd,3
Cristinkyy,1
Mr_Sensi_Milla,3
MightBeAProblem,1
MEGelaFuMF,1
Fckforever,3
joannamon,3
wheezy_cheese,1
GoFem,6
laurenkelsi14,7
MonkeyFoodInABag,1
Dabkitty,24
ehmree,3
InfinityKitty,2
helloeleni,2
goodybucket,8
sparkycat99,35
toohotformariokart,1
Sparklepuff,1
tree_turtle85,3
chaliceofjeans,2
Julian77,1
bluebebe,1
AlannaRenae,1
OoCarmieoO,6
Azabutt,3
EMeezySqueezy,17
Craylee,16
GoddessOfTheLight,3
missmwahxox,1
goneharolding,1
cali4nia_dreams,22
funnyapparition,2
CrappyMornings,10
TwistedScientist,1
smurf1015,1
texanprincess429,1
naked_boar_hunter,7
godlessgirl,11
cuzofurbutt,11
pepperpopcorn,7
l_s_p,8
just_a_friENT,26
CdeSkyHighRainbow,2
flutterkitty,1
PM_ME_PICS_OF_UR_DOG,1
ieatkoreans,4
jenniferwillow,1
rockerpixie,1
socialclash,6
ruby_saffron,1
-ILikePie-,6
dragon-pet,24
RedPillWayTooLate,1
outed,1
oiws,25
ThereWillBeAnAnswer_,11
The4mccoys,2
2legit2quitHEYHEY,6
poeticdisaster,10
dailycrossword,35
dirtymick,5
forpeopletoknow,8
allyouneedisuke,2
bizktsngrvy,1
lofi76,7
l0stcontinent,3
Monsieur-Anana,3
princessbramblepelt,1
happiness_isawarmgun,3
cdc420,14
stillSmotPoker1,2
magnumthepi,15
princessnymphia,1
Airbmac,4
Lucky_the_pig_mouse,3
claireybear,6
Trixie_Firecracker,2
Sweet-Lime,5
uglypatty,11
lizlemonkush,10
A1caligirl,1
sahrey,3
StrawberryJunkyard,10
toopandatofluff,1
Shutterbug,1
peanutbhudda,25
cocoanut,50
Mrs_R0ck5tar69,12
Alanakii,1
NurmaKhan,1
bluefactories,5
hjella,10
hermithome,1
atomicdogmeat,2
walnutadventures,5
blueflowers,5
varukasalt,3
sheetset,4
cosmicberryfairypie,3
cupcakekelly,9
chameleon10,26
mahlee,2
zuchinnifritters,1
NyctophobicParanoid,1
beliciousm,4
temp_time,3
Entlex,1
horriblyatrocious,1
Doctor_of_Recreation,30
Queengwenevere,1
mirroredsea,1
cluelessdino,35
mbaratta,4
Sookie78,1
alayaya69,18
KnottyKitty,7
dildobriefcase,3
_LadyC,9
Gotyournose88,3
73GTX440,6
northdakotanowhere,4
FishInTheTrees,5
gorgossia,6
icansnapmyfingers,2
kobayashimaru13,37
sathe,19
Rosa_Sparkxxx,5
dr_greene,3
threewholemarijuanas,33
lightswontbeblinding,1
laliloleelee,19
RW_Highwater,3
ConundrumouslyHi,5
legendofaudrey,2
catlady034,1
katielovestrees,8
nerdalertdirt,11
Tika630,9
BlackWidowG2,8
jennyfofenny,7
dankdutchess,2
Someoneoldbutnew,6
watashiwameow,4
xxweednotwar,10
southernbelle420504,4
kitkatkitkat,8
outofshell,1
Nala666,1
DodgyBollocks,20
cambillee,10
SpherelessFred,1
sunshineplur,1
ragga_muffinz,7
jenhasacat,7
punymouse1,14
fleurgold,1
surfinbirdjessie,1
jiggey,2
throwawaycuziambaked,5
FourPartFox,1
AlsoButts,2
Yip_yipApa,5
AFarGreenCountry,8
lady-green,16
LionessFeathers,3
nfmadprops04,30
gingey,1
purplechameleon,2
MantaDelRay,17
Adorasaurus_Rex,5
purple_derp,6
MermaidDora,2
Losing_the_struggle,1
addicted2theshindig,10
gravelpit,14
MidgeMuffin,3
aggressive_silence,1
baddhinky,1
sidewalks-and-subway,2
AmantisAsoko,3
Mesillium,3
holdon10,4
MaybeILoveYou,23
wiskey_tango_foxtrot,3
ItsyBitsieSpider,2
bride_of_dankenstein,4
SarahHope10,4
tinytreetops,6
ZeroNightskye,18
Laur-Ent,15
Mama_H,1
Entpath,5
BBQ_TaxidermySauce,3
gilyco86,24
jordaddy,3
kmparker,4
g00tt,1
acid_queen,3
Unicorn-Slut,34
romancetheriot,1
misscannabis,3
Babybat45,6
Maulie,1
phantommoose,2
RRFFDD,10
lyzzzel,3
echo_pineapple,1
iknowcaptainplanet,1
mrsnuggets,1
actionbell,2
littlegray,1
Kkrazzle,3
wifey_bunny,5
abhainn13,4
Oh_Ahhh,3
likebuttermilk,1
mundar89,18
KirstenSanDiego,4
throwaway240d,4
sgregs13,1
NoKnees99,1
Lady_borg,2
LilRed11,1
driftsmoke,1
Unreasonably-High,12
neverastheyseem,2
L_O_R_N,1
spacequeen_,3
lindsayallene,18
TheMidnightMeatTrain,3
flowers_n_bongs,28
sparklyshizzle,5
BigChiefCoconut,5
irisblossmer,15
Sinnybun,5
PinkamenaD,19
Bit_Chewy,1
gimmeyourbadinage,6
beatbox_pantomime,51
ShawnaNana,12
vicobi,2
hmhieshetter,19
BagelTrollop,5
feefamonster,9
kdeezey,3
RivenLashae,3
rebel_girl_jaxi,4
saxyroro,3
trish5713,1
wildevoodoo,14
kali546,3
poodlepuddle,1
mary_jane48,1
simplemagico,19
HeartAttackEnt,1
MarigoldSunshine,1
natonya,3
scargnar,1
u_remindmeofthebabe,1
jnulynne,9
NuitNoire,3
FatFemmeFatale,2
Kendar,3
RoxxanneCd,1
zedstarr,1
msgaia,1
kmjessee,9
artificialagent,14
kaleyedoscope,8
MidWestJoke,12
F1restX,1
areemkay,8
RubySauce,3
lilyisreallycool,2
cookiesandkush,8
agirlin1990,4
hellzn0,2
TheJester220,1
a_little_kick,1
OMGItsNotAPhaseMom,1
Things_I_Cant_Admit,3
super_rad_girl,7
syruprattle,3
ezvee,3
vinsneezel,23
lanalanabanana,3
BrazilianPotato,6
deGrooters,1
hulahulagirl,4
Vietmam,3
twoplusone,7
bunnyonacid,4
bingerr,5
atmospheric_ideas,3
puffinprincess,15
_Priceless_,1
rbslilpanda,1
Fancypantsie,19
Boww,2
shellsandsnails,1
KatieMoonbeam,5
termi_rater,6
opinionswerekittens,3
xanidue,8
Amonette2012,14
KaelisSC,3
ww-rarity-d,3
QueKaye,1
FailWhale42,5
Burtonfanatic95,6
butter-kitten,3
llamabooks,24
thelandofooo,3
justdowntheroad,4
mudsling3r,31
endlessunshine,12
lyanabee,1
sundaze,6
insuranceis_boring,7
moonie1089,7
seachelbell,6
EstEyes,1
EntyAnne,9
tinabeflowers,5
erethOut_21328,6
whaddddda,2
thrtlvlmdnt,1
zzej,1
Kitt_Kat,3
briitu,2
buymeaburrito,10
rainbowducklovechild,18
Gloryofthe80s,1
thiskitchenisbitchin,1
ponchacito,1
eJoz,1
NekoD,5
CherryVariable,6
metaljellyfish,3
Kat_lanta,1
robotpiratenow,3
Goosern,2
Jess_G,4
pinkpong240,4
Ma_Wee_Wee,2
Allikuja,6
checkmybeets,1
volcomchk143,12
fiancENT,12
boarder9411,3
pakaloloaloha,10
Cerridwenn,4
philmccan,1
chooseyourownmind,6
TistedLogic,2
cosmic_kat,5
entyentent,1
kelseymo,1
preclusion,1
thestonedskier,12
papercaper,3
SibylUnrest,10
Enavantfanfan,2
jourtney,34
Moth-eatenDeerhead,13
somniopus,3
djebel714,1
kittykat131,4
booomsnap,2
bangbangshootemup,1
lovelyllamaface,9
hokkaido-Ito,1
johnnygamboling,4
flinflanflop,2
bloody_bonnie,1
aliceis1337,3
SuperlaTiff,2
girlfrentdaisy,11
ravenesque1,1
Jahirah,1
Derpina_Herpina,1
seleste_star,5
inked1986,2
Trishlovesdolphins,25
SendMeYourWeed,3
LadyGigglevere,15
goldenfloor,2
Singinlulu,2
syrianhamster,2
malastrega,51
Gryndyl,2
melanoo420,3
helloexclamation,26
morellalee,7
Cats-and-satan,1
betchcakes,1
longtimelurker-,2
katekaos,2
breadbowls,1
SurlyAnubis,1
byproxxy,3
pattismithshair,4
stonecoldjones,1
Catzfordayz,1
bongtimes,3
MizBlaze,2
heytherealexandria,5
naomisaurus,1
highlandprincess,6
ilysespieces,15
jkil1127,1
tankincolour,8
CocoaCaramel,1
chasemeifyoucan,3
brokenhyoid,1
Sinnocent,1
miss_jessi,13
persephonesunset,1
norfolkveggie,1
higherthanclouds,1
Earthwindandent,4
attempt_the_end,9
lilithsativa,3
Daddys_little_matey,2
GrewpieDoll,5
bittergold,6
p_iynx,1
HoneyClaire,6
tinabee09,1
hippiexxmuffinz,1
RadRover,4
Brock7883,1
BrooklynBorn25,1
MJ_,6
Cynthia0Rawr,5
moneyonfire,4
HeyFever,1
WangChi,1
alisontea,2
k_wett,7
marbri27,1
damien_shallwenot,3
meiio,10
mang0lassi,23
lizbo,4
the_happy_way,1
Panduhla,4
norice4u4308,1
mad_infinitum,1
lizardface42,5
bambicalifornia,3
MechanicalTortoise,4
Prubbs,8
ozmatic,6
thegrandhorizon,3
Neverasclever,3
dovahkiinkitty,10
shembus,10
HitB0,2
reallydudereally,12
aelia-lamia,12
ForeverShitShow,7
fuk_dapolice,6
Underground_flyer,1
sassysaucer,17
420MHz,1
ShoegazingStardust,10
MeatyGirl,5
VotumSeparatum,2
red_hot_vixen,42
GrumpyChupacabra,13
beep-boop-boop-beep,1
amandasha,5
truleerotten,1
liantzse,2
Scarlette_at_large,1
redjimdit,4
captainshmack,6
FlightoftheDamned,12
megatronny,7
keryskerys,4
tie-dye_lace_pearls,2
jiveassstick,2
SerasGraves,3
lapis-lazuli,1
velvet42,1
jessimica,8
Sondrita,1
whinysnail,2
khaotictimes,1
SugarPucks,3
lilgirlygirl94,27
Palindromer101,1
Gamaryn,3
PrincessPeachSchnaps,2
Cariselizabethi,1
jessiema,1
6fingeredman7,4
