Username,Greyhounds
Lrbroders,3
Junkmunk,12
EndQuest,1
Floor_Candy,7
oinkyy,4
n3rdychick,2
lil_bibliophile,34
CrazyHoundLady,5
MKE1138,3
Teddish,2
yoda17,12
ChequeBook,23
frognamedfreddy,7
mechantmechant,20
Serenityonfire,6
retardedfagget,5
flyingviolin,1
Wolfinite,2
2BLINDMICE,17
Jogonnobed,3
SheepsFE,4
aitchess,2
Sularu,2
GerColBe,1
Greytrojan,2
LemonStealingBoar,7
MissBanknote,9
80-m,5
SuperWoody64,6
cancerblows,3
DeepOringe,3
coyote_den,2
htimsnhoj,7
Roux-GaRoux,1
PrinceOWales,18
GnarlyBear,4
mesenteric,4
KalexG,2
borderbound777,7
welcometodanrock,1
ShowMeYourHappyTrail,8
jaybor,1
ohboykittehs,5
shaferal,5
monkeyface496,3
metacog_,2
patdude,7
Richthedevil2,5
MdWolfen,1
ithrowcraze,1
BedHeadRedHead,1
1q2w3,1
Crap4Soul,5
Nintendo_orangutan,3
salt-n-slug,4
schott1984,1
ismaris,7
reasp,2
matthewshore,2
chloethespork,1
Niamhello,3
brittskyy,5
EatVelveeta,1
Orillious,3
cerebral_mindset,2
PhotogenicNudist,6
TheObviousNinja,1
jagswoodcock,7
mtnyoda,2
SamanthaLikesCats,8
DadFight2,1
redwoodflame,3
automaticgainsaying,1
juicequake,1
Tiztat,3
RightHoJeeves,5
AnOkaySamaritan,1
saddlesbootsbridles,4
Panza83,2
machete24,4
DownvoteDogUpvoteCat,2
greyhoundhopeful,1
cartedumonde,5
gorillama01,1
aFewHonestWords,1
Volume_Beat,1
Caleb0415,4
Tcb7192,5
Koalalou2,2
jgopy,4
fliesatdawn,4
postmodernfemme,1
sweetgrey,2
interpolactic,12
cirocco,6
musculartrt,1
neurologicalleftist,3
fyreskylord,1
grby1812,18
nepatitan,4
redthat2,9
EmmTee73,1
GinandAtomic,39
ilovemygreyhound,27
tilarin,1
derped,4
john_luck_pickerd,2
_________________007,1
0xff8888somniac,4
Frankmasterflash,2
YoBrightstar,2
Ummon,3
UpComesTheToolbar,12
punkprincess505,1
BigblackmacK,9
mysweetpatoutie,5
hpftw,2
wwfsmdfakb,1
SpicyChickenFlavor,5
theoriginalwood,4
dgapa,2
boobieshelp,4
timeel39,1
name_is_arbitrary,15
mrmadagascar,4
galaxy_lass,4
koenigseggfire,1
whatsthetimemate,1
Skid-dlyDo-o,1
hzs91,2
hillbillybajingowash,2
Yellowbenzene,24
CuddleBloom,2
4morebeers,9
bunnnnnny,5
shakey_bakey,8
Wrxeter,1
unfortunate_merfolk,36
ohrhino,3
skrogle,1
geo_prizm_enthusiast,1
andrewrgross,1
smithlander,2
goose_egg,5
3131312,6
TallNotSmall,1
cureyourills,1
victorialol,3
ensom_ulv,5
Vetschoolshard,1
lsummer2,3
the_fu_in_fun,1
kudakitsune,3
tweak4ever,2
Shalukwa,1
littlearson,10
texaspsychosis,13
theastrosloth,79
jessiemichele,8
BrianaRMH,7
gingerwhale,9
drivemethru,6
smithandjohnson,1
totalbisquic,1
dropdew,7
railan286,10
jlt56724,1
city_nightowl,1
peterpanman2,4
WinifredBarkle,4
shaft235,1
warlock4u,13
Animusambulat,2
Slartibartfastthe3rd,1
zero_coordination,42
SlickRick1,1
kdarmy,5
Cannibalfetus,6
thabe331,72
LordFaustron,9
kometes,28
DigitalCricket,4
BubbaHotepi,3
Tofieldia,4
CalculatorBoss,2
matthewddsg,1
katieladyloo,3
Gutbucket1968,1
cattbuttox,1
StrangeBunny,6
amastro46,4
andyM1998,2
JackieSmazz,3
MrsField,6
HaYuFlyDisTang,3
drunkcersei,6
JulieEide,2
borkborkbork99,4
jewboy11505,2
MercuryPDX,26
WIlf_Brim,4
GreytScott,18
hotfudgemonday,2
funky49,1
Rocket_Ninja_52,3
TheGreenBasket,2
dria,2
drolleremu,8
klipperx,3
molocath,1
Joemoose13,9
HangOnSloopy15,3
joemits,1
scottylike,8
RUNWAYSIX,2
Mindwolf,1
Spongyrocks,3
slimsteelwife,2
mycatdora,1
Eleazaras,1
mapletreez,2
thebigkevdogg,5
she_is_a_stranger,2
kazimira,1
PicklesTheBee,19
No_Source_Provided,1
2roo,1
thehamburglersfriend,5
whompuscat,1
Imagine1,1
chinesespiders,3
cayohiyo,3
sketchylady,2
Dfwflyr,7
cheese-tits,1
nemethanita88,3
-NewUser,1
libcrypto,23
killertofuuuuu,1
leveebreaks,3
barb65,3
Malidragon,5
CatTheMouse,6
areascontrol,1
jimmy2885,11
ne0nnightmare,10
Tango91,3
Ashrael,7
meapet,6
sixam,33
toefraz,8
vegantorture,7
pashdar,1
geeklantern,3
anteatr23,1
michaelzelen,1
StoicManatee,1
Melorix,1
kartikravi,7
e7seif,1
busybusy,5
silver0834,3
ThePeacoat,17
lostkid182,5
FullBleed,6
pandabearfight,1
Old-Fashioned,1
47toolate,3
tremor_tj,1
JessieRahl,9
Beefalo,5
lumoria,13
mitchelldm7,3
Grizzb,21
jschwe,28
So_Original_Poster,4
larajanetomler,5
AnguishLanguish,1
spoodie,4
ckoi,1
Kanthes,9
SupernovaFactory,1
Quagmirian,14
kovah,39
tekn0lust,1
FinnbarrGaledeep,1
Xhihou,4
zerow6789,1
sydstrad,3
Kevinmaccallister,2
jerusalemaddie,7
bmack813,1
yohohoanabottleofrum,2
silverelan,1
copperpoint,8
toxik0n,3
wannabeapt,5
MonkishSubset,10
tayfray,12
JuniDL,27
trafalger,3
TheDeadlyCake,12
TParfect,4
CryptoGreen,3
Avslogan,4
haha_okay,1
Rocket_Ninja_51,3
davedrowsy,5
jstonehill,8
Marshynarsh,1
jakethesnakebakecake,3
gerLdsmash,1
-WISCONSIN-,3
jmcrist,4
blockerguy,1
crimsonjustice,4
Klaer,2
warchild,2
grazehound,1
bitterberries,13
auDingo,12
silentkibitz,1
BAMFSoB,1
jrearp,4
Penis_McDouchebag,3
strangpr,2
CaldwellBHirai,2
IAmSupernova,33
werewolf2814,2
HeinousPump,6
thecarumba,3
Viper_JB,9
LeoTheGreyt,13
compwalla,22
waterbearattack,2
eatadick47,1
ShamPow20,1
440_Hz,9
apocalypsewow,2
chinupcheerup,12
JonnyBoomBots,68
garcia85,11
ulanalee,2
twshuman,2
McGonagall720,4
ikmkim,7
clobbersaurus,5
jessibojangles,8
flowbotronic,1
chchad,1
Craption,2
Jazzy_Jessie,1
epps82,4
AJs_Sandshrew,4
slowfa11,1
ghostygrey,6
ShelleyHall12,2
AylaIza,1
broasaurus_rex,1
MY_FAT_FECES,3
greytcoats,1
cleegussupremus,1
charitablemisanthrop,2
ilistentodancemusic,8
VirtualRealityCzech,23
sidssavvy,4
ManunkaChunk,1
Kaonu,3
infinitenothing,2
Skyzord,1
statix138,1
DannysMom03,45
bmorin,4
DANarchy1919,8
TomIrony,8
Yourponydied,1
erp3d,12
jayebirdblue,10
gooddogisgood,3
claytkeefer,1
BuryMeInSmoke,5
prettyhelmet,6
MuppetusGalacticus,1
iseeapes,7
commentcutie,1
CatInAVan,12
deeliciouscandy,2
kayemgi,32
this_is_not_the_cia,17
TwoButtons30,1
leonardohio,2
armanioromana,7
ParrotWithParkinsons,1
MelatoninTorme,9
pinklavalamp,3
halfabean,11
Vitvox,2
MonsieurSlurpyPants,1
Zikerz,4
IphtashuFitz,20
Stormy_Dragon,3
MostlyHarmlessNH,2
ruse7,1
Alotofhells,9
seanondemand,1
frostillicus,1
MyDadIsInJail,2
ayla1209,1
ifelloffmyunicorn,10
Fittzzzz,2
zanshinmu,1
shreddievanwhalen,18
jarwes,4
beauvaim,15
Kashna,2
specialK89,13
Kudhos,2
Ohdomino,3
dorri732,1
prime_suspect,3
Sudsington,6
jamecquo,2
CooperPairs,16
LaziestGirl,5
TheRonjoe223,4
tasty_rogue,4
InkedLeo,38
fraserwormie,1
gwobo_wappa,7
bananaseepeep,3
Syphacleeze,2
CookieFish,1
carmichael561,89
samisalwaysmad,1
rrcjab,16
Hurricane0,5
sarcasticwitandsexy,4
kdemps1020,2
pgh_throwaway33,4
ZPM_3,3
BoogerTom,2
EmbalmerBee,1
dontcryferguson,35
jacknstephen,3
djfakey,1
sjtlm,3
truestory_bro,1
WaitwhatamIdoinghere,1
agehaya,1
Finally2014,6
adoptagreyhound,1
phishsticks17,1
dddamnsonnn,3
DaenerysThomas,1
sailon90,2
Thermistor1,1
albedoa,1
JakeGrey,11
je_taime,125
NBABUCKS1,1
mlightshamalan,4
fuzzimodo,5
crazystyx,4
donnpat,7
whythrowawayathrowaw,8
rosstamonsta,1
littledaisymoo,3
jpar345,5
multnomadic,7
PasquachooSealion,4
the_dbc,1
Dark_Trout,13
acchi,2
Osiris4,1
babybirch,11
englebert,3
Redditheist,10
PoseidonsTrident,7
hamburgereddie,3
robcee,3
greytheart,1
jaded_admin,3
citygirldc,1
RRhinestone,1
madeinhua,3
Targo,2
xosherry,1
shipwreckedmatey,2
kimbercules,3
freudjung_deathmatch,1
l_raft,1
Dantes_Comedy,3
tylerdurdenlicious,7
HexoftheZen,1
Texanjumper,2
IamNabil,12
silkat,2
bereezy1,2
heidilicious,16
DarkDefenderDaxter,4
just_argues_with_you,7
GreyhoundMom84,1
dontclickthatohjeez,1
RickDic,56
ninamichele,2
theyseemetr0lling,4
robbie3012,3
TyrellMartell,2
Skirtlongjacket,10
tinylebanesechef,21
Yrrebbor,8
Taswegian,8
BLACK_METEOR_OF_DOOM,2
r3v,18
xanderharris_,1
chordaetendineae,1
relish,14
magicpantsjones,15
mog_fanatic,9
ToSeeYouSmile,4
npeihl,1
nakedandrunning,1
pbd87,3
username,1
Pentastisch,6
benicetolisa,3
Pablo_Hassan,1
julietwhiskey,1
deathday,31
Inigox5,1
NeilOhighO,2
vinod1978,2
jerryvo,8
arsevolcano,15
phx32259,10
yesbedabest,4
MaximumAbsorbency,1
Sarabi5890,14
roll19ftw,22
Mss1209,1
cucumbers,1
caffeine3,1
Epopanonymous,4
ajhorsburgh,1
crazy_brain_lady,17
smallfancypants,1
suckmywakelol,6
metmike89,6
koka558,2
toysmith,1
musclemoose,3
42Deadsquirrels,13
Loco_Mosquito,25
Candida_Albicans,1
mediocre_sideburns,2
prism314,3
hivemind_MVGC,15
Princessxx321,13
morningbelle,3
juneblerg,3
AGiantMoth,1
newm1070,3
MindlessSponge,2
Archangel959,7
biologynerd3,2
Umanday,7
7minegg,107
Mama2lbg2,10
rastacola,5
Misnos,2
begoodnow,4
kmanna,5
ofthedappersort,1
socalscribe,1
NashPred,2
saydlin,1
gorgen002,3
jourtney,11
kirkalerk,1
kimber_lina,10
coolcoolwater,3
HobbitLass,30
notregistering,2
giftman03,8
onboarderror,6
freeface,1
magslikewoah,6
cechidna,2
chelc,1
juvenilehell,3
DAWW,2
carbonarbonoxide,3
CrazyHawk,3
jmione,1
BitTwisted,3
morval,1
WilliamGoat,5
jonessk11,3
ccontraaa,11
blondeslovebubbles,3
r_gus,18
atrueamateur,1
ordersponge,3
drnuncheon,2
sendingNinjas,1
Cait_the_Great,28
TurtleSmile,1
outbacktrekker,9
SlapnutsGT,8
input,8
LadyStPetsoisJuJu,4
seirianstar,10
dabisnit,26
Rwolinski,10
Jadders47,5
Sms_Boy,19
revamp11,6
Erotic_Abe_Lincoln,7
localglocal,1
piratecereal,2
wmwid,252
DoTheTimeWarp,1
SpeedyBelle,2
lynnytintin,24
BatmanLunchbox,15
McDingus69,1
heymarceline,16
turtlenipples,1
ginmang,3
lickthecowhappy,68
gooose,3
muchADEW,4
IdolNinja,1
JReedNet,2
cadmiumred,1
koifishkid,7
Jennapaige1993,4
cucumberbun,23
quietening,4
SpiderArcana,7
mvrk10256,12
YayTheRedHead,6
rehab980,4
Harryboii,2
panic-switch,4
biobonnie,1
SDSwmr,1
figbysaurus,5
mybrotherischad,2
funmuster,3
ChitterChitterSqueak,19
Zachlisted,1
devslev,3
gone-out-to-see,3
ThirdPoliceman,1
superfreckle,1
Aparty,1
fearlessly,5
Katrpillr,1
__a_lot_bot__,2
Crokaine,4
bwzuk,7
oscott50,6
GimpyJesus,22
DiorDigs,1
cHEatsKYJelly,1
katherkelly,16
Postal_Dude1126,92
bumchuff,4
Checkthescript,1
darth_paul,4
EnzoGrey,1
hali-kitty,1
Wingman83,4
jandc86,13
makattak,1
samliffe,3
Ladybirdjane,2
ochayedunno,1
adriapusher,1
captainyuhyuh,7
bollocks_juggler,1
Whitetornadu,5
Guzzy4,4
kemistreekat,9
GreyReikichic,4
QuickityJacks,9
little_mrs_avant,1
fodawim,3
Flavorday,1
naturmystikk,3
LeopoldTheLlama,16
throwawayloginname,3
mikeoson,4
emedrick,1
synfulyxinsane,5
baby-in-the-humidor,1
53504,2
Maverick1126,3
dsturge26,1
buzzlightyear1234,2
JRadical21,1
I_producethis,4
demoncloset,57
popple34,4
tfwfh,4
dfaraday,4
dnicks13,1
LikeTheCircus,28
windsyofwesleychapel,49
4n6me,4
kidsruinyourlife,1
Caitiedid1011,7
jambalyapancakes,5
Braitty,3
Shock_Hazzard,3
Stampson,2
sammijo235,2
promptcurry,1
lurkERdoc,3
MPyoung,4
tosometune,6
cbudvet,1
ayimera,42
rickdarris2004,1
meredactyl,5
elputas69,1
Twocann,2
vigatron,3
gallaj0,1
sanaprohidas,1
eggplantchowder,4
seshuma,6
epomzo,5
dino_roar,3
weg0t0eleven,11
duffgirl,3
FundAPetMiracle,1
auronmaster,4
TheZebraCorn,7
Garwoodwould,27
buttonbookworm,1
huey88,4
bexie889,3
RidePlanet,1
warbuddha,3
strange_owl,13
haa-la-pee-no,3
thepcninja,4
tlivingd,4
utherdoul,5
sparty_party,5
brizzle519,4
nexusheli,1
VandielVanya-elen,1
swirv81,1
_freestyle,1
hastiepen,4
nuke3ae,6
yellowtreesinautumn,10
Vallandingman,3
kristin57,1
Biff_Tannen___,3
ilikemusicandstuff,3
sathed,6
winter_mute,7
elephasmaximus,1
al3x3691,2
boateye99,1
canidecideanotherday,14
-spython-,5
pineapple599,23
Urgullibl,1
stop_drop_kaboom,7
Hertzagobeanja,1
madkinghodor,4
opedog,21
mnkybrs,21
speedyyone,1
CerealBawkz876,5
Graphiit,2
AichLightOn,2
converge20t,1
drugczarbad,3
Blahound,1
