Username,hackintosh
rabidz7,3
leoyoung1,3
shawn789,4
feyded1020,1
jacob-a-ferry,1
bombastica,14
RenegadeUK,14
barthw,4
itz4mna,2
poozoodle,3
catalystfire,4
joe12south,4
Excelsior-exe,4
CainFoool,5
snortWeezlbum,9
golf_lottie,4
Bluman56,4
OrionHasYou,12
redtapenfr,2
Fuboy,1
buyer,5
dylank22,1
thebryguy23,2
ahmedouvix,1
Auaurora,43
y-c-c,7
IvanTheRational,3
openMDP,1
AOSx182,6
WritingStick,2
mstrblueskys,9
TrekonBT,3
hiremenow22,6
infamous1261,4
jhuynh405,5
zondibear,3
littlea1991,7
Threstle,3
waldojim42,5
UnicornDragonsz,2
ns412,2
capnkilla,1
Chizbang,3
lepotatoe,2
seberry,2
iambiglollo,3
TrackieDaks,22
Paradjinn,34
methamp,27
WOWdidhejustsaythat,9
awesomo007,1
CealCity,1
eyamil,5
gellis12,12
blockingdom,3
Mrredditorson,1
IdlyOverthink,1
hnglkdnky,2
StolenKid,7
nsfw105,1
fr_06,4
NuSuey,2
Bleuground,7
pkhbdb,3
realtimesound,5
thegratefulshred,4
impiaaa,2
SincerelySaint,1
baracapy,8
pesqair,2
theandrewhead,4
pag_el,3
xRahul,1
FirestarterMethod,6
Swankie,5
aznofchaos,8
xgt008,1
Magnie,7
Graestone45,4
Senior-Jesticle,3
pwrsrg,5
SolidSonicTH,6
by_myself,1
KnowledgeisPowur,6
qazzer,3
reeses,1
manningmichael2,1
vaniaspeedy,10
riscuitbiskit,4
ChickenNuggetz,1
NoobzUseRez,14
punkofthedeath,1
squiresuzuki,2
evansharp,3
EinsteinQRockefeller,1
lars2458,3
Drim498,4
RDTKiller,3
MisunderstoodNinja,1
SCJut,3
ironhalik,2
stanhutcheon,2
Amserik,5
papasaurusrex,4
Could_Care_Corrector,3
CauseSigns,10
six60six,12
HighPigmet,1
InternetDenizen,2
bleedlbox,2
tek0967,1
GabMus,3
NotAnotherZ,4
senn_diagram,10
da19c5a3,3
klappertand,1
daveb25,111
Echelon64,13
serialvelocity94,4
PriceZombie,13
Johanasburg_Flowers,4
b1mck,1
yourstreuli,1
MrMalice,7
iTarget,3
The_Limit115,6
visivopro,3
Krakening,5
mistah_davis,3
seanmcgpa,1
Bookwomble,4
venounan,4
Facebacon,1
thebriggins,4
DamienStrength,15
cinofx,4
notsuitable,1
lodustwister,11
fiftystorms,3
BroganMan,3
overlord00,3
nisk,8
HIGHFVE,6
instantlumpia,4
DMDComposer,2
minqhan,7
Tamarancho,11
SkrrSkrr,3
Cultofluna7,4
coldblooded79,3
SlightlySuspect,1
Mjtmaster,3
chebatron,3
oicpreciousroy,1
dancsi,3
eob157,1
HackintoshAttempt,5
kramsee,1
WantToHACKintosh,3
guitargod1174,8
bomerr,4
n0cTurNuLL,3
Firegaranger,3
radiobroker92,3
Andrewrox96,5
toofarcoen,4
dualstrike98,8
ANAL_LOBSTERS,1
Cpist,3
emptyhunter,3
velocirapetor3,1
Drag0n-R3b0rn,3
marcello1395,4
regallegion,8
thetony2313,13
secretagentastronaut,3
subjectivemusic,2
woodrow1856,3
topas_bar,1
samkostka,15
Branhower,3
Montein,1
jji7skyline,287
darthpotato94,3
_Answers,2
dardotardo,1
_youtubot_,1
dutchuch,3
MaxFrostPower,1
bugb34r,1
dombeef,2
nickfhs,1
punkhop,5
RespectableFartPuffs,2
StuntedJet,3
backfromspain,6
TepidPig,1
jska,1
GuitaristTom,2
n3tnut,4
Aluxh,8
zazieely,1
LessermoldX,11
mtx,19
NotEqual,6
ian_mcxa,106
k1down,5
Gordo774,1
mrafroman,6
wyattsword,5
sagar526,1
ultimate_zigzag,1
technowar,1
qx9650,6
SuperMarioBro,2
CarlosCheddar,5
A_Drunken_Koala,3
TylerRay01,3
Candunc,3
xkwx99157,1
PancakeEater101,1
AeroBag,31
Deepakoo7,1
Kayoxe,3
TheDubiousDubber,2
iZombie444,8
ThirdToneFromTheSun,6
FrancisGat,3
cablethrowaway2,7
I_AM_Achilles,16
brionbrioni,4
SPAtreatment,1
jvamos,1
TheGoatFarmer,3
mech2h,1
nissnpig5,5
aooga12,5
iDontEvenPole,2
davidperl,7
Monocog007,2
Anonomon0,3
nooberjuice,2
dummiexx,2
Bermuda_triangle,3
theyallcallmecheese,4
steepleton,30
DaedalusMinion,4
SHRIVES1993,1
xenago,2
saelius88,3
meat_wave,9
b3anz129,2
mistersirman,1
zeno0771,5
marbleduck,3
CervantesX,2
iNinjaNic,2
afrankiewicz12,17
direwolf08,3
SchutterMcGavin,1
jom4njee,2
iMagnus,14
ibisum,5
christylopez,1
EpicSketches,2
yogikuma,2
janzzze,4
saravog,1
Weasty,10
m1kepro,22
Sykonica,6
EldenEa,11
BullFlag,2
thedudewashere,7
spankypanda,4
isitARTyet,1
deathcorejunky,1
-blind,20
thodgson95,3
SirLaughsalot12,4
mysweetcrumb,3
ZaRave,2
itsmeevry1,3
JadedSquirrel,2
frankcostello88,1
Jrodmanlive,14
iLoveKuchen,3
ihavepaper,5
alvalentyn,1
nhaling2xhale,2
ducktail1,4
DaBoss31,4
baseball2020,9
emahony1999,3
andrewhollands,3
Jiuholar,15
jackziegler1,2
staticzv3,4
bloodguard,2
jiminiminimini,10
Nolan1997,1
BeigeTelephone,6
cyclistNerd,1
Avantu,4
cedricchase,10
DyceFreak,1
Ladhani,42
Thatjoshdude,4
Stingray88,173
achtungpakhtoon,6
Eggprez,2
Polymira,8
KO__,3
universerule,6
k1bs,2
Sakatard,3
Raphaellus,3
SmakHead,5
whippedkareem,2
nerdoubt,2
vexb,2
ATRAZiiNE,4
alexmerock,1
Atlanton,5
dankap99,2
Maxzamora,3
khan3989,4
wade1212,4
moxxob,2
TakesTheWheel,1
kuromili,12
greenapplee,1
angeloalago,2
sk8rrei567,3
ChrisMckenna_,2
Hippostalker,7
AcceleratedCode,11
DrWaddles,3
NaughtySteve,6
iCapa,34
saxopwn3ed,1
TyWMick,2
Hmnaakash,5
stoak91,1
bishopazrael,60
mattjfk1,10
violetzie,7
EmmaWatsonIsUgly,1
kaamaru,1
weoutheeyah,1
samuhe,10
Dimethyltrip_to_mars,4
Nitrouspony,29
qlpc,4
funkyhunky3000,3
J30H30,7
dsmproject,3
gorilla29,2
JohnnyTowers,4
Frette7,1
Clipper9,5
TTPKacey,1
9host,5
Buckwhal,80
Dr_Octomom,1
defMay,6
roger_,5
androidftw1994,4
hanzzen,1
lpcix,3
Verdecken,13
jotadosmenes,4
170lbsApe,5
lilalol,1
agentdax5,5
MystiqueHaze,5
silicosick,2
aundregrande,2
p0tty,1
FlatbushAllstar,6
Slowosky,3
SamTheGeek,23
ty456100,5
Soberat,6
midcut03,3
xxtsxx,4
htilonom,29
FartMachine2000,2
Propagation,2
mikesxrs,2
phornicator,8
Natetrombone1,1
dLat,24
FatherDerp,10
PricelessPersuader,5
dezroy,4
strith,1
dylangarrett15,1
RiotGrrrl585,4
ZilchStar,1
articyeti,6
tdrunner095,3
ultranicky,38
mrryanwells,6
Skyyblaze,12
lupusmagnus11,2
honestFeedback,1
zeldakong64,1
TonyIscariot,4
respectthecheck,2
kangamangusmang,1
alink327,2
Minnesota_Winter,14
Teslanaut,3
OfficialDogeVevo,9
Jacob_Morris928,5
NobodyIsHereAnyMore,6
pharos92,5
Shawthorn,1
BossMafia,5
high_five_attack,6
mega_absol,1
conanap,9
Of-Doom,8
rodddogg,9
mrbubbles02,3
teh_spazz,1
Gunnitilluminati,4
cmclewin,2
my_clock_is_wrong,3
cnrtechhead,8
anantpatro,5
IAmAverageAMA,2
5ilentparty,1
hpunlimited,7
DJHoodlum,8
secretactivities,7
hbt15,18
WaitPandaManDontRun,1
weimaran,1
0xTKB,4
deltatinthemorning,5
TheOneMax,6
gutterchrist,3
kitsua,3
Dane1996,5
monad_nomad,2
raptordrew,3
MrPoontang15,14
BlitzinBuffalo,2
pws328,4
Karim97,2
throw__away987,10
jeloopa,16
kace91,3
Clutch987,5
hmac318,4
RyanDolan123,3
Brikata,3
MrAlester,2
logged_n_2_say,35
djk29a_,1
shotgunwizard,6
Panduhsaur,3
Stupidog,2
duty_of_brilliancy,4
RittMomney2016,13
TandemClown,6
roadkillturtle,6
phixshun,2
CrispyCowz,3
TechnoGarrett,8
7rex,31
SlamDMcFuzz,2
tim2o,4
cosmogrammanaught,5
ContraWizard,2
leonardoforthelulz,2
GrizzlyFAdams,1
campeachy,3
chaseMc67,1
kidfood,10
thebobsta,23
H8terM8ter,4
andrewl15,23
ssw186,1
irekafazamm,2
TeenCudi,7
ryanyesterday,14
Dusk_Titan,4
Chibone,7
marvel2468,3
zero_cool09,3
YouGot2BurnTheRope,3
frankiezjr,4
MattieF,1
bcarlzson,2
CautionPenguin,10
fetarius,3
Overcrimp,3
TheSkinnyD,3
Subbaz11,5
Paradise_Lost76n,8
SystemThreat,3
Alurite,3
m4shooter,16
kevinerror,2
deanpcmad,3
CaShTeCz,4
STRAYDOG0626,1
Jimga150,4
Blieque,3
jxj24,5
AeolusX7,23
End_Finity,1
Brian-Puccio,3
chronospike,2
m1ss1ontomars2k4,10
shimewaza_specialist,3
ness0013,4
Cheebasaur,7
stolenbaby,1
dumbeinsteinASU0101,2
ViennettaLurker,5
Luvah,4
Ponderancev2,3
aspartam,9
Cin316,21
yurigoul,8
intark,1
person95,13
IllSaft,6
straightedgelives,4
JvvB126,3
formerglory,2
Erkfr,1
Riceman2442,1
JesusPhone,4
mattsnowboard,1
Phyon,1
nazedayo,6
Isho,3
powercorruption,20
sonicbounty50,7
Nglory,1
MeGustaPapayas,10
maokei,6
Livodaz,1
RPiAwesomeness,3
crazycroz,5
sparkysparks666,1
And0126,6
idajuul,3
154james,5
numbermess,2
mechanical_elf,4
lownotelee,3
b_ng,2
lappalappa,1
SoCaFroal,6
Binary_Spy,1
Jake_Voss,21
kekec995,1
Flo655,1
mapimopi,2
Wilshire_NC,3
waiting4myteeth,1
ekaj5,3
Ghh0st,7
randallphoto,10
zorn_,7
Dippyskoodlez,64
nemakata,7
ucjuicy,5
Siannath,4
leafieie,1
teuast,8
b1ueskycomp1ex,6
eatsnacks,1
lVlaciiiii,3
hackint0sh96,19
kelchm,4
twistedwhitty,1
doraniam,4
Dave_the_Pigeon,6
d6nnylongstride,2
friguron,1
sometext,1
masgrada,8
PlowmanMontgomery,4
stevenbarrios,6
mikalmusic,2
TheZenCowSaysMu,15
GospelofHammond,3
Rexoff,5
rest0ck,3
Electrorocket,21
Flight13,1
xeuxaz,2
lnbeau,4
reallynotnick,2
muditk,4
knowledge_apocalypse,5
thomas41546,1
djspinm,3
WhoChanges,5
joshfabean,1
Neshgaddal,4
kuddles,1
suiris,6
PurBlvnc,2
slandeh,3
Super_Six,1
RogerMcDodger,7
winkydevil,6
unselected3,1
burns55,3
kierancrown,8
PJCast12,3
MartySeamusMcfly,9
MainManMilez,1
bad_idea_bears,7
ployez,2
schroede2,4
ColemanRable,2
nicbrown,5
AdmSawick,4
repairmanjack3,1
bluelardman,2
Bcfcblue,3
dapi331,3
rugroovy2,8
brendo234,1
jcmarais1998,11
jaybusch,4
millydolla,2
LawrenceOfTheLabia,7
2trainz,3
sinuspane,7
Mattophobia,6
philathea80,2
jacopo17,3
reevayra,3
manly_pants,43
numiru,3
Naivy,4
ejdme,2
JasonKesler,3
jack3chu,5
Bous,1
johncobra,1
Xilliah,4
InsertNameHere____,1
sfachime,4
notmythirdaccount,13
Guns_N_Rosets,8
beantownmp,1
mgoulart,3
dap300,2
bangarang88,1
aikinai,3
strongjoe,2
kaydpea,144
ehowe01,1
Godranks,3
KrnlPan1c,1
spotcatbug,2
dgblackout,1
jaxcoolguy,3
jonny360,1
AlaskaInWinter,1
MateasJohnIrving,4
newdoctah,1
tryndus,17
theblackveil,4
elriggo44,4
Sovairon,2
backward01,9
80sArcade,1
EternalGIF,1
Germaneer,1
MentalWealthDisorder,2
pakupo,1
spaceboycoop,2
redzero36,3
bhamhawker,5
Monkey-Juice,4
hippie4less,6
Hombrus,1
HighMans,7
ASSympt0te,5
cmaxwe,7
Avasterable,1
ribfeasty,3
Erif_Neerg,1
arv_foh,10
Ziltoid_,3
Zodiam,1
luisbaugusto,3
markeh,4
mater36,3
dfd0226,6
frzen,3
Penguin_Fan93,13
matsmuri,3
rzlcakes,4
xu85,5
mfalconer,3
Shad0wShayd3,3
DoctorLardAss,1
AokiNoki,1
zak_blank,4
4ndrewx2,1
chandler243,9
DpkgDan,2
mcshade311,1
Pockets69,69
digitom,2
EggotheKilljoy,2
rmekita,11
ooburai,4
JustAnotherNut,3
AceSkillz,1
__Autofac,1
newmy51,3
p0wderedtoastman,6
Dnl26732,3
subielife04,4
otrcincinnati,3
blue430,6
Heratiki,7
tsmith944,2
TheGag96,1
csklr,2
reddit_reaper,3
shoeflydbm,3
bamstutz,1
ohlookanothercat,3
mattbrown95,6
display_block,14
mrutssamoht,6
thesandman87,2
Galaxymac,6
Hates_,3
Gungunum,6
Euphorazyne,1
BEAR_KNIFE_FIGHT,4
p4r4d0x,8
Volstraav,11
letthisnightexplode,3
trek123,19
nationalmaverick,3
socooldaw,1
enclaved,4
dandruski,23
gorfpael,1
Inyxer,4
cantofunebre,5
SirensToGo,9
frank_the_crank,4
Mastermachetier,7
k1ng_v0lcan0,10
Gumpylittlegeck,1
Ooodin,1
deucedeuce24,9
babyinfection,4
trowawayatwork,1
xpaum,3
viscence,7
RBozydar,1
TheDrinkerOfInfinity,2
Really_Fantastic,3
marekknowak,3
36_24_36,4
Slevinstar,5
LeBondJames,2
jesusapproves,2
do_right_now,5
sebfk,1
hokasi,4
AyaneForever,2
clapyrhands,9
UnDeaD_AmP,17
DharmaBoy,3
quakesteel,1
R_Kaplan11,2
motheryaar,2
lazandrei19,2
john_darc,3
hdesai76,1
powermapler,16
StopEnjoyingThings,5
Waterdr1nker,1
joethemagicdragon,1
abspam3,42
bytester,2
Zahmood,7
master4510,5
rohaan1997,3
muddymoose,1
hoihoila,1
Brendan_Fraser,9
knyme,9
diskx,3
epboyd,3
HARAJLI98,3
VZW_Matt,2
fustercluck,4
burticlies,2
djsoryn,1
Ramy1999,13
iamhephzibah,5
antidestro,9
Fryeggs,8
caeruleusblu,23
future3000,3
IkeFox,3
Slippery-Peter,3
scsi15,1
Cyteq,3
heliojansen,2
analrapistfunche,2
rZvFTW,3
Imthereich,2
everythinghasfresnel,6
cheatreynold,5
JustAnotherGuitarist,8
rallymax,78
drewBOTv2,8
cnxyz,1
kickinthedoor24,3
ep1center,20
toxicityj,1
MotionJazz_,3
TheGoddfather,22
Rodry2808,3
cr0wstuf,1
dan1point5,4
bateserade,5
Baugher117,3
jomanjee,3
mersault,4
danguich,4
Dano67,2
gnice3d,49
thesixstringsamurai,1
hdaviirus,4
hopelesshacker,1
ajsingh007,2
Bhavin121,1
dogbots159,1
RAIKANA,2
Padreschargers7,3
Seref15,14
brrip,4
pom32456,39
Ibbanez,2
thepinkanator95,5
self_improve_tonich,9
Kage-kun,4
foxh8er,2
DudeOfAwesomer,4
PiratePilot,4
dcmusic91,3
ilustrado,1
VictorMih,11
GorillonDollars,1
Volerikan,5
Taconut,4
koobear,3
C-Ron,4
prencie,2
themarteh,4
GeorgeARomeroJr,4
nullmiah,3
TotalWaffle,1
Monti55,1
trogbd,3
ngoossen,4
pibroch,2
legaleagleadvice,2
Standby_muscle,3
yermotherlel,3
captainawesome7,1
AstroProlificus,3
Suraski,1
bit_pelican_adjuster,3
aeberbach,2
xmnstr,2
flamin_hot_keto,8
Zybergod,1
GreatBigPig,1
TheRoamer,1
____STEAKPOOL____,1
Destado1,1
Vpr99,11
Jespoir,9
dazacman,4
Malfate,4
edjani29,11
_Theseus_,13
bobster999,10
HereForTheBoredom,3
haoest,3
erikb42,4
ComancheCorps,1
fartripper,1
beesh0x,5
Adams_Apples,1
kingofkind12,2
heyduro,3
ligerzero459,1
viper689,6
albatrossy,3
iHelp101,15
inept77,4
IMFROMSPACEMAN,16
WeAreMachines,4
preacherk,13
iChopPryde,20
Mintier,3
gattung,1
alerion617,4
Dotile,3
nXqd,2
SkittlesAreTasty,3
airacutie,7
ThePolish,3
UnaClocker,40
dogebag,4
borody0xx,3
8count,1
Longhanks,1
bebopblues,1
porath,4
Manevolence,2
acaballerob,1
bluskale,10
xx_illox,1
Mhackvericks,2
gandaroth,13
TacticalTable,1
shananabooboo,3
n0tmyfault,3
danboy4,1
cruuuuzer,2
thornist,9
SeriousBeeswax,1
Takanu,10
njstatechamp,4
Dark_anth,1
xStoryTeller,5
shirtandtieler,1
mi4l,3
gS32tom,1
Ramster125,3
pdxhobo,1
biscuitehh,22
Bobthedude56,1
hcwool,5
ANUS_CAPTAIN,4
hangipants,1
PcMasterRaceJose,2
Poloch,2
nkasco,1
vladen32,11
EagleComm,9
zackgrrr,3
MeKumi,2
Zel606,5
jordan_gagne,4
Magnum_Opus,1
GreySim,6
iqsmart3,1
Arafes,1
bobdobbsphx,2
JONESBROTHERS,2
TheSaxMan,4
vatakarnic33,3
destiriser,24
floridasnotsofinest,1
asf3w,4
fanofbacon12,1
ChasingDarwin2,4
ballinwithstalin97,3
Chris559,1
fosiacat,11
guiscard,16
legitlegit,8
mr_tony_blair,2
jlibby455,2
uglyfool,37
senormoll,4
skywalker1115,1
fischman12,1
seismicturtle,1
TheSuperUser,1
stoneobscurity,5
AdviceBiker,1
shad00m,8
excoriator,1
SonicEdge,4
cmb2248,5
h3nd0g,2
marlimadness,1
Slinkwyde,3
badmanjohn,4
the-crotch,4
lepickle,4
44444444444444444,11
Shidizity,3
Tanya3,4
wescotte,40
VivaLaVent,3
tyfin23,2
pternol,1
mean_green_machine,1
osxdude,2
Defaultation,3
3BetLight,2
Bancherd,3
LewMcCarthy,3
noblecloud,8
sana128,2
shonsto,2
MettaWorldWarTwo,4
war_pig,2
ascagnel,2
Redirected,3
svtstudios,1
IcarusForde,6
K4llan,2
TiberiusAbadon,4
Rainbowscratch99,3
xdriftyy,2
skrowl,1
Wproductions,12
timotie87,3
TheRoadToGlory,5
CameOutSwinging,5
yannisv,3
menominom,1
Gonziis,1
SlobberJockey,2
Resiram16,4
SilentShakka,1
t1hom7as,1
PlayFair,1
trixloko,3
Bradleedean,5
1auren7,1
b34tn1k,4
hadihaha,1
samzplourde,4
drunkwithanxiety,11
Gnarrgnarr,2
Eptasticfail,13
xCatbodi,8
FroyoShark,3
MacProClub,13
nathanpollon,1
davidsoor,5
sourcex,1
Crazylegsmurphy,47
mynameiskeeet,3
ryanch94,12
erekohn,6
matatoe,4
ammarez,2
3800_cruiser,4
OmgItsTheSmartGuy,5
Island219,1
driesalkemade,3
xxbryce12xx,8
marktopus,11
laptopfreek0,4
chrishas35,2
jtaekker,3
jeduars,3
RossChen2345,1
yeroc1016,3
Taupter,2
CelestialWalrus,3
cofaceme,1
Raritize,4
UnekPL,3
carlostheedwarf,6
iwest15,3
poopino,14
d-_-b,3
zyket,4
Bigkefjee,1
Tarious2,4
Ursie02,4
donnysaur,4
woodoosticka,16
legion_of_discord,3
SerNerd,1
iToronto,18
MeeKs19,5
NotRecently,10
Momskirbyok,9
walgman,2
Tyler510,41
Mackilroy,5
McLower,4
shroff,1
DEEPfrom1,3
uncrtnmind,4
lmt1979,1
Mydori,5
inquisitive_investor,3
abecker93,4
asa400,3
mustachepanda,1
Kondax,3
leconnaisseur,7
ShoulderKnight,4
Unique_username1,4
PhoenixDoom,1
mattrk,1
eldoon947,1
bense,8
fallen1011,6
skyflyer747,4
asrs,4
C03N,6
Niresh12495,3
Sir_not_sir,1
darkjedi1993,3
Hackintosh360,5
b419kid,4
DEUCE_SLUICE,10
nebulae123,5
wheresthatkiwi,3
punchatron,2
plemos,5
Absoulute,4
Jahara,3
GeeCan,2
lofcharsky,3
teoSCK,1
kjSmitten,7
godis1coolguy,11
addicted2amp,1
lissencephaly,12
Xylonized,11
bnuts77,8
deathwebo,5
anantshri,1
Rnewbs,1
pessimist_66,4
From_Mtl,3
albertodlh,1
TheresNoIce,1
justamemory,1
tuan2195,8
noobcondiment,2
InaneG,1
Xephrey,4
Hakushakuu,5
MarcinK95,3
import_bible,9
desertfox155,1
blchpmnk,3
Eye-Have-You,1
Veterex,6
ifiwereu,11
fergusonwallace,1
danieldallas,9
agent-squirrel,14
jbrearley,3
oznobninja,3
Flyinace2000,15
mpickering321,14
neo_dan,7
Juanskii,6
KRMH,2
epus,3
ZiggyTheHamster,16
e40,19
Fat_Ass_Reddit,4
Motzlord,9
_ms9,2
oxysoft,3
belthesar,4
2_4_16_256,2
mwschiffer,2
brontosaurus_vex,5
anidnmeno,2
StormOfL337,1
RagnarKon,1
willco007,71
Deviant_Tech,1
Yellosnomonkee,7
Apex760,2
KibaWusky,11
fersheezytaco,2
newacco,1
lee534,3
TheycallmeMrR,3
VanderLegion,3
rnitch,8
FuzzyPuffin,4
omgwtfbbq7,3
super_tr00per,2
because_guns,1
Lemetroll,2
stasguy,3
clist440,1
darklight_,3
cullanrocks,3
illicium,2
KingOfBacon,3
epandrsn,28
xXrkidXx,10
dr_gr33nthumb,2
imago55,1
Martin3dimitrov,6
ravenbladex,4
Methaxetamine,3
Antony___m,3
ecaep42,3
iwaswrongonce,2
mphantom93,1
gsdatta,4
qsv11427,3
pithyRejoinder,1
d70,1
fluff_,1
jgreene128,1
paulgraham176,2
-FishPants,4
quiksotik,3
DylanThomas928,1
Mines_of_Moria,4
JohnnyDaMitch,1
TheLegendOfMart,2
blastoidd,1
mug2k,6
iHarryCJ,1
zakats,4
trickykid1982,4
jeppethe,5
lofisweetness,5
AquaTriHungerForce,2
unicorns_muthafucka,4
GordoMaldito94,4
siggig,3
yojapo,3
rosshettel,3
OllyTrolly,3
spandia,3
rockydbull,1
panda_lover,10
Nullz0rz,3
wcg66,18
hero47,2
rohitknhs,2
Marco_X,4
fus1on,3
turbineseaplane,3
EveryUserName1sTaken,23
rogue780,5
bamzees,3
omnicron1,3
ivorytowercoc,3
Mistermatt007,2
Leicastud7,3
smokingintheelevator,2
thewisevaloo,7
darkbird22,1
way1225,1
crush_infamy,5
sureguy,25
DaGr81,1
Woolio,2
vibeknight,3
MystikalGFX,2
thuryguy,3
round_cat_lesbian,4
Devinfield303,4
rintinSn,4
Parkd123,4
Timzor,1
scottyf,2
Seeker51,2
ramboy18,3
cartoonzplural,3
BitchesLoveDownvote,4
commodore65,2
ijustwriteupsidedown,4
i_am_paola,4
mixuhd,5
kevamiga,3
krauQ_egnartS,3
M_B_M,1
scillycharybdis,3
ordnance1987,3
AwesomeFaceSpaceBear,7
markrobbo96,4
ibbiansi,1
Ekyso-,1
KanyeNorthSouthWest,1
AStupidHippo,8
cknasty,10
DarkStarrFOFF,12
vans88,1
Martofunes,5
danz207,7
WorldsWorstFather,2
colibius,1
MaartenDekkers,6
DotZe,7
R_K_M,1
thecolemanguy,11
dani0l,2
eliob,1
SAM2000XL,3
JQuilty,3
Tweax,2
onedr0p,3
nerdvernacular,1
cyberdork,1
Jiadel,1
panda_joe,8
RichSniper,2
ilikeapplesmore,3
treyb2323,1
polarbears,4
acwilson96,3
SomethingNicer,24
plugerer,5
_an1sh,4
jonsy777,11
MisterTipp,1
rahulfrancis98,2
spickle_spackle,3
bashtin,4
CJK_ExStream,1
WarWizard,4
jonsparks,2
lvcrft,1
G_pea_eS,1
coonster,1
TheRacerMaster,27
JonoIsCoolest,2
ronnietse,1
Stuntman782,5
lordarkdwarf,3
philoticstrand,2
Scrappersa,1
jabbajac,1
sneekee_11,6
iEzhik,4
DowntownLou,5
tool32768,4
seekokhean,1
JmanFL,5
BklynPypr,83
shentheory,16
FerrisWheelJunkie,2
ctphillips,1
umaxtu,1
David210,1
Potsandpansfrans,2
yoshio_221,3
skylenorman,1
XXFirefighter,4
steckymc,7
samguwang,3
Remoheadder,2
sjjr,3
binkarus,3
ProNinjaCat,3
CarterMc3,1
milezteg,3
kr1st0s,4
LusciousVagDisaster,2
PsychOutX,1
rattlingblanketwoman,5
ajyablo,3
tythemacman,4
cinesys,2
Themagicdragonn,1
great_watercolor,2
SkeptiCalhippoh,2
charmandertotenkopf,4
batm4,6
pr0xie,2
nonextstop,14
mootjeuh,4
strelok1911,2
mentaldrummer66,2
devham,4
k8seren,1
reformingpanda,6
SixPathsofPein,6
211logos,8
yourfoxygrandma,1
Scardaddy,36
DankousKhan,11
Byreenie,8
Salamity,2
northernsteel,4
AnodizeAllTheThings,1
r2tincan,1
Brohamsby,2
DigitalFruitcake,6
E982,4
jackwilsdon,8
l_beau,2
nerdpox,4
seathasky,15
mons00n,6
Tzupaack,6
acdop100,4
wutisupmon,6
ear10,3
themusicalduck,14
joq3,1
bman4789,6
k3mic,1
audio_pile,12
falconx50,2
newhere_,2
Devataa,10
Dfdunleavy,3
omega552003,5
Kitty117,9
spazzypazzy,4
davidcolehunt,3
weirdsun,3
wgass,1
Bob-2,10
videme,1
Ssawa,3
dhoium3009,6
pantherlax56,4
speewave,4
rreighe2,1
lubberwort,1
doleful_pineapple,2
TheDisarmed,8
Alisamix,7
YoussefV,5
kkjdroid,8
rmcshaft,4
Dzdimi14,3
sixdust,1
jonmatifa,1
Jlpanda,2
geecko,3
Pe8er,53
MazInger-Z,5
ouestjojo,6
Redditadvisor,5
Takeabyte,58
PSI-GAMER,3
mrbjangles72,8
austin-dude,1
rzoq,2
epvup,6
U83R_H4X0R808,3
BananaF4p,1
carlisls,3
dysgraphical,3
jmwrainwater,6
rupddate,1
applefreak111,5
kmanleafs,3
VarnerBeast14,1
tn1029,4
Johnotronz,1
Appok,1
Scottapotamas,9
Samus64,2
Solid6,4
marotte,1
Kidney05,8
WaitingDroveMeMad,1
p5ymon,5
TomekkPL1,2
YuntiMcGunti,5
devperez,1
dreamrod,2
arsgate,2
haley_joel_osteen,3
xSEEBEEx,2
InternetPost,3
sarcasmguy1,2
peopledontlikemypost,1
pudquick,3
jjjooonnn,3
pleasepickme,1
RCCollins-,2
diras2010,6
eyeplucker,9
Terribl3Tim,9
brazigen,1
chrismartino,1
McChicken6677,1
AndrewOfBraavos,2
isecretlyjudgeyou,6
Sony_PlayStation,4
Seeif,1
tartantangents,33
draekia,47
Firegivesme,9
duker10,5
cmstar0,1
gregnice123,1
Maddogyx,13
NoblePig,2
noooideawhatimdoing,6
Flash93933,2
Nashad,17
lanismycousin,1
yodylan3,2
talzer,4
dent308,1
TheInnocentEye,3
zaxxo1990,3
TheDeadSinger,4
hrtn4askwrtn,2
bang_equals,1
SgtFluffyButt,13
bledowizard,14
xdamanx,3
jemadx,1
DwarvenHands,2
jvacek996,7
osakanone,18
Hugetons,6
patrik_niko,4
motawakol,1
ajoy39,6
Suvasco,2
OhhCrappy,1
shadoworso,9
psikeiro,8
4StringTech,1
ZelcrimII,3
macintoshme,4
pyrodonkey,3
nostradamefrus,6
Kaepora,3
hotfuzz86,12
black9white,4
tomato721,2
DoctorShittyWho,1
johnnycourage,4
rehpotsirhc123,13
FriendofDerek,1
greglgomez,2
macableuk,9
belugabuster,6
redwurm,5
jwmann,9
The_Gray_Guy,3
arthurlockman,10
rumsfeldx,2
blitzkreg18,4
askacanadian,5
IsNotALog,4
thatwombat,3
Its_Phobos,4
elbirth,7
e86m,14
z8137,1
Kameechewa,4
Fambida,1
Distortionizm,4
uPaymeiFixit,3
jamie_calver,1
dhamboul,1
kryptokal,4
D_ho,4
Proph3T08,2
tr4656,1
jethomas,1
Tetsuryuu,10
lazercraft,3
wscarlton,6
Castratikon,1
spitfire092,3
DrNick13,4
GiantsJets,1
PapsmearAuthority,4
FaustoCreations,10
lovan6,1
DHarry,1
fraak,3
WiredDemosthenes,3
Ziph0n,10
z3ldaz,3
gearhead364,3
alphalightningbolt,3
NightSlider,1
bdnwsbn,2
jcuno,13
Beardmancer,1
Cookaacoo,1
jimothy1222,6
kstk,9
actualPsychopath,2
magneticlemon,3
digitalpencil,1
FrankyDoodle,4
silverfishhandcatch,12
thrillated,2
shallowriver,3
edenpulse,5
drbrownbear,2
fakename1983,7
eXclusiveAUG,1
Shnazzyone,5
Jumla,4
Ivor_Bigunn,1
liamsmithuk,3
JhnWyclf,1
DesignerCat,3
iceteawarrior,3
NominallyMusing,8
teawhy,10
Brianbooboo,1
adammolens,4
Bionictoe,6
nmarrufo,3
Uncoolest,3
onlinerocker,5
mimes_piss_me_off,4
crazychum,7
ExPatRob,3
goldzatfig,8
Gumby420,2
chukar,4
CATERPILLARS,5
Thatdeadaksis,1
lucahammer,3
lulwhut,1
HellaBester,21
XYrZbest,4
Alvarius,4
Dkspartan,5
gnatsuR86,14
staringatlights,1
DylanDecree,4
lucentshade,3
Hodgeheg__117,2
spreepin,1
iFERNZ,1
bc879,3
daniyo27,7
Ubuntaur,1
Rockstarjoe,3
10halec,6
slattzo2000,4
homelesspieceofshit,6
MrHaxx1,20
errandwolfe,3
cheesewizz12,5
kobaltzz,2
wetduck,8
TopNotchBanter,3
gugahoi,7
SackWrinkley,2
slaytalera,1
SixyDew,3
aku_osito,1
theBigDaddio,7
Yauden,6
CameraRick,3
noblea,3
JoXand,4
nm1000,1
savethemolarbears,3
ahman505,1
marssantoso,4
dualpersonality,3
kaiise,1
ifpeoplecouldtalk,2
Midcode,5
alrightandrew,1
dbm_,1
MilkasaurusRex,9
enjoi4853,12
krispyk84,2
humanzombiekiller,2
hokkos,2
javoll,4
themathouston,2
thetetrahedron,2
jrewand,4
cheviot,5
M0rbz,6
ClpReddit,1
a_hopeless_rmntic,17
have_a_nice_J,3
Fiagro,28
tsangstagangsta,1
Apathetic_Superhero,2
Shiwase_doje,1
rwwiv,4
rmweiss,3
DOctorAZ,3
B-Rock,6
kikuchiyoali,1
madn3ss,7
IronWolve,1
N3RDzilla_777,1
charlieriesner,3
neinhacker,5
chrisbinfocus,8
DAHAK305,4
socalglitch,5
bobtentpeg,1
boredblu,1
Brevdueklubben,6
PeppermintPig,40
aussieguy88,3
n0_f34r,3
captainreuben,6
rinwashere,1
blue_pixel,36
tehsuck,1
danielhr12,1
buxmoney,2
vtwo,1
PotheadCallingUBlack,7
cosileone,2
irrational_abbztract,21
stop_yelling,5
jeffanie,4
phobicpie,3
dissme,8
nixcamic,6
imfee,4
DWNFWDPUNCH,5
biklops,1
bugzrrad,1
knittybagkittyboost,1
thebolsh,17
cobo10201,3
tomnguyenn,10
speedy_162005,3
PlatypusFries,3
shrakner,8
mountainjew,1
DaPenguinThief,3
pr0me,3
tChyea_furrBurger,1
cuboid10824,1
BigJAnder,2
Verticleturticle,9
BellyButtonBob,3
michaelwang33,1
HellomynameisRandall,7
na4ion1,14
starfire221,7
LordAlbertson,1
rockinron_1,5
mattcal12,5
JoepVK,2
nphekt,3
eidoriansan,1
DocTheop,14
koalameblue,2
DarrenPen,12
ProjectInfinity,3
Semperexes,5
xFreeZeex,10
idc2092,2
thatguyjohn,2
heroesmartyrs,5
kuznec,3
neilnet,2
AHughes1078,12
TheBrokenSwagger,1
DorkFort,3
NOTNlCE,7
ARCWillPowell,5
poopitypewpitypents,3
MokaFuzz,3
ravindrasinh,2
jacoba01,3
Enockser,4
paper_rocketship,2
GKS89,1
_pippin,2
m4bandit,2
cc_cheeks,1
Howard___Roark,6
m08inthem08,2
chaamp1,2
pitbullblade,5
FingerPaddle,3
superandy07,1
branalvere,6
nathanbe,3
Luxzin,1
xxsandmanxx,2
iammarlandis,5
ravenisblack,3
jaconphil,3
alpha_dk,4
KillerByte22,3
lanylover,3
pontonn,7
pettazz,1
twinsfan33,4
northmill,1
PENIS_SHAPED_LADDER,3
gsparx,3
t3hShadow,4
daulex,1
knollexx,5
go0sebumpz,17
JakeeRase,2
theReversed,2
kayzp4ul,10
beyondsemantics,1
grjbb,4
AttitudePebbles,4
Shermoney,3
Mr_Dr_Prof_Derp,3
flyingp0tatoes,32
fallen101,1
sponkemonke,1
minlite,16
sfacets,1
Gsa700,21
woodenFrog,4
boomish69,2
danbamby,10
G37Z,4
ilikecorn500,2
MinerDodec,10
awkwardWoodshop,3
feverjunk,2
A-town,7
KalenXI,1
username,1
theolonious,7
iceburgh29,1
PolishTea,1
coned_miro,4
Chavslayer,1
Eaglehooves,23
CrappingZombie,3
HackinDoge,205
yonghf,1
freethep,1
fklioside,3
oversoe,4
Matricon,12
hanoobslag,4
TheGreatCactii,1
StarWarsPlace,2
Shnozt,3
elmetal,2
cmrmaria109,1
Mango_D0wn,3
jarotte,2
Maxxar,6
MerKzMedia,2
ieatfrosties,8
shevu,2
cookehMonstah,10
doctordoktor,4
ZestyJ,2
Muddybulldog,1
if_man_is_5,1
mm865,6
shrop21,3
ckelley87,5
dwellercmd,5
slashbang,1
wolfgangsingh,4
gtxpowerr,1
bobthetrucker,5
Vooreskie,1
TheTechnologyGuy25,8
TheRinseM,1
b0gg3r,7
snorp,4
walklikebernie,4
TylerDurdenJunior,13
BlueBoyBobSucksDick,4
losernamehere,4
picantepenguin,4
krsw,32
PimpBallin,5
maes777,4
aking14,9
jiraph52,5
codax85,2
HolGORE,2
DirtyFormal,5
btgeekboy,3
brians3395,1
imaBEES,3
sean_c_roberts,1
TheDanielHolt,12
Novecento-,3
Panikku,1
DonkeyPuncherrr,6
ellisgeek,3
hellfire_49,4
iloveafc,1
Angelic276,2
triplewub,7
kuntau,1
hohohomer,6
worldsarmy,3
valkz0r,1
again_faster,1
catmoleman,4
levifig,4
sfluecki,21
saint1997,31
Esus1,1
TriGeo,15
acsdog,3
Metalmessiah95,5
Corncove,1
kilvenic,5
Mgaffar,1
ilol-IRL,2
tgerstel,13
imaoreo,1
cahutchins,22
avinassh,3
aberen,1
TheDeliman,2
evilkhan1,3
serjizzalot,4
NemorosusMens,4
red_leader2101,1
kunfaux,3
abdullahcfix,76
torpedoshit,2
Mescaline_UK,6
proph3t09,2
CrimsonNieve,6
knuckle_cracker,3
butzsecs,6
StoplightLoosejaw,10
GammaScorpii,1
joej,5
EatYourGrits,2
harry_de_best,1
thisisalanb,3
rvanbiljon,4
hardaysknight,2
sharpfork,8
walczyk,1
xenatt,7
Vopemz,4
leperkuhn,4
Chr1sr019,3
faraway5,10
jesseholmz,4
rickyart,1
Bobbyboyle1234,1
MrManipulator,2
drivemusicnow,3
Nasir0830,1
kiddico,5
FFSparkyJr,3
CREEPERHUNTER17,1
nmethod,3
clippist,2
scientist_shmientist,1
bleedingjim,6
ColMugsy,1
daft357,4
jaykk,12
scorza,4
Frizkie,9
WalkThePlanck,1
Afro_Weevil_MD,5
mintywinds,1
XeiX,4
Taaanos,13
guytoronto,1
dicarlobrotha2,5
sseccus,2
apunkgaming,1
gekkonaut,12
Drak3,5
Solvoid,3
uppedbyhiggins,3
livinlikewaldo,1
iAppleTweaker,6
garrettcisme,2
c0bjasnak3,1
dharma41,3
n00utkast,2
TooManyTimeZones,1
tymscar,3
2ge,3
lanopticx,3
Smaecks,1
ridethehorsey,22
djkoomba,5
c_manster,3
mabellon,1
knewknow,1
Tea_Bag,2
gozasc,24
Krispii,2
jeaton,6
JoeDeSantis,2
spyralaniac,1
Thehamofgod,3
godman_8,1
quiet_warrior,3
nycon,3
thestinkypig,6
FrostedFlakez,1
kittylips1023,1
SUN_LIPS,3
pinefru,3
StayMunch,8
waterbed87,4
wtf_are_my_initials,4
KeplerNeel,1
Ishio,9
buzzbuzzlightyear,7
NotYourMothersDildo,23
mikefightmaster,4
Tayfelix,5
Thelk0998,2
jk_baller23,2
compile,1
Sincx,3
Teos_Verdi,1
Hero88go,6
Basht,1
iJeff,8
NooblordDiazalon,3
jego,1
mackid1993,1
bqnguyen,13
Lupinxthe3rd,3
13dramamine,1
guldgrevare,7
chromaticism89,4
marcustyphoon,6
qwertyXDasdfgh,5
user2498,3
HBlakeH,3
FiendFyre498,2
SaucePear,3
stiggy_5,19
nolongerilurk,1
cyberintelligence,1
erikus310,1
xfeatured,2
lokochileno,2
Phalapel,12
TheLegendarySaiyan,3
Mephiska,3
sideswiped,3
crawlywhat,8
ricksinclair,2
njking25,10
cabbeer,1
acpg100,5
geoffcall,1
PhotoDoc,3
PC_builder_STRAYDOG,3
DeathbyToast,1
jacobsp21,5
emresumengen,8
jonny172,3
mrj3r3my,2
Kosmonaut_,1
trase2482,5
BigO4U,10
38darkness42,8
pandaro,1
studebaker103,8
shaggy814,3
Noumenology,4
wakalabis,6
StaRn3ss,3
msmucf,1
hego555,5
PixelEater,10
BridgeVillage,1
Stratty88,1
kurigowa,21
nirvana63,2
undeservingrich,1
all_summer,1
spectrum21,2
TicklishRocket,4
tylucal,4
davepergola,3
keillen,3
Rabbyte808,2
C0mpass,5
HH_Boba_Fett,8
Amane_VIII,5
vidplace7,1
ba-io,4
bumgardnern,3
NarWhatGaming,41
RancidBurgers,7
5amu3l00,7
natkoui,3
FutureNeurosurgeon96,3
atomasx1,2
Badgerman14,4
HongKongCharlie,1
changerrs,7
derpx86,6
Phuus,2
Zackeaton,1
RougeCrown,1
J-Pwn,2
MarblesAreDelicious,37
zombieboy99,7
unwiseTree,2
technicianx,1
Charlesfloss,9
apassingremark,2
SuperSVGA,5
Aa1979,3
Nach0Stallion,10
PapachoSneak,1
gertab,11
eattheass,1
Derpeh,2
Thechuzzler,3
Nitwitgoober,2
ritzcarltn,6
little_o,1
ADHDMedia,4
EpicRhubarb,4
ihaveascreenname,10
UFO_cop,4
zachguo,2
ihatecheez,29
MajorRIce,2
snobbyhobo,1
observationalhumour,15
moostapha,3
Gauravc96,1
bama_r39u18r,9
PuraFire,1
SurrealDelight,4
amlucent,1
DeltaPlayMusic,22
FuttBuckTroll,5
Brenglish,1
monkeymonkey35,3
Jose_Monteverde,1
cptnreddit,12
Demonbane_x,2
lieuwex,4
jbauer777,3
adamc25,2
rwbronco,2
RTardicus,1
blackraven36,27
RDB_SPEED849845,1
Bhayes547,12
AltumVidetur,9
Galbatorn,3
5T4TiC,1
prepost,2
nbdy,10
mikkxx,4
boxxcar,17
ericerk123,2
Tynzo,3
lfriday945,3
Svenator,1
IMADOGLOL,2
awildpostappeared,9
raygan,18
TheInternetAlchemist,3
flamingfishman,3
sdh,4
m_warsh,1
kireol,5
greatscott19,2
s4in7,7
basiljohnson,3
noxsicarius,1
Fiddly_Castro,4
I_FIST_BADGERS,3
Raw1213,5
betajippity,1
burkett375,29
notbob96,1
WatermelonFlavored,2
jaymz168,3
JohnnyH97,3
noone50hk8,2
hellishhk117,24
mediocrecore,2
Colonel_Korn,1
chemios,1
underscore_chopstick,2
cobxlt,4
xhollowpointx,14
V3N0M_SIERRA,3
fnordsensei,1
derfunkenstein,3
Grimmers,1
georgemp,12
nalexander50,5
justanorangehere,12
Redmouse567,2
login_for_no_atheism,16
gagginaspinnata,2
LiveCray,2
goldfire,1
MrBobrowitz,2
InsanelyDeepak,6
Rovierto,1
GenghisFrog,11
chictyler,18
ZeusInBoots,2
Since88,3
jamalexandrou,5
SmorlFox,3
davefmurray,3
Harshingmymellow,1
blacknight334,6
Irous_F,1
blacktim,5
MaximusFSU,3
MARX0,1
randommagik6,1
FrontalPR,1
spexbeanfarmer,9
Legonerd93,5
jamvanderloeff,47
c0deater,1
Jsr5126,12
GlacialDoom,1
SirMrShyGuy,3
imitalian,3
Nick88s,3
zombiechimp,3
justshell,16
mchandleraz,1
Lazeel,5
NuclearCouch,4
iamtalisman,5
Someoneoldbutnew,4
shing93,2
etufte252,1
xdcs,6
verynext,2
klined,18
Drannex,3
ristar,18
growing,3
brgale,4
HomicideSS,14
skittle-brau,17
pjd2011,2
GriffinMK,3
mfunger,2
THIS_IS____nothing,10
Virtualization_Freak,4
joxy1999,8
eicoolguy6,4
humpax,3
sidmos8580,4
lebale,2
SchnitzelDaniel,6
circleland,4
zhoulander,5
ThorIsMyRealName,9
lemonboi5,2
toosejuice786,4
StinkySalami,4
birdsnap,5
sirbow2,7
clutron,1
kyndder,1
Darren15,2
kekhuehue,6
Cuntacular,1
SeraldoBabalu,2
HailColtrane,10
pittchri,3
tRedditAccount,4
smashbrother88,1
corsair330,1
davidzilla12345,83
TheSebitti,3
N0CARRi3R,1
merkucjo,8
8draco8,1
maverick_fillet,5
LithiumEnergy,4
hangerwilt,4
mmarleau,11
jsizzle96,7
exclaimania,6
darealdsisaac,3
Akito0499,3
NinjaVote,1
Delahorney,9
tcass1977,3
duocycle,3
jbg1194,4
Daoro,3
BernardJazz,1
sureillpost,3
benw36,9
indefinitekarma,34
Lexstar96,75
pattch,1
Dingus4444,1
dustincole,11
PaleFlyer,8
applepinetree,1
acolombo,2
NyanBlade,2
SirLuciousL,4
runamok,1
Pvtbeto,3
TheObnoxiousPanda,7
karateofen,2
JimiRobaer,1
samcrut,12
Ryuk_DN,2
Sarazar,3
wizang,4
Msjoq,1
querry00,4
hanz333,4
Heinus,5
douchecanoo,3
jq-,22
switchedflip,3
DC12V,2
animatola,12
joatmon3,1
dpape39,2
byahseeker,5
vaggydelight,8
lobstronomosity,8
rickisbored,6
thefatkittycat,2
mangoflavouredpanda,3
rankroster,4
professorspleen,2
Armstrong1889,1
DasNeueProgram,3
mikedemarais,1
DaftFunky,4
TimmyChunga,5
JustJoshinMagic,3
zackhattackh,2
chukione,4
mikegaz,1
no-mad,11
anthonyjr2,2
hnjngo,4
jmellin,2
T0mbi,2
gizmoloon,1
urbanburban,3
Shark107,3
FourSquared16,1
duncanstibs,5
kmisterk,42
metalfan2680,3
pulpfree,3
ahandle,6
Carpetfizz,10
ampitupco,2
flambyisyou,30
AbraKdabra,3
ozdok,2
georgethegoat,5
ChrisGrant1995,2
Canuk87,3
donutvwg,3
Aprime1,10
uhlexsis92,5
velocitaseradico114,4
devolute,2
5134,3
DrewChrist87,47
tazukia,5
Parodyse,6
texastoast_,15
jecowa,1
Worl,1
djsleepy,1
phantomsniper77,64
sakus,2
blackashi,2
Stupping,31
The-Omega,3
hesham8,17
theinfiniti,11
jamiethemorris,129
captainmomo,2
naloxone,3
baconOclock,2
OneAndOnlyNacho,1
Halftub,6
kenia1234,5
EucalyptusHelve,50
xphx,4
oversizedbass,5
bahehs,2
mccbrandon,4
350ZisBae,3
AstroZombie138,1
magnoose,2
mp-mn,32
PCbetabuild,1
teen_ferne,1
Flying_Assassin,8
zebulonthegreat,1
tman07,3
LeWaffle,1
Kevin_Soares7,4
dsfjkasdlfkj,1
mcj,12
wehard,5
n0pel0l,6
sabian92,20
theantchrist,6
TheGeneral696,6
CT9A,3
bvillebill,2
mtber,7
TheDoc42,1
Nic3GreenNachos,7
ss33,3
AnusHammer,3
aznnihao,2
ueih,6
toskies,4
Ninjuninju,1
xander-7-89,1
TheThirdBlackGuy,13
gmanley,12
eatroffles,3
Will_Man_Dude,9
cmc1868,3
Ickle_Test,14
rohizzle121,4
b4bl4t,4
derpotologist,3
KraXareN,5
Infernoblade227,1
beb1312,4
iWadey,1
Westar777,3
ddeeoonn,2
extrakreddit,6
Sydthebarrett,3
sedo1800,2
ZandalarZandali,9
Beeslikesteve,1
ashphael,4
cam_winston,1
Gearomatic,2
Dmac680chi,22
NateTHEgreatest3,3
coolstarorg,22
jdcrispe,2
Feartape,6
JohnPaul_II,5
kulithian,7
ksora,3
minjam11,3
maattp,3
fohatadri,4
pratmc,3
TheRanchoChupacabraj,1
kennyypee,8
Alfa147x,8
mrcaptncrunch,11
karapisu,1
richbordoni,3
-des0lation-,6
IContributedOnce,3
Eldivinio,8
rootedchrome,2
avidwriter123,6
Zerstor,1
jeffbbz,11
n3v3rback,3
sqqueal,5
BitWax,1
iamgmolnar,4
nearcatch,3
Rehef,11
issicus,3
The_Xozz,1
greywolf928,1
kidawesome,1
punkynyan,3
flopperr999,10
Saxi,3
pimpedoutjedi,8
Duckbuster,3
amazinjoey,80
Jceggbert5,1
mxwjg,12
Zangieff,2
ieatvegefarians,3
five_speed_mazdarati,9
MathSpeedFreak,2
faraazbh,4
fedezen,19
oscarandjo,4
_portfolio,1
Parapraxis6,3
Aldini10,23
IsThatAReasonToLeave,2
Anthraxium,2
Scrub-in,13
Ass420,3
Chintagious,6
Sharpie_Syndicate,3
im2slick4u,6
compiled,1
_karmawhore,3
MarcTCC,4
-Rizhiy-,6
andhar90,1
wlp5,9
skylerdray,2
klorine,2
Money_on_the_table,1
Bahamut_othman,3
Ryukun,4
penguin_brigade,1
we_did_it_reddit,8
acoupleofpuppies,2
Kugz,3
Anonyberry,4
candylifter,3
ThreeFinger,1
Noisevice,3
filmillr,1
FarZK,5
pier25,44
tadhgerty,3
nickkrey,1
OligarchyAmbulance,3
49-florin-spikes,4
fendertele,3
Sonny__,1
dasyoyo16,11
yeeuesimv,4
hungryz0mbie,3
justinTEARS,2
codedwrench,3
Benjamz,1
oddisay,11
cilantron3000,2
jurriaan,3
35nick35,16
jdewittweb,3
syntek_,7
TheHFIC,3
pieter91,265
mizotheonly,9
aborgraffiti,3
Stan-Doubt,4
joeogio,1
frystpingvin,1
OmarMagdi,1
va3oso,5
ivanmartinezolivera,1
DjKronas,8
Scazzer,6
danlocke123,6
VoiceBoxTech,5
Mechaniballs,2
Luca_Doom,2
tipu,3
masterlizard,1
notetoself066,2
22jk,3
HeadtripVee,4
Adam-James,4
LonelyNoble,2
cerberus_7,5
cmsvgx,1
chickmagnet3,3
dilroopgill,3
idioma,15
xslouis,3
creepypriest,1
MetallicGray,8
briellie,3
Harha,9
ColinZealSE,9
Gariond,1
UnicornOnTheCobb,1
megachickabutt,5
Bloomr,3
jesusjob,6
kapitalistislie,5
smell_my_mule,3
asplen,2
SirH3nry,3
carmacoma,1
BeMacized,6
fowlfactory,4
BlackFenixGaming,1
chicagoit,4
r360r,3
sarge21rvb,4
XThe_OneX,3
Drumitar,3
metalwolf71,1
pikachewbaccala,1
AIIDAN,2
solid07,4
ClapAlongChorus,3
verchalent,1
jam_ong,5
Doccool,3
ChilloniousFunk,4
NutymcNuty,1
sailorfreddy,7
timTheEnt1,1
johnpowell,6
snipesome,3
sjs,3
equalsP,2
pleindejaune2,3
Colin03129,4
fumler,6
nebul0us,7
nighght,8
appletwoforever,1
Bogdacutu,3
Rossistboss,28
Chapi_Chan,1
walril,11
rdc4,1
WerpD3rp,5
NovaXeros,3
wgresser,2
Neutie,3
PrimaryLupine,7
patx35,2
brownguy69,2
rothnic,3
wolfspy,3
thevitalpoint,3
TehAwesomeGuy,3
mblead,4
dexslayer,1
OsG117,6
Sector112,6
TrickedFaith,3
WingmanIsAPenguin,2
kurite,3
Step1Mark,2
heechum,3
mysteriouskiwi,3
cnnrduncan,7
TASER_NINJA,4
Zeppelin001,2
CarrotShock,1
circulus,4
fonetix,3
Flames5123,4
encg,6
balboy143,3
Fox_inthe_box,6
luckyspider4,1
__a_lot_bot__,2
mbh87,2
Schadrach,1
Left2Dead4,2
moesif,3
van13red,1
Jaxkr,1
Beowolve,22
FehTacticool,17
ace518,3
FormulaGamer123,11
log-off,4
Dodgson_here,7
Raycast,1
Khedgey,4
FM_Bill,17
pixel_fcker,5
enz1ey,3
kekonn,3
ushitomo,4
akkahwoop,6
skriller69,3
SaysEh,9
FriarNurgle,1
TCOHdrummer,2
dannymac1784,3
chumshot,6
Havidad,1
lebish,4
Jakovs8091,3
TheFancyBurrito,2
SidewaysGate,1
tomanizzle,4
the_rickmeister,3
r0hto88,6
to3947,1
primevalweasel,6
swynfor,8
dvdgar,4
dam_zie,1
demiankz,5
iamofnohelp,5
ExplicitG,7
boboman11,1
mr_friz,3
stonyromance,6
whoru07,2
chenABC,1
mmmsoap,13
Lazar1us,27
atka,2
kolega28,4
iSirMeepsAlot,3
kejwmen,1
Att1ca,3
Sebjansen,5
benr783,3
ramachandren,1
BradFuller99,1
erack117,4
nowytarg,3
alb_12,2
mmccaskill,2
PitBull2709,4
RaitoNeeto,4
monkeyfish92,8
lsekander,3
anotherphotocopy,1
Longshot013,14
popretmaster,1
Adjourned,1
3ricss0n,7
Skarkroe,3
legolover54321,3
tstormredditor,4
asharwood,9
Hobogamer,5
Trevpeck,4
risingcale,3
pickled_monkey,3
amohan11,5
Supermine613,4
BoosWillis,2
kuplion,17
kweazy,1
mr_duong567,4
kael13,2
thespaniard77,3
Mr_Nice_,2
dude_Im_hilarious,7
dead_ed,4
Nyrad,1
ziggy97397,4
weeeezing,3
AliveThrouDeath,9
magicDev,3
CarmoCTR,3
cldfzn,3
sk9592,7
Hackmodford,12
TheSkylsFalling,3
WhiteWolfen,3
alexnessie,4
tinkertron5000,15
tooj,3
inthraller,1
paintthecity,2
SuccessiveApprox,2
shadow_kick,2
Essemoar,3
rrapidoo,3
ukimies,1
zhiryst,4
pm_me_for_happiness,3
parabox1,1
HadACigar,2
afrightenedrabbit,3
Mdawgkill,23
Mmmaya,7
CynicalFinn,6
ultramar10,4
Airon38,5
theerror,1
Corghee,4
Colonel_Brown,3
oalsaker,1
roguedaemon,6
contranj,1
phillipppp,1
senorjohhny,4
fiberkanin,1
PlaysWithMadness,4
