Username,Hammocks
Yard_Pimp,6
fragglestickcar,1
FTN807,29
midrange_game,3
beefnoodle5280,1
niamhoo,3
thicket,4
foreman17,14
sunny_bell,5
ben_jamin_h,1
jlaw11,1
beardedhikers,10
cosmicwow,8
Stubbyfoil,1
jordtron,12
twopersondesk,3
stilllifewithkitty,1
cleaverhaggin,1
icewalker45,1
dmcdermott,2
hoegaarden81,2
Pawlee,1
DemonsGT,4
houseinnicaragua,1
lolcatswow,10
skholm552,5
Lordredditon,8
outercourse,1
walker419,1
medsenfey,5
nerdychick22,1
tonedeafinitely,2
walkmanx,3
Drankinsane,3
xutopia,3
lolwutdo,5
murph_the_smurph,7
TheTiniestOfHippos,1
art_comma_yeah_right,1
ebaker83,13
dylanhubble,1
MattCarl,1
AL93RN0n,5
schwoogiejoe24,6
Lil_Tucker,1
maxm266,1
Genetics,2
ErrantTexan,1
Oilfan94,5
CO_piratemonkey,5
Soulthriller,6
Amk410,4
MattSayar,4
hellajon,2
tjt5754,9
mk2ja,2
shreknow91,2
DuncanKeyes,1
thenextarcher,5
xrareformx,5
chokladdryck,1
hammockman76,23
clr257,2
RigobertaMenchu,13
DVsKat,4
dogfish1980,3
BananaJack13,2
I_FUCKIN_LOVE_BEER,1
frankles,1
Greyrat,1
insertusernam,3
tyrone3115,1
glorifindel,1
Cyako,7
thefoxhole,4
johnsmarba,1
omgwtf_im_older,13
zeoliet,3
EndOfDaysss,1
Eclectix,4
GPSBach,15
alchemica7,5
Fruhmann,6
clarkstud,4
sneumeyer,2
thetrueb1,2
ReptarsSingleDaddy,1
Cheesejaguar,2
nizo505,11
gogodiatom,12
Thatoneguythatdidher,1
Secret_Identity_,4
cdepgh,1
Icharus,21
bk603,1
velian,8
hamaca,3
Yxven,1
ssdivot,14
Hinaiichigo,1
WiseGuy1020,6
Dabaumb101,1
trebor89,1
ScottSEA,1
TheDruid666,1
NotDaveMatthews,2
SheWantsTheInitialD,9
smoothleaf86,1
tofferl,1
makarovx,2
SpinnyColorwheel,4
Goldberry,6
DeezySwift,1
FayteWolf,3
xAdamWolf,1
ejw_se-va,4
bzsteele,1
weirddddddd,3
shadowmib,4
skijeeper,1
IronicFrenchMustache,16
standardalias,22
Sdsimkins,7
jigglyjim,6
building_a_wall,2
enoughalreadyyouguys,3
gizmo_ult,4
hbobsmitty,1
seantaylorphoto,8
cloudedice,2
bemo2807,4
HerodAntipas,1
ILikeLeptons,3
taffy-nay,1
jsfuller13,6
HealthyandHappy,1
Ivegotahugeigloo,2
fodagainz,1
SkyShadow,4
SharkClaw,1
DJ_Dont_Panic,1
UncannyOyster,4
octaffle,5
Phjoshuy,1
Big_Bare,11
Amazingamazone,3
_31415_,11
megachuckit,2
alix310,1
Ghlitch,22
skypictures,1
ghostsofvalhalla,1
Wordyap,1
GrandFappy,2
Isomalt,1
fragglerock,2
ashthetall,1
BATman5401,3
revdandom,3
Spendoggydog,2
mr_znaeb,3
latitude918,3
Whoisadamm,2
ddragggon,4
hotspotbirding,3
mashedvote,7
eidnarb,5
Johnsonlicious,3
Philrulesworld,6
alvapossie,2
KevlarandJesus,2
likelybaked,4
Theist17,1
xBarneyStinsonx,3
CatSplat,27
Ecopilot,1
FluffyBunnyKisses,10
says_alot_of_words,1
shamanicvibe,3
dunbreeezy,6
101101101101101101,1
familybliss3,1
smashedsaturn,3
25493,2
batsinhats,1
bakedzd,1
piemanx,17
BlackOxen,5
jasonseannn,3
lipsonlips,1
drizzunk,2
BinNM,2
pat2012,3
Nooks_n_Crannies,2
forts,1
ThunderBuss,1
UltimateShipThe2nd,2
taiguy,3
thatsnotgravity,5
onyxmoon13,1
DeadpoolForPresident,2
RockyShea,7
owigotprcd,5
Orvonos,1
Manhattanbluemonkey,1
Not_The_Average_Man,4
MercenaryZ93,1
Desman98,1
Hoarseman,2
scouty_man,1
GreenerThanYou,4
waffle792,1
gmr2048,3
aveygt,2
o8643,1
riley70122,10
phidel_kashflow,7
carefact0rzero,6
mattyt60,3
KanyeWest_GayFish,1
FlickDisc,1
ThingsUdoAlienBlue,3
caseylowds,2
goaskalice3,4
AudgieD,1
meckelangelo,60
Derkis,1
juiceberries,1
borrelia,2
2ndself,2
St-James,1
abirchtree,1
atomhunter,4
kevinpdx,4
BenignLarency,1
Spmartin_,1
envirostudENT,2
samo4prez,1
Pneumaville,1
Aero_Flash,7
xlledx,1
BobbyBones,1
kaishichan,5
alphabytestew,1
BrokenSymmetries,5
gibartnick,1
IdahoTeacher,1
Firefly1701,3
Dr_Kerporkian,1
civilian11214,5
tgrowl,4
nocaptain11,3
mocs42,1
ipeench,3
RiverDallas,3
Juri238,5
crmacjr,4
liquidfury,6
svenjamin,1
keggers5000,11
ozarkhome,1
anotherdawn,16
submarine_sam,2
microsoftpretzel,1
amitripping,1
Gandymann,1
tikcuf12,6
describingthesky,1
qwweerrtty,1
GodofMacho,1
Fifth5Horseman,5
Thumperings,1
whalebreath,3
MyKneesAreCold,3
snruff,3
paulrobinson318,3
hopefulFLIPPER,2
5in1K,3
Suspendedskinnykid,24
Hibidi-Shibidi,5
Poorsailor,6
flamingopinknutsack,2
misterdixon,2
ri777,5
nayrlladnar,1
yoghurt_ninja,1
cucumber67,5
jasperspee,21
KnightFox,1
wtf-whytheface,3
bigcrappyIrishguy,1
bryan4tw,6
TehNoff,8
ELI7E,3
witebred112,8
InUrFridge,9
LauriHoo,2
VincentGrimore,6
smang_it_gurl,3
IrishPoutine,1
anonymuncule,7
SKOPF,1
ahisma,2
AnalWrangler69,1
docjbp,3
SirLoinOfCow,3
Sheasby,4
LunchGuns,1
fgsk,1
robertwilliams,1
SamsquamtchHunter,12
DannyPinn,6
red-cloud,1
psilokan,43
paradisegardens,3
grateredbeard,4
olplayer61,2
T-mark3V100,1
Squirrelboi,1
shroom_throwaway9722,3
woofdoggy,3
cathpah,1
isthisoneinvalidtoo,15
jakeydale98,4
kidaltamira,1
mystichobo,2
paynehouse,1
trizephyr,2
speaks_his_mind159,1
Phosphurus,3
Kuzcos-Groove,10
TheSynthetic,1
Nahjustprepared,2
bustyblondefromimgur,58
Black_Metal,1
clutchied,1
imranilzar,13
brewyet,10
LoH_Mobius,3
ninjatthew,1
mooplee,5
bradnakata,6
drmorneaux,1
stonedsquatch,1
swampfish,9
gobbo,11
mcphatty84,9
TXN4L1F3,3
v4-digg-refugee,6
sh0nuff,10
Brg0012,3
wise_dome,1
919913,2
BlewByYou,2
BubiBalboa,1
Shaysdays,2
jameshasnames,1
Motorhead8333,6
dunnydann,1
Congafish,3
forbucci,7
CAPSLOCK_CURLS,2
DaHockeyModsBannedMe,1
RoostrC0gburn,6
doctaqueef,7
sinbadthasailor,2
Tyler5280,6
DarkbloomDead,1
apollo__b,7
wwSome,4
IVE_GOT_A_BIKE,3
Touncca,3
WatchfulSheepdog,4
TenThousandArabs,3
grovermoveover,3
gordani,2
fakenamewhatever,6
Plateau777,1
Zurgzurg,3
LPanaflex,1
znarf42,6
smackson,2
riorio88,3
NerdMachine,1
pnwbio,1
Suncityjon,7
sex_vending_machine,6
lumpking69,4
linuxking,1
IH8DwnvoteComplainrs,20
po_ta_to,22
piperdre,1
ignurant,4
The_Samsquanchh,4
BabyRasta,4
Gnarkillin,1
ADH-Kydex,3
QuiteKid,8
Valenmere,1
NeatoTito,2
TheStonedButcher,1
nestchopper,4
soheyhai,4
Jrose152,8
IamMoltar,3
wegettacos,8
TonyPresidio,2
10247bro,1
MikeyDread,7
NotSayingJustSaying,2
allouiscious,2
Jadaba,5
AngryEchoSix,2
BubbleHead87,6
iamjaykeys,1
Flufffy333,1
Fally_weed,3
Jaydreambeliever,2
ParanoidAndroidUser,8
KoreanDominican,1
the_only_one,68
papasmear,1
galroth21,1
Thetruthkurtz,2
RoughBoy502,6
serpicowasright,2
Smiggles223,1
Pecorino,6
johnnydreamboat,2
Self-Aware,2
edy042,8
esheato,1
407fefd3833138100041,1
stickyourshtick,1
plurwolf7,1
toneboat,1
enitsp,2
Drew2248,1
fredinvisible,1
tanner4132,1
nRust,6
runningoutofwords,6
numbermess,1
Patman03,1
tcaltree,7
Imonfiyah,1
ScalaZen,4
KiloNiggaWatt,4
Boom_87,24
Magicmudkip,4
DoctorLock,1
effrena,2
gitzen_shiggles,3
avatarcolin,7
bernardmoss,2
Madduxman,1
MerlinTheBird,1
WillyDrumDrum,4
MrTonyD,1
nraesmith,2
saberman,3
talker90,3
IedereenDubbelFris,10
davecheeney,1
FreyKap,2
aidanpryde18,32
hopper22,3
GreenEggsAndHash,1
broombie34,1
_turd_burgler,1
relet,4
greenman42,1
CMATP,4
evanr111,1
xanxer,17
yenemy,2
dr_van_nostrand,7
MrRWS,1
RelentlessFuckery,1
tookmyname,3
HeyNowImACockStar,3
nicky9milla,3
LemurScentedDoorknob,2
BackcountryAdventure,2
fromkentucky,12
sew_butthurt,1
thegreyhoundness,2
patrickstarfox,1
xDWx,6
Bbbenji,10
mvmntsofthemind,6
Get_Lifted,1
Dormouseful,3
High_5,2
dscgod,3
EasySmeasy,1
Dimmadome,8
yaymountainbiking,17
Vanfili,5
highflyindude,13
dseiva,4
Hobietime,1
thatsnotoregano,3
Sleeveless9,23
t0st0,1
thetanswede,1
ImAGrizzlyBear,3
theteuth,7
OldManHenry,6
Zumaki,1
partenon,6
Pop123321pop,1
JediDachshund,7
PyroKittens,2
thomas533,8
soulassassino,5
YellowDickiesCup,2
dre2001,6
rubiks14,1
rwparris2,4
hangingfrog,16
drumdum2,1
Rizak,5
calskin,3
Infractus,2
shmolives,2
drplance,1
A_Random_Redditer14,3
Inthaschwits,4
BunterHynum7,7
pilotguide,11
FeedMeCletus,2
jrkotrla,2
rhizopogon,5
kurteous,5
hard_r,1
sax420,5
squalks75,1
k4rm4tt4ck,1
darksiderising,5
MountainSheep,3
e42343,16
wiredpilot12,4
trixter21992251,3
Melusedek,2
words_words_words_,3
pkkprotector,1
Shawnypups,2
DamnBunnieBats,3
DeathstarDude,2
got86ed,1
Hybyscus,1
DreamHammock,8
navypantz,3
daxofdeath,1
guyjarvey,2
JohnMakesHisMove,3
ATOMxTHExGREAT,13
aezo,1
Bluecattledog,3
mathewcollier654,18
vonmann,1
DyHydrogenMonoxide,1
Zooshooter,3
hippietwinkie,1
disappearingbag,2
TMHF,4
remxei,11
VT2016,4
ImS0hungry,9
RojoNinja,11
Gavin_152,23
SpoonWars,3
Lythp,3
Aximili55,1
narfaniel,3
twistedcircuits99,5
quarterwrest,4
DaBlueCaboose,4
scfoothills,3
Cactuas,35
jumpstoast,1
sksmith66,3
dentedvw,3
FittersGuy,4
pippx,3
desull,10
skyshadow13,3
infazz,6
tyoer,2
jihadJoe76,1
throwinshapes,3
RupeThereItIs,3
zealander,2
PariahArtsLtd7,4
theholyllama,10
syzygy033,3
strikeout_anywhere,3
sktsunshine,5
shut_the_fuck_up_don,11
audioscience,32
ChocolateBaconBeer,3
muddypaws,8
TaigaEye,8
AEB9B,5
NotSoVacuous,22
Sahasrara,3
DudeJesse,4
am_i_human,3
taelor,17
PhroztBite,1
Sungshine,3
I_will_just_say_it,4
Gringo665,3
greenmikey,14
Mycotoxin,2
cabincorp,5
brazosrr,3
Dwgystyl,2
rickyho27,5
JpSax,9
Barcade,1
Mountain_10,2
hotelfoxtrottango,5
psycophreak,3
Measton42,1
uneekwahn,1
CRMannes,3
dorkwingduck,2
CedarWolf,4
strocknar,16
rtaylo,15
insane_shaman,2
deltabiscuit,12
dokupehakase,1
RickMuffy,7
welhunghammocks,3
BicycleOfLife,6
kcsquared,2
gorillagnomes,2
fabos,1
mlkandtoast,5
dstolman,3
BigDildo,2
GoldenHomie,2
HippyWithaBass,2
fatcat125,4
Quteness,4
60053,2
Jhacob,4
arth33,1
TK44,5
stinkypinky12,1
fullfrontaldisorder,7
6gentexan,7
tame_lx_tech,1
Sponcxx,3
mrcrontab,4
b_swan,10
Deloox,13
Rabbsit,1
guitarplayer0171,2
elwood2cool,2
elligre,3
the_foxy_cow,1
patiofurnature,1
leostotch,6
emilydlu,1
ziggythebear,2
pen_name,3
LabRatsAteMyHomework,10
FakingHappiness513,1
Robin_B,1
berynizzle,1
Reinoud95,2
slapadastic,6
greenslicker,2
SWFLkayakDude,2
No_clever_name_here,4
WBuffettJr,1
shatteredverve,2
merrytimes,4
saddletee,1
ReallyWeirdNormalGuy,16
RobbiWood,4
AndyBennett,10
BeastOf13urden,2
messijoez,5
MyLegIsDisgusting,6
bromated,6
aerbourne,6
catsthename,1
eclectronic,1
leonardicus,4
seriousjake12,3
AcidPope666,3
MidwestJackalope,1
DrewTheHobo,5
Noissim,2
disphagia,4
RimbaudWannabe,1
0neAndD0nemaybe,1
Janky_the_Shiv,3
TheMoosePapoose,6
dummey,5
frozenropes,1
average_AZN,9
Th3Dux,4
bobjohnsonmilw,2
pakinrhymes,2
BuddySheff,13
notalwayshere,1
ktmkid13,7
AllanMankato,3
HB24,1
trumpetstu,1
yalittleweirdy,1
Str8Chillin,1
gsav55,3
The_Poo_Kazoo,15
deafchild8113,1
pancake_cockblock,2
niceman123,12
Drivenwake,3
ElementK,39
Bywater,1
LynaM,4
wrdjackson,1
lookatmycamels,3
wind-raven,2
davidrools,1
desertUsuf,9
TehGogglesDoNothing,25
Not-God,1
Christof3,61
santragineanseawater,2
johnwayneblack,40
Starship_Fighter,1
mdfacciolo,3
swaggus,7
Unknowndemon18,5
AFlemeister,30
Dilled_Dk,4
Fuck_the_police,3
bccarlso,10
banjoagnostic,3
K_State,2
Onlylikesblades,2
jpjfire,12
Genghis_John1,4
ItalianBaker,4
Mitman1234,1
b3lbittner,1
BooYeah8D,1
Stagehand_Paul,1
srosenberg34,3
thestapler42,2
impycelyn,1
BrainGr8per,6
suds01,9
liquid_Distortion,2
asplodzor,3
GhostLupus,4
jimbopalooza,2
neg8ivezero,4
ivegotarash,1
CarlofTime,1
Vladimir_Jr,3
Thepher,15
Krigter,3
FarkyFark,5
deepeyes1000,1
allthrust,5
izpp,1
phoenixgsu,3
Socrateezz,2
DarumaRed,2
mlsherrod,1
hot_hand_Luke,4
pepetito456,10
greentrojan,2
weezymagic,14
elusive_one,7
GoGoGadgetPants,4
sheaness,7
kinorob,2
landonrobinson,4
eastcoast77,2
championship_tshirt,5
PawLoRado,3
Pyromantom,4
quintios,1
legos_on_the_brain,3
YepYepImaRep,3
84626433832795028841,4
iamryanmonk,1
stapist,1
doublevariable,2
killubear,6
one_time_on_reddit,1
cullen9,3
dullyouth,7
puckfirate,18
ryandangersavage,3
craznazn247,1
DemUpboats,1
BATTLE-BEARD,4
RolandKa,15
Chilloutyo,1
Truegod,5
Percontation_Point,7
theodopolis13,12
aclem08,1
13Morton,1
humanwithhumanity,1
whatyouth,1
longwhiteclouds,6
2cmac2,1
bittropic,3
LetMePointItOut,26
grantizzle,30
vincent_van_brogh,3
nothinginit,2
Fenderguy314,2
theportablehammock,1
DocBrownMusic,1
lovevolcano,3
regolinick,5
wikiguy,8
PM_ME_YOUR_BURDENS,3
applethree,6
speakingcraniums,3
14piesofjoy,5
Icanus,1
Mayortomatillo,1
reuscam,3
jeddy1011,1
notouchinghairorface,5
DinoRhino,4
snowdrifting,1
redditdiditred,3
mxrisa,7
Yellow_bananas,1
JoshRichardson847,1
Skittlebrau46,5
FreetodrinkSR,1
Spartan051,2
wontworkstupid,7
stellarguymk,5
McGravin,5
ayyogalileo,1
monolithe,3
manghera,2
GrayHatter,3
TylerRich117,2
tadpole332,3
mdcharmander,1
loligol,1
numbatree,1
mgcarter3,3
baby_mike,3
kozlak_,3
Shotgun_Ninja18,3
Taurich,5
ilikeeatingbrains,17
brace4impact93,1
vatothe0,7
zeppelinism,5
IhopTheBaker,3
Alendrathril,1
DizzleDe,1
bschmitz776,10
snarfu,3
justjeepin,12
toolidiot15,4
judsonm123,4
Kamikaze-Turtle,16
Nick-A-Brick,7
rickycodie,21
esku75,4
tcmaresh,6
AlexanderLance,2
dagmar31,39
Daltinoloco,1
terrapin7890,5
Sketchy_Uncle,15
jedrekk,6
penguinpill,3
dasTierMann,2
Ryguyy,6
GaryOldmanrules,2
RaynorShine,6
McMagic,2
HeyRememberThatTime,129
andr3wbx,1
kevlarcupid,13
Wisqi,4
tinyOnion,1
NicoleMichelle11,2
Oldschool64bus,2
TLDanny,8
seege12,3
superdiglett100,2
fondots,3
kmartburrito,2
behemebash,2
riverad1172,3
Itsabudlife,11
joeblow1102,1
partywiz,19
Nothing2Fancy85,1
joslopy26,1
PikKirby,1
Dumpster-Fire,2
j14vv,6
Nrack2,6
jaxnmarko,2
Kaarix,1
occamsrazorburn,4
SuperLobster,1
goldbefound,1
marinersalbatross,1
aarjaysee,8
Aforcedfart,10
drummel1,1
0neir0naut,2
chewinthecud,3
djsoftpeaks,2
MyUsernameIs20Digits,1
cdadamo,4
hluap,1
Sonic_Addict,3
_Benny_Lava,2
Vintage_Loat,1
tape_measures,2
snowbird122,1
MacAndCrees,2
fleetroot,2
mayowarlord,10
Axman6,2
hogbase,7
The_MadStork,6
hegemonistic,1
Nomadic3,1
olsmobile,9
spylife,4
gammacg,5
Graybealz,6
Woodstockbp7,1
SmilingYellowSofa,3
hunterthing,1
PancakeInSpace,3
GenDepravity,4
original_4degrees,1
2_4_16_256,1
g33kgal,1
noeatgreens,1
Iamninjaronin,2
inheresytruth,19
Xxapexx,4
dingatron,1
jhturbo,1
tunedout,2
3ld,1
iCannotJuggle,10
recreationalmoeron,1
sirdevinstine,1
tbag12,6
P0x26A,2
Nevertrustpeas,4
Frimsah,1
Nalamai,2
Bandude,9
Das_Low,1
me_poosta,2
biggyww,47
ryleth,10
BraveSaintStuart,19
90harper,6
unseenarchives,4
Brer-Rabbit,2
tophOCMC,14
Grand_Wizard_Juis,4
guerochuleta,1
Rockshurtmyhead,30
Skoden,26
chiggers,3
tenfeetsouth,1
booyatrive,3
MightyAphroditie,2
UrbanSound,5
faceny,23
nicktitan50,4
scoutguy,2
ellevehc,1
drthos,3
seemefly1,9
dumbvestor,2
boulderbof,16
rorowe8,1
Kalthia,3
651997000,2
rudderrudder,8
xoria5,3
longlastingthrow,6
sloedog,5
ibroughtuamento,1
aspiringtobeme,5
rogue780,9
pineapplechunk,1
XxBurntOrangexX,24
macotine,22
ThinkNazi,9
powerspank,3
PM_ME_UR_NUDE_TATS,3
Frackenmoose,1
TheBestJohn,3
sailingtoweather,1
InCraZPen,13
UnlnvlslblE,1
BroThelonious,2
Wicked_Wookiee,6
redditandweep7,1
ecoshia,2
dmaynard2013,2
rincon213,1
Le_Renard,1
cpverne,3
cyberjedi42,5
GoForMe,5
figureinplastic,11
Toastmaster2000,2
Lapele,1
Lomky,1
mazondo,1
xtjohn4,4
JBudz,2
CentralCalBrewer,8
SailHitler,6
butt-munch,1
jewjitsu121,15
gortonsfiJr,1
AliceA,4
pio64,3
TestSubject45,2
McBeefyWellington,1
wildernesswarrior,3
FridgidNawts,1
mohawkbrian,3
Exoergix,1
Terminal-Psychosis,1
Kyne21,3
youhavemyaxe,10
bookishboy,2
hammocks4life,2
blamehoffman2501,1
twinkle_44,1
DabsJeeves,16
paradiseparadigm,3
byoonbyoon,4
pigeon_soup,4
CruxMove,1
Montezumas_Revenge,1
Like_Water,4
Cyglml,3
lucasenginerd,1
Sasq2222,4
moneypilin_imcheesin,2
TTTMHAMMOCK,1
wtg11,2
necine,1
NoPatBadPat,2
upinatdem,2
BlazedSensei,3
Mflann41,1
sfbing,1
MoominEnthusiast,3
joshreid45,43
HittingSmoke,11
SUCCESSFUL_DUDE,19
DigiSmackd,5
ghostofpennwast,5
usherzx,1
prawn69,2
theiowegian,2
jjr2527,3
unabletofindmyself,1
NichtLebenZeitToeten,5
Jackdilla,6
HtotheZ,8
farmstink,1
somniusprimus,1
big_fat_sellout,3
relinquospes,1
benbarnesatl,5
Yrrem,3
ArmoredFan,8
ParticleSpinClass,7
josephgene,7
medicaldude,3
bhudak,7
perpetualpez,1
thallada,1
caveninja12,2
opekta,5
Beer_Is_So_Awesome,5
fortcocks,2
fatshits,1
jingerninja,1
fwertz,2
night_on_the_sun,2
ConcreteBackflips,1
keeperguy64,2
Kwalton839,2
hacksawbenthuggn,3
sunsetclimb3r,4
kitkatalyst,5
rext12,8
rgoviatt,3
BrowncoatDoctor,3
lizlemonpeel,1
OmniSpyder,1
The_Cookie_Crumbler,4
awittygamertag,10
Citrusface,1
petrek,6
Sepphynne123,1
r3tr3ad,6
Potential_Pandemic,6
Quod-Erat-Demonstran,1
longhornfan3913,2
Skyler72,2
ETeeski,2
CHIDJM,10
unicornhappyhops27,2
jmonir,4
EvolvedFire,11
LatinHoser,3
SourMolar,1
not_just_the_IT_guy,2
ajverster_,1
Idlestallion,1
Firesquid,2
unapplauding,3
scientifichooligans,5
RoboNinjaPirate,29
amishjim,9
BostonSwashbuckler,1
rbl1,7
tw0bears,13
discovolanate,4
booger_sculptor,3
algernonS,2
mookdaruch,3
whytetodd,4
onFilm,4
thisoldfox,2
wkukinslayer,4
pyramid_of_greatness,12
fancypantscharles,4
rodney45,3
alixer,9
Texaz_RAnGEr,8
Tridickatops,1
yunomakerealaccount,1
renewedhope,11
PositiveAlcoholTaxis,4
akingkio,15
JamesLLL,2
cgaston,5
Purple-Is-Delicious,137
txBuilder,3
theonlynamethatworks,1
sn44,1
mrgermanninja,3
Duckysaurus,1
Hydranis,3
Neverborn,1
LCDJosh,5
drewbymydewby,2
fuckingsamoan,5
patrickkevinsays,1
greatsequoia69,6
Toasty337,3
dougalcorn,2
nocatzplease,6
theforecast,5
crazytelly,3
NiceGuyJoe,1
ChristianBundy,1
nate7181,3
justausername9,4
edawg0803,9
SWgeek10056,1
AZTF,2
sdtp,22
fausto240,1
thingsomething,4
sTigre,12
unidentifies,10
isthatmyusername,1
hellrunner,1
Sneezer,4
illeatyourheart,1
lostmimic,1
bigtimer777,1
DoormansPlacebo,3
Imagoid,3
Ptuchinho19,2
Bandeleros,8
OMFGitsBob,1
feembly,4
k-level,8
Head4ZHills,1
merrell056,4
JPeterBane,1
Anonymous3891,4
shotgun_jim,1
Wrex68,4
sydblack,5
windlight,3
BarkingLeopard,1
Gunski,11
Franksss,7
BeatMastaD,1
RoentgentheCrooke,4
Minimurrz,1
Fr0gm4n,3
tenftflyinfajita,5
43stones,1
phreak9i6,8
Bv4pbhar,2
Iron-Oxide,6
EatMoreCrisps,5
carterirons,1
sailfaster,1
jarc1,2
johnhasquestions,1
phildeez316,10
seattleroots,3
a_very_stupid_guy,3
zpollack34,3
retconk,5
lomawner,6
mongolblue,2
The_Dirty_Carl,1
Harry_Seaward,5
98PercentChimp,4
alphalightningbolt,4
MrBig0,25
bbetty,1
NightSlider,3
Gypsy_infantry,8
manatreepose,4
yurkia,1
burgerfucker,1
Demoted_Axel,7
cobramaster,3
ThePenguinGod,7
__helix__,12
abnmfr,24
Monkeyleg,2
Jeffrey2132,7
3myth8,1
joeposter,1
untz_untz_untz,1
thesoundman,8
IDontGetItBigDan,4
scorpz100ownz,2
laxfanman119,2
brentpatterson,3
Moseal,5
NarwhalSquadron,17
glad_b,1
purple_moss,1
battle_cattle,13
Purplegill10,4
abeldanger,5
Int21h,3
shmelly--bawls,3
slugabedx,6
OMdoubleU,3
jflint,1
soulcaptain,3
ngalfano13,9
MSW_21,2
alan_fissure,12
ebosh,1
Corgi_on_stilts,6
greaterscott,4
PootyJuice,2
yurnotsoeviltwin,1
davidisgreat,1
Platinum1211,9
OneDimensionalVector,4
YourWifesLover,6
HowsTricksMurphy,10
guiltycitizen,2
Scherzkeks,6
massDiction,6
imaginarynumb3r,15
blanquehador,5
nbouma,4
TrustyRusty22,4
Ckrius,5
tomcatfever,4
TuckerGrover,4
djcamera,1
jaaykidd,4
heckyesgainesville,3
slothlovechunk,2
smow,2
nomercyonlyviolence,3
LiveJay,1
Juhzuri,1
Mologna_,1
Dwood15,1
Grok22,1
NHClassic30,1
Foxriding753,8
Chevin,8
truescotsman20,2
SarnXero,1
swampwalker906,8
gasham,2
Freakboypb,6
theworsttasteinmusic,5
escape__earth,3
Creedence47,1
Spacey_Stacey,6
Shruggle,1
the_rammer,2
Joeyfingis,3
Vaughnatri,2
arb1987,24
shitasscuntniggadick,4
falcorethedog,5
BigCarl,6
justintime516,18
seedmole,12
Charles_Unchained,2
Hygrocybe,2
OpenWider,1
aceat64,3
norephus,4
MacoBrew,3
difilippo,10
stefprez,22
Osulagh,51
GATA_eagles,1
GreenBrain,3
B3NLADI4,1
rottenpossum,10
wipeouthumanity,4
Azrolicious,7
Cardiobadassculature,7
sixtyfootersdude,3
HMDG,8
iamfreakingdeaf,4
King_Reptar,2
Thrifticted,11
zebaronraja,2
greenleaf547,3
mayikillhim,1
neicie,2
MrrrrSparrrrkle,8
H20boardinstructor,7
CubedFish,1
ijustsmellcandy,2
The_Biggest_Bunny,1
Ricktron3030,1
TheFireMachine,4
Calvin_the_Bold,3
Hwy61Revisited,3
ErikofRockford,2
Zorro_Darksauce,5
Matchstix,1
iron_grudge,15
KWalk12,1
woodfireshino,1
GoPirate,4
Dc5e,10
patrikas2,3
rianeiru,7
mountain_man56,13
salgat,1
yourenotmydad,8
autovonbismarck,3
vaps0tr,3
Moon_Mist,2
Firebert010,16
Beseb,1
wambooo,3
fxk717,1
dominoose,3
hanz386,4
ledge_and_dairy,6
liquigellin,1
Werespaz,4
asiag0,2
airvin12,1
Jeemdee,1
nolaphant,5
texsurfin,1
ging3r22,6
petrichorcandle,1
freenarative,8
username,1
Amommymous,3
Torisen,1
Kimbenn,1
postwarcomet,13
extra_wbs,2
rojomi5,2
mycroftar,2
vitoreiji,5
HighwaySixtyOne,16
elevatedmovemENT,98
The_hikky,2
ashfleeburgooben,1
alwaysbevigilant,3
cccarter22,3
stanspaceman,37
drew_a_blank,13
poop_scoop_mcgoop,1
comradecrunch,3
DrLambchop,1
bnkls,1
wookiemaster,3
arczi,4
zorkmids,4
draggingdownthebar,2
Flying_Yeti2,15
seancarter,7
HelpImOutside,8
RynoTheNoceros,2
some_whiteguy69,1
4thearth,4
Pteromys44,1
deck_hand,48
_JC,2
ASpal526,4
ryan_avery,2
Tripdoctor,2
tekyfo,1
Stitchmond,2
D3fault121,2
campcookout,1
joeltrane,5
Bill_S_Preson_Esq,4
meggyver,7
ballpointpenn,3
knucles668,1
heres_one_for_ya,8
subhumann,1
wander_woods,1
spacedingo,1
scottawr,2
DeltaCypher0,2
JCDiekman,5
klepmuis,13
Mateles,2
thegreatjesse,1
wookiesuit,11
emjayt,5
ezshucks,7
theblingbling,6
Raptor_007,1
PDavs0,1
mrofmist,2
FredCompany,8
tboatless,1
notyounow,2
xplorer_sc,4
machex,1
Zwarbyt,7
hellomynameistimothy,1
Remember_dnL,4
splatterhead,16
Th3_Sw4rM,2
earthsandwich,3
htmono,1
TehPrawnz,2
hevnshandgrenade,16
Snuggs_,3
itsjustkeyrock,5
hellmouth,1
dale0607,1
BEHIND-THE-WHEEL,7
Luke_Warmwater,14
Ramrawd,1
secutores,1
techrat_reddit,7
conor_goggles,1
upleft,4
KW0rk12,5
barfingclouds,1
ho0k,8
Wokkin_n_Wowwin,2
Fat_Horse,3
twinsfan55,4
bpwnz,3
VTDoubleE,1
chetter72,3
Airatak,1
ubetchya,1
vocherro,11
AmbienDreams,2
Strat179,2
Autodidact2,18
eeeyawn,1
Swype-Without-Delete,1
mr_canoehead,26
Mountainbillygoat,8
SemiProfesionalTroll,9
The_Freshmaker,4
JohnThomasSteakhouse,1
ballison,2
fuel282,1
drusRN,1
TriplH,1
kankrata,1
lancastor,1
Eucalypteae,2
tarqua,3
e_2,68
cmykenny,2
bluejuniper,1
sirron811,3
Myshoppingaccount,1
chillchamp,1
HappyGreenMonster,1
drell_,2
lazypunk502,3
gnjones,3
watchthenlearn,13
RogerShakenbak,2
gnib,5
POTATO_IN_MY_DINNER,2
GobbetsOfAnus,5
Ted_Buckland,1
THE_BOKEH_BLOKE,43
intrepidse17,1
zakart,1
Numl0k,4
Wharfmasterdizzywig,2
nmoat,1
pizzainsteadofblood,6
MrDeepAKAballs,3
ruzmafuz,5
shenuhcide,4
BigBrandes,2
icarus_flies,1
fenrisx,1
EnvynLust,24
oureux,1
rslashreddit,3
MachinatioVitae,4
rholm715,1
Pynchons_Rabies,1
bumkty,3
squeaki,7
shoangore,1
FigMcLargeHuge,5
minirova,5
Mathayus,1
Forbichoff,8
Bobock,1
hippybrojoe,3
golfmade,2
Mayonaiize,7
royalexport,4
highpack84,6
Charlemagne712,16
GnosticMoron,8
blue_arrow_comment,3
emmettfitz,18
marcusarealyes,3
AsRegularAsPossible,1
Sedated_Cat,2
greeed,2
ShakhNar,3
hbrabham,2
IANALAMA,54
Tsamps,6
aurorarory,7
Catabre,3
JBU_cheer,1
Benny_Lava,3
bigblackhawk69,1
emptyflask,1
mack_1,10
Kryofaleyur,3
dvdanny,11
John_the_Piper,17
mcvays,1
50shadesofcado,1
jonathon8903,4
Lumpensamler,11
calrinet,17
pr0t0n29,2
haleydaydream,1
BeltWieldingDad,1
PandaHippie,12
joejones11,4
pw9897,2
drinkdrankdrew,4
Llort3,4
jeffco555,5
ktwelsch,1
battletux,1
BreakFarst,7
SGallmeier,15
iamphloyd,2
popsiclestand,1
lolbbq,4
IDontFuckingCareBear,11
Soundmantom,8
my-real-name,3
jbroome,3
Guano-,1
commando678,3
GettinThingsDone,1
dual_sport,7
coyotebored83,30
XadaGear,5
duped88,4
TravisJason,6
rewtman,4
dalittleguy,1
avalokitesvara,3
melez,1
embryophagous,4
ConeFails,1
penguinv,2
redsoxgrl34,2
sluicegear,3
atm5426,3
mltinney,1
ungratefulPOPE,7
devilbird99,2
CagedChimp,7
Epledryyk,7
McNeese,1
SirBentocus,1
WiseSurpirse,1
BingityBang,3
rekcut,3
BillBillerson,5
enobale,1
catbarf9,1
dudeimcole,2
ChokraKahn,15
Stajdanley,4
MrCraven,5
AdamAndSteve,3
alpha_42,26
peafrozen,1
MDiddy,8
webrebates,6
Seb_Wahlhuetter,1
sirsteezy,1
fox-in-socks,1
Isoprenoid,1
mikevember,8
cupaqueso,1
TheNakedGod,9
betaincident,2
pokezrp,18
Ramblin_Rod,15
savageotter,13
DubPi,3
noahschultz00,1
tunack,1
guitargodgt,1
marsparspie,11
Fecal,1
laponne,2
IrishBro,2
UserUnknown2,1
jujyfruiter,6
TopShelfGenericPizza,2
basiljohnson,6
charliedarwingsd,1
PotatoCasserole,2
tnvol88,6
dreamatoriumx,8
FireFox03,1
MobiusDicks,6
Rochefort,8
vingt_et_un,6
rgill7926,5
InTheBay,3
Midnightlama,1
bearblastingg,2
BigJeeves,3
tha_gingaa,1
sharpie_vandal,2
TheOtherSomeOtherGuy,2
Sheriffbones,3
13r4x7on,3
Fysio,2
Blasturtle,4
evetsabucs,1
rmull,10
invitro-dear,3
stevenminty,1
northernpenguin,4
Ford_Prefect2nd,1
hippz,2
Baadec,1
Fat_Head_Carl,21
gotem1234,1
lovelyEVEnings,7
reallifedog,27
thirdshuttt,9
starklissa,3
scivias5,7
Khemist74,2
dirtybillclinton,1
Kurisuchein,3
EMTJEEP,4
tittleton,1
edgecrusher007,1
turgid_rooster,7
Jessev1234,13
westcoastsailor,1
weeniall,1
BosoxH60,2
atetuna,13
metricinch,10
skatastrophy,1
trumpleps,2
patron_vectras,2
The_last_avenger,1
freaknunu,3
Tubz93,6
SuperMag,2
darcstar62,2
WDoE,3
soggyscantrons,1
GreenScrambles,1
schoonover_mr,2
batquux,2
Drillmhor,10
Migz968,1
ABundleofQuarks,1
floppybutton,3
1stCitizen,1
Dreamliss,3
takgridor,4
Het_Belzia,10
PlaySwimThink,3
dreyco,2
Chinook700,1
battle,2
TinyGymMouse,12
theryanmoore,6
RiotShooter,1
whabt,2
sideshow9320,1
Reckless42,10
Beardedkid,4
xtemplarx,35
soulsizzle,45
BangGoesTheSilence,3
mossybeard,4
shitcuntmcniggerface,1
stokelypokely,1
Ace-Ventura,5
cosmicfloydster,1
funmnemonic,3
lamasnot,3
squidofhearts,1
beardaficionado,2
pipe_creek_man,2
ips1023,10
pirateskatch,3
charlie82,2
kiggidymao,4
FatherSky,1
quinncuatro,4
pdxtoashe,3
dangerousdave2244,1
defeldus,5
ThisNameRhymes,10
envoy1234,2
zacforpresident,2
Simplyhenryy,1
FlyLikeIcarus,9
JamesFrancisRyan,1
fleschmmeister,6
codyaphoto,7
mornsbarstool,86
theideanator,5
jmstallard,15
NCXYRN,5
Gimmick_Man,11
DickBaggins,2
Walker_Mcd,2
imaweirdo2,1
cs0290,3
BGoldringer,1
redfiftyfive,2
mengelesparrot,6
MattMakesMusic,3
heyuguuuys,3
shitsbrokeyo,29
Esploratore,2
themightygresh,15
I_Quit_Reddit,1
mundusvultdecipi,1
Humneso,14
schuppaloop,1
Nate561,5
Antal_Marius,5
ksot,2
ididnotdoitever,2
osulumberjack,6
coderqi,2
Dapper_Raptor,1
Ultimate360kid,6
Topplestack,9
Cspun,1
alwayskickinit,1
edubs4,2
grows_food,5
posermcgeee88,2
mathollen,13
Chanstheman,1
1921,1
Canuckarican,1
r33beers,3
ahandle,1
brennancellis,1
pirate_doug,1
Evan503monk,22
omletz94,2
FunkyFreshJeff,1
eddiec02,4
Oakam,3
Black_Lab,2
Randorii,5
Adamesh,15
asymmet,2
terphusker,3
CANAJEEP,1
Dohne,2
JiveFoxyTurkey,3
BeardToast,11
Pr01efeed,3
fellowtraveller,3
Teddy_Raptor,2
M5WannaBe,1
ClassySalmon,4
Indian_Creek,1
rbr45,4
Highbros,3
tokintoken,6
MACAMN,1
Hudsontek,8
the_fern386,2
Sgt_45Bravo,7
Gavinmgraham,6
fwbane,2
AndrwPlsn,2
bobgengeskahn,1
mustbemayhem,4
klausterfukken,5
Landoperk,1
Tvix,2
ridthebeast,4
IWillEatYourChildren,2
Choanov,12
hero_of_the_story,2
ike54ato,4
Fluttr,7
mikeyBURN,3
sescallier,2
FrozenVolume,1
dpuls,3
onwheels,5
jwigum,1
naking,7
droofe,6
SpinnyThingy,1
Rando467,2
ranger_ric,2
Bigman675,2
Phant0mX,4
0ldgrumpy1,8
samuel3223,1
Fred_Blicko,2
kimchi_station,3
ketguy31,3
maliciousone,18
dogwatchiscurtailed,4
CyberFreq,1
LibertyFtw,1
kelhamisland,9
monkey_king__,3
lajmrj2,1
Hytanthas,12
Aprice138,1
girafferan,1
ZomBee08,6
MrFluke,9
Socratesticles,4
DoktorKruel,13
KuriousInu,1
noeljaboy,3
brochaos,112
Syoco,2
ed75201,1
monkeyisland2,3
ChickenNBasketballs,1
sachfm,1
CouplaHosers,1
UberYuba,2
saccamo,5
sexinariverwithu,1
PhishFoodPhil,9
Muton_Chops,1
lyam23,7
Corrupt_Reverend,14
_nich0las,2
mattovertwo,5
Skaught,3
Universe_Man,13
Marcus_living,1
spurgear13,2
Apocalyptic_Squirrel,7
zouave1,6
lolthisismyname,7
princessandthepee,1
rusty075,6
StumpyMcStump,16
HungryHove,1
Something_Nice,9
Im_Done_Thats_It,4
cheekyandinked,1
fancy_pantser,2
Tobl4,4
gishfang,1
The-Stranger,3
savetheswales,1
erdle,1
Shawking,1
tajwk,1
craig_j,1
weta-,1
Lilyanch,1
clymbTheMTs,2
irishjihad,22
mlady420,2
slohner,1
dimmak,2
hunglikeachimp,6
alansamigo,7
Corpir,1
naturavitae,1
AmbitiousBlues,1
eventhorizongeek,4
badaimarcher,4
brewspoon,6
Christopher_,1
guerilliak,1
Beepacker,4
tomatohater,15
DenverTiger,6
Raidicus,3
hermieburger,1
davegotler,3
technobrom,9
NOBODY_SAY_IT,4
benellinovaguy,2
bigassnose,2
Oiggamed,1
WHATEVERS2009,2
if0rg0t2remember,6
matthewrozon,9
BrianFranklin,5
d_cas,6
MentalGimp,1
DJBeanieBaby,1
KINcudderz,1
Paully_B,4
slanket,6
scottphris,2
Sideburnt,4
Jay_Bean,1
psg_onbar,11
Brennanhuffsnutsack,1
darthnadar,4
jstef,2
va3oso,5
obommer,5
schizometric,1
treklight,9
saluisa,5
RustyTaffy,2
dag33k,1
Burn0Things,1
asa-spades,4
Frolickmeister,13
beanieb,2
coztimo,1
anvilparachute,1
braddit87,1
Zenthere,5
jone1923,2
dokumentamarble,2
brandnewrock8,16
Hippotamato,1
misterpok,3
Tom_Servo,5
HobbitLass,6
TiredMarine,2
on_thegrind,2
Im_Here_To_Learn_,3
PirateMud,7
trustybadmash,1
dyse85,1
killdannow,2
guide42,3
twynkletoes,1
southmshavoc,1
jimsheafer,1
MonteVanChristo,1
furqoff,1
IveMadeAHugeMistake2,1
LOLmodel,4
kenderken,1
takieyda,3
Pbplayer2327,12
imnotfeelingcreative,1
cretodecristo,2
Sanglier,2
xshad0ww,2
EvaUnit_1,5
thedopey,6
The_Terrydactyl,1
fanelli,4
egyeager,1
KDirty,1
iangoround,13
gelatinous_poot,1
Bubblebiter,3
autistic_aquaman,1
caffeinemakemegoWEEE,2
thewiecz,1
_the_dude_man_,2
jerry_rigger,1
ATElDorado,3
UntitledTravels,6
ginlas,2
HisDivineShad0w,1
-insignificant-,1
williamcmoran,3
crunchymango,2
Mrninjamonkey,16
Weirdire,5
jackysacks,4
mikethemofo,19
Peregrine_Sloth,2
balgarath,29
GeekBrownBear,2
chanlonxp1,2
reyomnwahs,5
femure,1
kayakerjosh,2
drunken_ocelot,2
irish1185,1
unreqistered,12
JollyOlly,5
HulkamaniaHogan,3
ken579,2
EmLeingod,2
laplingroaker,5
J8307,5
OddTheViking,4
boblablawslawblog,1
nomorehairmetal,4
sandalscout,4
--amber--,1
rocknrollskwurl,2
GoodNightTakeABite,1
SCwader,1
Christophergish,2
punkfunkymonkey,1
Armerad,2
Gannoli,1
meshmeld,2
kodozoku,7
McBlaster,31
pm079,26
BelligerentBacteria,5
cno3117,3
loosersparadise,1
alexmanrox,7
Semi-correct,1
kyleisthestig,19
waden,1
richicrow,1
Robeauxcop,3
theGirk,1
raftcat,1
gorgewash,6
Outers55,9
pil4trees,1
king_of_the_county,4
redfrobro,3
Fresh_Weed_Executive,2
schusse,1
adandyguy,2
penguinxing,4
elliothtz,4
stop_movn,2
Shock_Hazzard,4
aSmackofHam,5
ryuu55,7
sassysaucer,1
Bloopiggy,1
HappyLeprechaun,5
_PISTEUO_,2
nitrostudcap,8
Carpski,1
dragdor,13
shawnthenutt,1
vinnard,5
nightwindelf,6
deadsunrise,1
encrypted_genitals,11
byronjstevenson,6
thisisnotme992,1
tmthykrgr,1
TheGreatAntlers,24
SonicSpoon,1
Bizzaroworld725,1
launch201,8
Touchy_Bob_69,6
joshisnthere,8
maafighter,1
moneygarden,3
Stemps,1
realslacker,35
asunderco,15
Slicxor,5
Lizardqing,1
Prerequisite,6
rlthug,1
badaja,3
belleri7,7
little_lizardpenis,2
iPackChutes,1
Megary,3
saintbrodie,1
we_can_build_it,13
astrofizix,13
z-panda,1
thebrassnuckles,1
magicjamesv,1
ARbldr,2
Nouik,3
red3eard,3
ChiefWookieDoctor,1
FireRetardentApple,15
justinmphoto,9
MedicTech,1
seventhsaturday,4
PlaysWithMadness,3
