Username,HogwartsRP
Jabster190,8
Hjgduyhwsgah_RP,130
Daily_Prophet,4
HogwartsRP,9
Lord_Hemlock,52
Elmalilalimes,70
ludvigflotra,4
DolphinDoom,30
SlytherinRules,4
alanatheclarkie,2
aster_vackert,154
Mufuzzi,15
pagingOMG,13
2Bor_not2B,3
badass-hufflepuff,7
MyschiefManaged,1
vinniejay,6
nott_a_troll,3
flashfires,3
shakalakaboo,28
LumosLightens,9
MattNextus,8
bookgirl14,2
ProfLoki_Isfjord,14
boomboxboomer,12
onlinelurker,9
miilkyytea,2
Vorami,5
NichiKuronomi,3
Maralinda,34
king_kalamari,129
Parkouria,14
Giraffesarefun,8
Little_hat_logan,35
happy-falstead,9
Mattisverysexy,1
roaddogg,44
thelastone3408,14
Cersei_nemo,28
Snakesquares,17
Hufflepuffleness,2
sibyllineprophecy,1
weepingangelofmusic,21
AvalonLight,12
dragonzflyte,1
HumanSoul,25
Gold_Snitch,10
diviteach,9
thelaststarfighter01,8
magnificent_munt,111
Wilorr,3
fours_company_too,16
Party_Packowski,12
vfadams,1
Blueberries101,1
aseaofcalm,35
HalifaxStar,21
RPAccount76,93
CavemanChris,1
frankdatank35,4
Geebo10,9
Roy_Winters,42
CuddleBump,2
Loki_is_Love,1
Natefra,2
Mads_for_you,6
SubDummy,10
quicksilverfrost,1
DontEatItRaw,9
kramer0022,1
Potter_Fan,13
HRP_Sorting_Hat,60
originalazrael,19
Starfireoftamaran,8
Saladfingers_love_me,1
Chilli_Cheese,2
BadWolf100,15
Emily_Herbert,8
slonewolfe,5
RayCobaine,3
RPAccount67,23
Roger_Carman,4
MLP4eva,16
Dabiyyah,2
Gridley117,157
Pnforlife,111
juukebox,1
salocin097,1
TithaMason,2
azraelsdouble,14
Sentient__Cloud,1
MAyanator,1
rolldownthewindow,1
the_stormborn,14
SheGaveMeACupcake,2
Professor_Styx,23
MsMastodon,38
Stikking55,10
echorevelation,1
baconator_king_OfAll,3
Henry_Schnotter,1
HannahBaeWeasley,8
L-ily,11
LMD-,6
youreyoureiswrong,2
Malik_Madness,18
LazyZo,1
iTimeTravel,2
iWhovian,12
OliveNinja,11
thealiasone,15
fallingonthefloor,1
elphieisfae,122
DaveYognaut5,15
HRPGhostBuster,9
Rubychan11,5
teddalego,9
Kloves1231,12
OliverTheWriter,1
elphabaisfae,144
Xxsabertaime,10
Guy_Named_Riggs,1
Dark_Angel13,1
Korkinator,4
dyaviator,5
thunderacidstorm,16
curlycurtain,13
RedEyedXaXa,4
th3davinci,18
actressswag,1
HeyheyheyLOLZ,4
stormlink,16
renegadeprime,111
PJ_dude,11
fencter,20
RPacount,1
pacman0129,14
kissmeibeirish,5
xterrestrian,4
calpollion,1
hydrosis_talon,1
iamnumber-4,10
elenagoodrow,1
ElmaNore,127
darkmayhem,127
hewhomustnotbeforgot,4
hamsta5,10
EmeraldLight,179
Peter_Panda_,13
Hanaly,1
ChrisJWright,81
EmmaLeah200,2
Buttcrackis,11
grimmster-,12
Prof_Demetria,24
Adeline_b,17
drunk_goldblum,64
CamperGirl,25
PmMeYourLittleFinger,11
benzasome,27
WhitewaterWitch,9
jabjones,5
OldGodsAndNew,1
Wedonegonemeta,1
just_hereforthe_RP,8
i_am_munt,9
devildog123,6
Kage_Majikku,45
DeuciferRex,7
RP_King,25
MischievousMeh,7
MacDoesReddit,2
SpendsKarmaOnHookers,6
LittleMissMoppet,5
Jazzymon02,2
Safira1507,2
Wesley_Drayton,78
mostowiak,3
username,1
unexpectedham25,2
Altakuler,1
Prof_Tyler,16
James_Robberts,11
graziadoon,1
walt_addy,7
BehindBlueEyes96,40
Kaizokugari,3
Love_Lucy_,66
wordsaremysheild,34
HGF88,16
proff_maxwell,92
zever9000,22
GothycGamrGrl2112,10
Ember_Moon,1
LookITriedHard,1
Oliver_Moore,13
Beetle-Juices,4
ProfessorFiFi,25
greyavenger,21
Detox1,3
firetrucklover7,17
MGoogleyEyes,2
Hunter_Westwood,1
SnapbackSorting,8
Boombambounce,1
getmebackintime,9
yes_answers,1
c0r30fj0r,3
Tytyly,8
cresceNt8D,2
Benzfirst,20
ellezaj_malfoy,6
ambitiousbroad,7
jgab6713,2
HerDee,35
DavidFTyler,172
FuzzyHedgepig,157
eleanorire,85
rebeccadarking,2
MilalilaWeeee,119
12salmon12,18
PsychedelicSnowfall,10
orchestralcello,3
Mark_Carinsian,2
kitsunaii,5
KindaJack,1
NazartheLoner,2
IronicReply,4
Websygo,23
Huffle_4_Life,19
saturned,1
pyjamagame,10
Iceman8013,5
BoomerangSquad,23
Professor_Arcturus,62
aradish,80
-Elfie-,7
singingraindrops,130
greatpower1,4
curiousnotacat,143
derp_arts_teach,11
Lutz_Lust,6
Camila_d,10
StarFrost,3
Cryptospore,7
keeganlol,5
Black_Librarian,4
mkallen18,9
IsabellaBerry,121
the-iron-man-9,3
xeyj,5
d1m0nsrcha2001,144
abhildreth,2
Assassinsayswhat,42
ThatGuyInTheCorner17,3
clancynacht,1
kirashadowcat,2
celticmusicgirl,1
ForeverAUnicorn,3
BiohazardZERO,64
BADPIKA,33
Argonnaut,20
IsHereToParty,64
MadScientist14159,1
jinxxedgirl,1
lordfreakingpenguins,1
curlymop012,8
getjinxed1,1
changingreflection,89
_Answers,1
