Username,java
Okaram,4
tch,3
LeBarton,2
irocgts,17
novacoder,1
vishal_naik,4
EdHochuliRules,1
KomankK,3
Slayer_Brah,4
AxiomShell,7
Creator24,2
paranoidray,2
amakai,12
SikhGamer,65
thinksInCode,37
FatboyFitz,4
mdadmfan,6
UraniumFirecracker,1
CainFoool,5
tazzy531,9
Kratzyyy,1
team-periwinkle,4
the_contribute,3
kritzikratzi,13
nbartlett,1
Brzyo,5
eightball01,1
diogonunes,2
blade2255,5
killinghurts,1
slartybartfast_,147
ZeroPointPathogen,7
nikkomega,1
backflop,3
lepenguin,1
durple,9
GodOfFap,3
mdogan,2
yrro,3
fykusplant,1
dkichline,6
Bakirelived,4
nfizzle99,1
candrewswpi,1
HaMMeReD,20
frappel,7
raxel82,1
Azzk1kr,4
SnowyGamer,9
ExtantLanguor,1
tortilla_machine,3
jorey606,3
Zaph0d42,1
lcdcomplexion,2
gavinaking,10
MerreM,3
TheLastStarfucker,4
pagalguy,1
diogosantos,2
Edg-R,5
spotter,2
darthtrevino,1
Ceryni,5
AlyoshaV,13
__notmythrowaway__,12
chisleu,16
WaltChamberlin,3
gnostatistician,1
aspl,8
GMNightmare,28
ChickenOfDoom,9
moop__,3
craniumrat,1
Rocketboy901,1
Scaryclouds,1
g99,2
agustinleiva,17
VoxaAeterna,8
gahd95,3
nofunallowed98765,1
JeffAtSun,2
mwd410,8
lhamil64,11
antipositron,4
thomascgalvin,8
hammerstad,2
TheMotherfucker,1
isprri,9
Imprezya,1
Deam,2
DillonH09,3
reesesminis,3
Kerai,9
LamborghiniVeneno,13
klasen,10
0000000127,1
rampant_juju,1
howfun,1
diminishedprime,4
tinobino,2
rsayers,5
Artemis2,6
Serranya,10
KitDeMadera,9
Jevanmanny,3
FreshChilled,2
monster1325,12
ROLLINGSTONE6,3
maestroTrole,1
by_myself,3
moonsmilk,1
impaled_dragoon,1
timbuethe,1
fhbgds14531,7
zten,4
burca14,3
kyleswimmer87,2
IncongruentModulo1,1
Hunt3rW0lf,3
StarshipEngineer,1
TashanValiant,3
kahmeal,3
MegaGreenLightning,3
mikehaggard,15
mondomaniatrics,3
not_president_nixon,5
Could_Care_Corrector,1
oberhamsi,5
krato1995,4
cmkpl,4
MRH2,16
lroselg,4
Drao,2
_actual,2
vegamm,1
RuinousMike,1
DSM1,3
InEnduringGrowStrong,2
billybobbain,3
funkyold,1
paranode,18
-H__H-,59
mikera,9
Dongep,1
123a169,1
SBoots,1
MrDilbert,3
ThePlunge,3
fizzl,1
kouphax,5
christiangruber,13
Fingebimus,3
yao_42,1
flinsypop,2
Vecusum,2
AboutNegativeZero,1
avoidhugeships,140
b1mck,2
travmanx,14
STRANGLED_HOOKER,1
CProgrammer112,1
endre86,7
Is1s,1
gg_Khan,2
TyphoonOne,3
canadiancreed,5
RogueFighter,4
mdatwood,9
chunes,16
PennyCapitalist,1
Sn1pe,1
akeryw,3
siegz,1
TMaster,3
reddeth,4
qanar,1
javajaba,8
nefreat,5
ockky,8
FireFly3347,1
NeoTLy,1
jonah214,2
getLucky84,1
daddyrockyou,5
GlassAndOneHalf,1
bgno,3
nexuscoringa,4
enlighten_andrew,7
cplol,1
davehimself,1
Magick93,1
epicaricacy12,6
Velocicaptcha,4
DragonFist_LeeSin,1
hydrocat,1
cfishfish,1
totallyknowyou,5
kraftvgs,7
quintus_aurelianus,7
beancc,9
CeilingRepairman6872,14
groundisdoom,1
omnipresent101,4
testpoint,4
nrith,2
garblz,18
xiongy,3
DJGreenHill,3
AdminTea,10
Cyberiax,33
trebor89,6
pohart,5
ishaankolluri,4
Zarlon,47
pawiusz,5
lechatsportif,26
Namone,21
Syath,1
StueyJames,2
SirHenryXI,8
JeffreyRodriguez,2
ad_tech,10
TalosThoren,5
st8ic,2
ricardofagodoy,2
DGN1nja,9
learningram,1
daniel2384,3
nicky9door,6
haksior,1
ZigguratOfUr,1
theryn,2
Want2Bit,3
Tevroc,18
Tillerino,27
SR-G,3
GlomB,1
Arc042,1
thegabefabe,8
sanity,10
thief_garet,1
MonkeyDeathCar,1
mareksf,1
pragmatick,8
programming_owl,1
tom_dick_harry,2
qxnt,2
DropItThere,4
Hallager98,1
RosscoGiordano,7
agilefugue,1
TomTasche,9
swankjesse,7
dardotardo,14
autra1,6
_youtubot_,1
RedTissueLapShade,4
Makkhdyn,1
Donutmuncher,2
Redtitwhore,2
bstempi,1
gcman96,1
msdrahcir,2
e13e7,11
critter_chaos,6
mock_turtle,2
ninjazee124,1
andd81,25
amymakes,2
apathetic_youth,14
nickfhs,1
myth351,1
simoncox,8
SpiceFinger,7
MillenniumSkies,10
obfuscate,3
PericlesATX,1
CUsurfer,11
ArdentFire,7
Jire,6
error2go,1
erard22,4
f430FERRARI,1
cbeust,5
Cuddlefluff_Grim,2
OwlShitty,10
Olathe,2
BreadSmasher,1
bloom328,2
oelang,6
NotEqual,3
NukeThePope,1
pr0fess0rx29,7
CuriosityVert,4
DoubleOnegative,4
PasswordIsntHAMSTER,28
ClampedNerve,1
TheNiXXeD,2
ExtendsRedditor,6
dartmanx,4
crowseldon,2
KCdehImposter,6
tonetheman,14
bjpbakker,3
macuserx,4
festoon,3
mariox19,11
itripovermyownfeet,4
stevewedig,11
Shaskool2142,2
nicoulaj,12
drbcladd,1
eguanlao,1
GenuineMastermind,4
stealthmodeactive,6
ndm250,6
Sehmiya,1
pieces029,1
dumplinghead,6
epes,11
TechnoSingularity,2
joddorg,3
ForceFactory,5
twistedrapier,1
mlavaert,4
chadnorman,3
3iak,1
john0987,1
glfson,1
tajjet,1
rjsanch67,1
vanashree,1
LockeAndKeyes,8
matthedev,5
teacurran,9
fission-fish,1
FURyannnn,4
positive_electron42,9
nanchaku,2
mariodiana,1
xris-l,4
RellenD,1
rp181,1
juletre,4
rfinger1337,6
Amidamarow,4
neutronbob,9
spunged,1
tmtwd,2
mizatt,1
distortd6,3
mchaney2,4
Bgomez89,3
Justitia8,1
lodc,57
Gemmellness,3
woodstockrock,2
peeyek,1
codepoetics,12
vakamakafon,2
dilcue,3
i_donno,34
samsterlicious,18
kingatomic,2
Hard24get,8
vertigo_st18,1
ngongo,2
fisksvett,4
i_post_things,5
somebody_somebody,2
DevIceMan,2
kilemensi,2
ahruss,2
JoshIsOnIt75,3
SagaciousZed,3
lumberbrain,32
xcoud,1
lpandzic,1
BenBurum,1
Smeef1,2
evb27,2
greptic,1
Quick2822,6
Bombastically,10
DiscontentDisciple,4
FreeBird423,2
BelieveInGosh,2
tkgreg,1
osiris1985,2
georgianStudent,3
javageekery,3
qwakka,3
NoaMichael,1
TMaccius,2
monkey26,2
spasticcow,5
multiacehole,1
nearvonyc,3
Roscko,11
jupake,2
neuronexmachina,2
zacym,1
dablya,28
tobyreddit,1
kaismh,1
feanorith,2
kljlklluuuu,5
elazarl,3
A_Badass_Penguin,4
Greymarch,1
_HULK_SMASH_,2
Sir_Blunt,5
Shadow_of_Nex,5
Bandux,1
Freddie_V4,4
rsgm123,12
cloudedreflection,1
TastyBoy,1
bblonski,1
theheartbreakpug,8
online3782,1
esquilax,14
Rosco09,1
HTW0,7
sloth514,4
zane_fire,5
smerz,5
TheAntiRudin,1
JeremiahY,3
OhGodNotHimAgain,4
Teemperor,2
this_that_and_that,7
RjakActual,9
khaninator,1
timdrury,1
Syrinxos,1
testube_babies,13
rmslashusr,2
shivasprogeny,9
Digitalneo,8
mrorbitman,3
magruff,1
6roybatty6,15
fingerHammerOuch,3
rbuzz,5
m9dhatter,7
Eviltechie,2
biggusjimmus,4
LolaRuns,1
kirizzel,5
paulgrizzay,6
rot__kopf,2
alpha64,13
bobbarker030,1
old_brainzap,6
gunch,22
eakerma,2
AmericanJBert,2
Kaperly,3
dildocave,1
PhilBurnsRed,1
Omgplz,3
rwilcox,5
pseudousername,3
CivilDiscussions,2
daddyd,1
sourcedelica,2
scrottie,5
AwkwardReply,3
BobHogan,7
StupidGeek314,2
Turbots,1
ipogios,1
iends,1
semyon2105,3
acceleratee,4
Iamcellsc2,4
Dreambeast,12
DingDongHelloWhoIsIt,4
cephyn,4
Pucilowski,3
johnwaterwood,103
Nogiax,1
yogthos,6
The_yulaow,3
Erikster,5
Raefniz,2
cythrawll,10
ashen_vaults,1
darkdenizen,3
lyinsteve,10
starbuxman,13
DagdaEIR,8
stripeszed,2
Tuirrenn,6
darksounds,14
b0bm4rl3y,1
C3aa,1
topgun_ivar,1
raihantusher,1
tellisnz,3
queus,2
fukijawa,3
Plasticooo,6
davyvanroy,4
mrmyrth,4
ingvij,1
beyondjava,26
sw3t,3
Number_28,34
armerthor,9
DavemanCaveman,3
YodaTheCoder,3
void_fraction,6
GeorgeMaheiress,37
aisas,1
Ucalegon666,27
Brantleyx21,1
cs25001,2
technocraty,1
AddictedtoCatFace,1
Salyangoz,7
edalorzo,7
ArchaicSmile,2
bird_brother,1
Cilph,30
verborgene,3
cstechblog,3
tehbilly,4
atc,1
neokyol,7
Kiony,1
EpicCyndaquil,6
NiteLite,3
T716,1
slymagpie,5
ixampl,8
A1kmm,6
10goto2020goto10,3
karimbaidar,5
unnaturalHeuristic,3
smellerbees,3
glidek,3
pordzio,4
Sharkpoofie,4
KrazyTheFox,1
manybubbles,2
goriloncho,1
RaisedByTheInternet,2
fullouterjoin,2
poseid,5
volvens,2
Zitrax_,6
boa13,59
TheMejmun,8
spuriousfour,5
daedalus_structure,61
Cid-highwind,2
MonkeH13,2
DoctorBaconite,1
MR_Se7en,3
zrnkv,37
josephottinger,9
NodeToNowhere,1
Boxsc2,50
adoarns,2
revo_tv,1
detroitmatt,12
mypersonalaccount123,3
GregH30,3
xBarbaro,1
ishbits,1
metorical,14
marklarledu,1
abagle0514,2
DangerousGoatman,2
TexasAndroid,7
delineated,3
vimv,1
osa_ora,1
T31337,1
factorsofx,4
kulubaluka,2
TheCoelacanth,9
stickybit1,3
perplexedape,1
Firedroide,4
rangamatchstick,1
cafeitvn,1
blunti,3
spdqbr,2
ProfOak_,3
simonorono,3
kylixz,2
five_hammers_hamming,6
hrjet,10
wggn,21
johnny2k,1
robertwilliams,17
droidrage,1
arthurv89,1
SlaynShadow,7
hhariri,1
wuddersup,3
mighty_warrior,1
thebillzo,1
Neebat,28
arcma,6
1slam,4
geekganesh,1
rabidxero,1
karldcampbell,4
ninjadsm,4
singhmonika,2
Bonaz,1
GlasedDonut,3
degner,1
tylermacnet,20
DaMountainDwarf,9
RonViking,1
TheRealSlartybardfas,3
tinker12345,3
FuLLMeTaL604,6
Seniorjerry,3
varikin,12
Whohangs,2
TonyIscariot,4
kawem22,3
wwsean08,8
mattryan,23
alexeyr,2
cpiot,1
Lizard,13
laststance,5
vplatt,33
filthy-carrot,1
bakshadow,3
averri,3
angryfirelord,2
haderp,28
chef1991,1
nallar,2
torgis30,10
homeless_in_london,1
Scubaturd,3
spejson,1
meneedmorecoffee,6
imyourbiggestfan,1
ion513,1
sonicdog263,2
kuttoosan,1
rgtbctltpx,2
artemy,3
bdawg96,8
mkusanagi,4
hencoappel,9
cwbrandsma,16
Angry_Chimp,1
RohitS5,2
robot_lords,5
joker169,5
bitcoinsftw,12
talios,4
sgentry6,2
Hidden__Troll,1
funbike,56
Liberatric,3
rayok,1
Xenasis,10
_broody,2
azmenthe,2
dcalde,8
flightlessbird,3
ElvishJerricco,2
Brainlag,7
philwebb,6
Meldanor,1
mr_jim_lahey,13
MacPhee06,1
noitsadorable,4
delete99,34
mcosta,5
seitensei,1
atwong,5
jknecht,7
Ekrazit,1
bsteven48,6
esanchma,35
smadge,24
KravenC,1
kace91,2
_1_1_1_1_1,2
TrentWDB,2
StrykerKKD,1
bokchoi,2
sohaeb,6
Inspector-Space_Time,3
oneofus1,1
UrbanCajun,13
cogman10,66
flagrantaroma,5
gotsp6,2
beleuchtung,1
sluukkonen,15
WallyMetropolis,5
tunisij,4
Nsayne,4
h1d3m3,4
mevalemadres,1
cjthomp,8
tsredd,3
m1000,7
Boboosaget,1
Joha_Mraadu,4
MythsBusted,3
gthank,22
figuresofstick,1
Zambon1man,2
rice_pan,6
soulcheck,11
AldousP,9
xConorrr,2
solarbabies,3
stranathor,11
jackagriffiths,4
tieTYT,25
Sync0pated,5
MBIanS,1
ronocod,5
Slxe,4
fhayde,7
bryanjackson,1
chrox,18
gebruikersnaam,2
Dwarfgo,1
theBCexperience,5
AOA17,1
crazyMrCat,1
lancelafontaine,2
jhpy1024,3
rolandkluge,1
hunter9361,1
scotty3281,7
epiiplus1is0,1
ejmw,3
ivanbabanin,3
Decon87,2
anonymousx1999,4
evilman1,1
FIRELEGO,5
argv_minus_one,141
dannywalk,1
zfolwick,1
2014redditacct,6
Espeide,5
leemartie,2
emmanrocks,6
soheyhai,1
Drakoskai,9
Lolmarmalade,6
Heroicdeath,1
vt97john,26
Hilaia,1
fearmor,3
beders,17
netgremlin,2
somewittyalias,11
lenkite,1
jrohila,1
sahala,10
Sir_Leminid,6
zeusblizzard,1
Hambone321,1
ford_madox_ford,10
verhas,2
cszlo,2
sessilenomad,4
handjobs_for_crack,16
illegalt3nder,2
benzo425,6
1moar,4
pheNam2000,2
CoveringSpace,1
doctersaiyan,2
Na__th__an,7
hugith,23
Neqq,8
WormLord,4
Marvelt,3
m1ss1ontomars2k4,20
robertp1984,22
kr0zz,3
Sinistersnare,21
deadly_little_miho,52
jonzo1,2
hakired,3
MadFrand,31
el_padlina,12
Scullywag,1
dukesam,5
BarnyardMasturbator,1
philgei,5
easytiger,2
Bnapp88,1
JavaTrainer,24
AndyPandynCandy,1
NeonMan,2
hwaite,11
tkfxin,4
shadymilkman_,16
help__pl0x,2
veeti,5
AllowishusDevedander,4
meatpork,13
bluestorm96,3
leytonstoneb,3
iggybdawg,7
gotd0t,2
nikanjX,16
kewlkidmgoo,2
Waynehead69,8
toxic53,7
anubus72,2
Alxe,11
Kummo666,1
EEBrony,3
_jamil_,9
dgrant,4
adrianmonk,7
xcode18,1
manguybuddydude,2
xcaptnwigglesx,3
Snoutmol,2
headzoo,1
no1survivalist,2
Poobslag,11
stereopump,7
derkaas,15
hasioker,2
wlievens,18
Breaking-Away,6
haydenn156,7
nmarshall23,2
PiratesWrath,3
phaggocytosis,34
Level_32_Mage,12
thevreid,3
alexmaras,3
Allaran,1
LetsGoHawks,2
Strykker2,3
txmasterg,6
uninspired78,4
nixon_richard_m,7
eafalla,5
hh8888,3
serproxy,4
poutsma,2
fyrite,3
Dwarfling,2
Burgerlicious,3
macbackfat,3
rbatra,3
you_suck_at_spelling,3
infanousbloodfuck,3
vm_linuz,1
ethanlobby,1
goofy183,3
zenflux,2
US_Logician,9
bycrozz,2
Yackback,3
Razzal,2
bdavisx,11
nourez,1
Ytse,2
KooliusCaesar,3
Mondoshawan,10
T-Dev,13
holyfuzz,3
elizacakes,1
w3s7y,3
m1tt,14
Iuz,1
duxburyfarmall,10
bytecode420,1
jabayoung,4
keepcalmandreadabook,22
mreichman,5
aidandeno,2
BLourenco,1
edenite,1
GeneralPokey,5
resumer,4
WhiteKnigth,3
TheAmpca,2
Contrite17,2
Vile2539,32
spoonintheroad,1
awo,3
RoughPineapple,6
panderingPenguin,1
ponchedeburro,1
Ican-read,3
Aellus,26
FoxPB,4
aterlumen,18
finlan101,1
seardluin,2
Wojwo,1
stevebakh,11
FalconGames109,6
elephant_earthship,4
theotherotherdave,4
RuncibleSpork,3
jdavidw13,7
cacawate,5
_vi5in_,6
aaaqqq,4
dzernumbrd,1
bsatani,1
ly1,1
alittlebitmental,3
kpanghmc,2
lappaceum,1
Jam1e,3
PeeEqualsNP,1
cgdecker,5
Flowdalic,2
rsolci,2
ocnarfsemaj,3
DigBickJace,3
jimmy2tone,3
RichoDemus,6
zensuckit,3
kevinb9n,25
MarkReddy,1
Kuurde,3
mr-fahrenheit_,7
whizslo,2
blasbido,1
ComZero,2
Knoxie_89,3
FurnitureCyborg,9
st4yd0wn,4
axelfontaine,4
hmny,13
repairmanjack3,2
miso_ramen,1
Psycho_Coder,3
FrontLoadedAnvils,7
Kahn_Shawnery,3
melendez2k,1
hive_worker,14
iampomo,4
rubble7,1
Zeitgeist9k,5
DJ_InsideVoice,1
originalsurfmex,1
TheSageMage,24
Chknbone,1
communomancer,1
greenrobot_de,2
Will_Parent,10
mobileDevKing,13
flif,4
lukaseder,106
ThatOneGuy1294,6
boxidea,4
_xNestorx,1
xtracto,2
HellsWindStaff,5
feoh,1
rsaxvc,1
nitetrip,1
jasie3k,7
philathea80,10
Felzlek,1
honza_reznik,7
jfurmankiewicz,49
Fuck_Me_If_Im_Wrong_,6
redditor_number_5,3
DemonWasp,9
the_opinion,3
slipstream37,2
Damien1288,1
bagaag,1
max-dev,4
KazPinkerton,3
elmuerte,10
jyper,1
chris8185,1
3below100,6
G_Maximus,6
Desseux,6
CrateMuncher,6
no_respond_to_stupid,4
lime_boy6,1
karianna,1
badvok,8
nevenc,1
xenomachina,20
stepanpaulik,1
ReligiousNips,2
AtticusVulpes,2
dnsko,3
Jar00,1
v_krishna,3
arcone,3
geldan01,3
waxoff,4
chackley,5
toastr,3
pdongen,3
drepnir,2
Adventor,2
Medicalizawhat,7
Riobe,1
TheSkyNet,3
mike410,5
asxa86,1
DominikMostek,10
zaccus,3
stormblooper,3
Have_you_tried_this,13
tank8465,7
avengersx,2
Sesleri,1
504Dug,1
fizzybuzzy,3
rjsmith21,2
SnyderMan32x33,1
chris-rox,3
shithawks_randy,2
papers_,1
UnspeakableHorror,1
dsy73,3
imok,11
fishiecracker,3
djdonnell,1
natorojr,4
busydoinnothin,4
D3gr33,1
protagonist23,7
butterypowered,7
LouisWasserman,10
Pas__,8
Cactose,2
TheBros35,2
LogosEthosPathos,1
penorzilla,1
mrbonner,30
Gordon_Black,1
bagge,6
killerklaws,1
throw-it-out,3
scavbh,10
chilly_anus,2
kylolink,6
lazyatheist,1
delixd,3
cteoandrei,3
Aiiight,3
awgl,2
systm117,6
jamolnng,1
petercooper,2
kreiger,13
simon_the_detective,4
dukerutledge,5
nezza-_-,1
voice-of-hermes,4
armykid2017,1
potyl,5
anENORMOUSchicken,4
Question2005,12
stcain,1
rookie39,7
themantucket,3
BillB344,1
elivilson,5
ThePaperPilot,2
hhbhagat,33
okbud,6
aNonSapient,4
asraniel,18
spartaboy,2
SacrosanctHermitage,1
revscat,9
supersa1yan,5
Tangential_Diversion,26
DaNoid,1
exodasius,3
fracai,3
psykocrime,4
KidUncertainty,27
java5858,2
samort7,1
WeaselNo7,4
jrandom,1
Thaerious,1
Boehemyth,1
galacticdude7,3
Fallen_Wings,2
compdog,30
kingofthejaffacakes,24
i_like_outer_space,1
crackerforhire,1
rtoth,4
thurst0n,10
weevyl,4
jacel31,3
voxfrege,7
ubccompscistudent,8
reddit325,5
Boofern,1
lazystone,11
IhsanF1,10
xpto123,30
swordfishy,3
knipil,1
Azzu,4
DevTroy,4
lood,4
smscoota,20
jingweno,1
TheGag96,1
kliba,1
Sumif,6
virtualmarc,6
UH1868,2
gregorydgraham,5
krish14,2
smiffus,2
jslvtr,2
pampanet,1
alexmcchessers,1
pilipinopapi,5
plooff,5
sfsdfd,1
stapleman527,4
bankarsaale,8
sadjava,25
NinjaGrinch,1
HomerCartman,5
cagataycivici,3
mbizzle88,10
rikardo_92,6
why_not_cats,3
bballpro15,4
blindbunny,1
Tiltyard,3
stephan_f,1
FruityStuff,6
_shadowbannedagain,7
occupy_the_couch,4
otakuman,12
X-L,4
_em_,5
lezomg,2
immortaldev,1
qw1ks1lv3r,3
james6344,3
houndgeo,1
tobyfunke,12
DaasQC,1
javajames64,4
schnoper,25
dale-x,6
jongraf,8
jayseejc,1
SociableIntrovert,2
TheChannel,1
d-listcelebrity,1
Espenhh,1
kaydub88,25
DoktorJeep,13
envinyater,7
ezbakedowen,7
wordsoup,28
leftnode,1
member42,1
Mohaimenq,2
okiyama,2
Yhippa,1
jclawson,1
jones77,11
trezor2,1
sdiemer,2
Gwuak,1
Getting_Involved,2
tau-lepton,76
traind7909,1
SirTylerGalt,1
joper90,12
halfourname,5
xbearcrox,4
kulseran,3
WildnWoolyShambler,19
semteXKG,2
maleficredeyes,3
Dunak,5
AssistingJarl,1
juu4,23
Thew_Nell,1
rafamct,1
Ctrl-Alt-Shit,2
bearsbeetsbikes,1
ThatGuyqwq,10
arijitlive,1
newbiegamedev,6
Votsalo,3
mtnkodiak,3
ChromeDemonxXx,2
taio1989,2
dringess,10
delicious_fanta,11
r1ch,17
SuperGore,4
bibonix,1
austingaijin,4
spoon00,4
ninja_coder,4
skitch920,1
catkins88,1
scofus,14
frankrice,2
againstmethod,32
Yogi_DMT,3
locatedtaco,5
Mumbleton,3
oyaknow,1
DannyB2,49
hallr06,1
would_you_date_me,3
SimplyMarvelousG,4
Gaijin_Mugglewog,3
Akanaka,24
orip,1
NEW_JAVA_USER,1
akuta,9
chickshit,1
JadElClemens,8
dimanor3,3
rajivm,4
cruise02,1
raja4tech,3
frustratedCunt,4
enkicoder,1
den573,3
marx2k,10
mindsound,8
Knifa,3
towk22,4
final60,2
vrlkd,6
Birdasaur,2
Jabbia,4
gliy,5
japandrew,4
thebrainbr,11
Pumpkinst,1
sanguinekorrin,1
nickjomaffa,3
_beast__,3
NarsilNZ,7
YourTechnician,2
uncle_vlad,1
override_acid,5
StreamingBits,21
rtp,1
NobodyLeavesAclide,6
IshouldDoMyHomework,9
MFazio23,2
eliasv,25
Abigfanhere,1
MusikPolice,3
kgb_operative,11
minus-zer0,6
xezzxezz,1
gk5885,3
Matty_R,5
LiftCodeSleep,5
goodnewsjimdotcom,3
eclipsemonkey,1
slavus,1
hichim,21
proskillz,5
svenofix,4
MasterRoland,2
Circ-Le-Jerk,2
sfwsurfing,3
redditteddy,1
ddqong,5
wichonango,2
zedX2321,5
aeekay,1
antonbalboa,3
DirtyDav3,3
Pratheeraja,1
martinmine,7
wolfenkraft,17
dostoy320,1
Katair,3
PLEASE_TAG_ME,5
blazedaces,1
JoTheKhan,18
birdy9221,5
segv,20
manohart,4
elktamer,13
needlzor,7
dab202,1
madscientist667,2
adammichaelerickson,3
chunkyks,37
felixdadodo,1
Clutch_22,7
supercargo,7
cynoclast,1
el_idioto,3
SomethingEnglish,3
Lerke,5
Jonathan_Frias,1
ElFeesho,5
z3r0demize,1
Nouish,2
Apothiem,2
Druyx,16
rebuilt,3
idleuser,6
Elethor,7
ponchoboy,26
CharredOldOakCask,10
UberStyx,2
cepster,3
vermontgasm,12
ohsothisisreddit,9
HighGaiN,1
mm04,2
ItsMeElConquistador,2
QuintenDes,3
entiat_blues,1
Dsheth,2
chaotic_thundergod,3
ProJoh,3
abchiptop,1
lost_ojibwe,1
cc81,5
schnitzi,10
un3n,4
aaagreen,2
fforw,15
Gr3gReddit,3
DJDavio,11
iravgupta,4
ChrisOnTheGo,1
EsperSpirit,5
mezzoline,3
NBeeby,3
Rothon,2
TresDigitus,2
superlampicak,3
crs-,3
packetpirate,3
erwindr,1
hargento,2
srmoore4638,1
SpearThruster,17
gwak,5
Cainisable,6
SegFau1t,3
v8juice,2
jaredfrommars,1
Pault543,1
I_Am_Jams,3
unicyclegamer,4
BrandonMarlowe,3
tentoni,3
carsonc,5
pacmans_mum,2
leftofzen,11
belike1,3
swordblade,2
encinarus,1
memonkey,3
ExtropianPirate,3
toybek,1
kesawulf,8
grimeMuted,1
Serenity-,4
woses,1
ArtemZ,3
iuhoosierkyle,10
Hugh_Schmefner,2
me_v3,4
hillacious,4
asthasr,9
Zahlii,3
fadeisma,3
8run0,2
fpsscarecrow,3
funkygames,3
entropicone,1
Milyardo,18
DeliveryNinja,42
Mr_Cens,3
mistigi,5
pan0ramic,22
SLIGHTLY_UPSETTING,1
dnabre,6
999DVD999,3
j_getrost,1
atnpgo,3
FeralTitan,1
ForkJoin,119
madjesty,1
euid,1
mdbuck,1
ladna,1
TheSimple1,1
AskMeHowTallIAm,1
mindstormer12,2
SirSchilly,3
nzipsi,1
bonrind,4
Resumed,1
sander1095,2
simulatedreality,1
qrokodial,2
spalunk,8
recruitercain,1
OptimisticLockExcept,3
beigetangerine,1
kovrik,3
Naut1c,5
orbittal,2
s1295,1
UtMan88,1
unionx,11
livenudebears,3
marsoupeel,7
glesialo,8
Blitz_9100,6
Spektr44,4
Yozolios,3
so_super_cool,1
jbacon,2
richy_rich,7
Momifier,2
JavaDroid,26
ortlep,1
DatHuge,13
Thomas1122,1
WaitForItTheMongols,7
YearlyJog,1
no_skillz,4
JollyRancherReminder,1
Nippius,3
WakefieldScarce,2
javathrowa,3
JamesRevelo,2
astrowalker,1
pinkemma,1
TheTrixsta,1
sickwookie,3
jayg28,1
AbouBenAdhem,2
papageek,5
-DISAPPOINTED-,5
ali2992,1
alliknowis,4
dopperpod,10
acidshards,4
numpi,34
mazze01,1
jahmezz,5
looser97,8
Majinferno,1
theloneliestfish,6
warxion,3
Greblak,1
alleitup,2
Nikkiiii,3
flightlessbird002,1
gud_engnr,4
exhuma,2
sysproc,2
EyeLostMyOldAccount,1
linuxjava,3
tekknoschtev,3
blesavi,3
henk53,131
JealousGuy1,1
AcrobotPL,2
behrangsa,6
50ShadesOfKray,3
mister__m,1
FreakyShot,2
Klepisimo,4
OpenGLaDOS,14
I_DRINK_DRINKS,5
thneed,1
fbmgriever,2
winSharp93,1
JinnLabs,4
notarobat,6
realreyez,5
gigalblog,1
TheOverCaste,15
Atmanix,2
kodifies,2
kurtrush,1
LemonSyrupEngine,4
secondsun,13
JavaDevGuy,1
lundmikkel,2
debunked,19
MadCat0911,5
TransfoCrent,2
scanlonman,1
jeremywildsmith,4
Loomax,6
insin,1
kipsy3,5
AStrangeStranger,1
WonderBearD1,4
ickysticky,42
Neres28,14
outadoc,1
dataminded,1
rollingtomato,1
recyclewhenread999,1
TheShmurph,1
honeywave,3
jentz,1
memnoch_proxy,1
msx,14
iSaleh,2
Crumster,1
phil_gal,1
kinow,1
cjayem13,14
Nathan2055,1
Kleptos18,3
armoafro,4
mschaef,43
useablelobster,3
rand2012,16
Winsling,5
degrix,1
CryptAck,9
danintexas,3
omair-majid,8
stuie382,10
stompy999,4
brennus,1
IntergalacticTowel,3
RichKatz,10
phasola,10
bsnyder788,1
st3fan,1
dustin_allan,1
spiffiness,1
evilbastartmilesaway,2
PlNG,2
ZOXVDC,1
stevoski111,5
crisi,2
trimbo,6
The1Lemon,2
spikebaylor,5
taschenbillard,15
virtual_ghost14,1
BasilTarragon,8
qner,3
mentalis,16
yyttr3,8
DefendTheArk,1
Qaztank,3
wharris2016,1
smashdadrum,1
cmobes,1
Pacehouse,3
fixed_that_for_me,7
iwan_w,4
dudleydidwrong,10
hatstand0,14
josefx,38
terrabite3,1
imcleannow,5
falconguts,1
landonrobinson,2
teenagerOz,1
gubatron,4
nolandenuff,1
lilleswing,1
Mr_Proper,1
nerdwaller,49
eurodance,1
IrregardingGrammar,7
softiniodotcom,3
ogrenciyimbenya,3
poopiefartz,18
cj5,14
humabi,56
poopMachinist,5
alexduf,6
nxdnxh,4
MettaWorldWarTwo,4
Scathainn,2
technicalaccount,5
johnmiroki,3
refresz,1
ascagnel,2
Dox5,1
andrey_cheptsov,3
obfuscation_,41
din-9,17
pellucid_,12
case_,11
zogulus,1
sirseal,3
sanbikinoraion,2
hsaliak,5
splendidsplinter,2
pumphouse,5
hsvp,16
majeric,10
CopperHook,3
wice,2
nerdzrool,1
Psyfire,1
apotheotical,6
birchskin,1
jeff303,12
rmigb,1
CageHN,18
Cremity,1
kifler,1
nuclearqtip,14
Nieben,2
harrison_kion,2
EmmoriXD,2
CzarSkye,1
MysteryForumGuy,2
Sphinx001,2
Kronatron,1
9us,4
Damarusxp,2
zeringus,20
thebighouse,6
OBLIVIOUSTOSPARKLES,2
shemnon,1
pshubham,3
BasicDesignAdvice,1
runedk,9
vicelio,4
tipsypants,6
FluorineR,2
omgsofunny,4
ericzhill,17
hagarwal,4
nikem,5
dleskov,6
pep4425,2
rambocoder,5
hadihaha,1
gustinmi,7
Wolvereness,1
Stoompunk,5
disallow,2
CoachSnigduh,1
adityapstar,1
droidta7,2
p3s3us,2
valiander,2
BuildingBlocks,7
mtko,2
fact_hunt,2
raycus92,2
bipsterite,4
b0ne123,7
420SmackACat,3
getworkdone,1
caelum19,16
TomRK1089,1
Rubbissh,3
mschamberger,1
DanLynch,8
Craw1011,1
stanhbb,3
mwimmwinmwin,11
thesolitaire,3
jmar31,1
lenois,5
enginebai,1
ballinismyhobby,10
codenamegary,1
DickDeckard,1
dranbui,3
dimarc217,2
CurtainDog,11
herpington,4
drjohnson89,3
Cifize,1
Dwelven,8
moogeek,3
minionjoey,1
EquationTAKEN,10
m1kym1ky,2
AlexProbablyKnows,3
xamdk,8
skydivingdutch,6
sheepdog69,6
AD7863,1
OldSchoolAfro,1
Jonno_FTW,20
90ne1,1
iammentasm,12
Joe5494,3
codeduck,4
momslatin_dadsasian,75
joaohkfaria,2
badguy212,4
Aganomnom,1
unknown_batman,3
Kokosnussi,2
CandyOates,4
sazzer,31
warehousemouse,2
13_0_0_0_0,1
samisafish69,3
mattsidesinger,1
AnEmortalKid,2
llamaspit,4
juhmayfay,17
zadeluca,14
DDCDT123,2
HyrulianProgrammer,7
anevergrowingwond3r,1
Chappit,6
rompecanilla,4
Kaazy,2
neopara,8
W1z4rd,4
Wawerf2,2
optimus_batman,4
bentolor,7
Saltor66,7
Shaddox,1
bgard6977,1
Nefari0uss,4
audionautics,4
moustachedelait,3
Eofelis,2
kt_027,1
Dr_Dornon,2
jewdai,3
java_wocky,2
RubyLuna,1
2wood4sheep,7
CodeShaman,46
marciniasty,1
1997dodo,2
tonywestonuk,11
supermedo,6
SHUT_UP_PATRICE,3
kgyre,19
aweeeezy,3
FrothyKillsKittens,10
sime,7
DeathMadeTangible,3
BackflipJohnson,1
PatrickusRex,6
ZlatyChlapec,6
XxMONKABONKAxX,1
kristopolous,3
superflyinga,1
trukin,1
chefboyrdeuce,4
iiiaqd,9
dentingImp47,3
Miz321,1
davedontmind,3
iyerdude,3
tryanother_fuckit,3
wafflesofnote,2
KarlWeathers,1
sntnmjones,2
Malik_Killian,2
piedoodle,1
bottlebrushtree,5
ThatSwedishBastard,7
keigank,5
BleLLL,3
Jahara,2
GenericUsername02,1
pascalthelizard,2
kag0,6
Rhuno,3
erad,12
veraxAlea,4
odinsbane,24
AmonDhan,3
UrNerd,1
amoe_,1
tom808,2
squeebie23,1
jsheets,4
toxic1991,1
javabeanguy,9
Jumba,3
LucidityWaver,1
kilroyfortehwin,3
PraxisDev,2
Sentryy,5
undll,6
notcanadian_really,3
kev23777,3
aastle,4
nqzero,9
TheFItyP,5
vanBraq,3
chubbzzz90,3
mitc0185,5
char101,1
ahomeIT,1
Ek_Los_Die_Hier,10
benjiman,6
UpAndDownArrows,5
oldprogrammer,32
prattle,6
ThrowNotSoFarAway,3
benderunit9000,3
ssciii,1
philman14,2
jp007,3
ibtokin,5
partyfants,2
ProfWhite,4
edzibit,3
jim8508,1
sathya_br,4
Buttersnl,3
vcvrfus,3
gizmogwai,52
jimmyjamm34,1
0xFFC,1
Daniel15,11
aer71,3
Tuxmascot,12
shoelacestied,12
HandDisco,8
adamsaur,1
iBelg,2
misobbq,1
TheBeautifulMayawati,4
datSkillz,9
someonevk,1
ztherion,6
onlinecourses25,5
NERDcurious,2
Hughlander,1
ryan_the_leach,3
livrem,7
tinglySensation,1
Eugenexxx,2
moosss,3
jmf1212,1
radcortez,4
argc,6
Paddington_the_Bear,6
ContronJE,14
johnlcox,2
williamAntonio,2
SpyCat811,3
fatisko,1
bubinha,2
muffypoo,9
kuporific,2
everyoneknowsabanana,6
LigerZer0,2
codnahfish,1
hammad22,2
Tokenblackguy9,3
damiankw,21
Teekoo,4
quantangle,1
dhoff1985,3
redldr1,5
MowglisDad,3
JumpTheShart,4
oorza,1
dconman2,2
boxingdog,3
batypus,3
mgr86,2
piratefight,1
kruez,3
jmickraut,2
herrtim,30
mrhhug,14
penny-five,3
all_it,5
the_456,3
Psygohn,6
truewarhead,1
angryRake,9
DyslexicsHaveMorenuF,2
anekdotos,1
cdombroski,11
GoldenKaiser,1
ProfessorOakTree,4
energydome,3
BlueDestroyers,3
dustox,4
thatJavaNerd,20
high_hobo,4
leventov,13
sublimeapple,1
yusuke_urameshii,13
dohaqatar7,6
hansinluck,2
pilas2000,9
eggscellent,1
BlackRockTech,3
d32,11
sereko,1
clue_clucks,1
jeff_skj,5
retardination,1
k__k,1
dkuntz2,2
votiv,2
TPcoder,1
ratherbefuddled,1
TheGuy191919,3
purplepharaoh,18
ChemicalRocketeer,14
Bionicrm,7
Blou_Aap,1
yokuyuki,8
RichardWarburton,1
knubo,4
dirkharrington,3
DEiE,5
SwampJieux,3
Jukebaum,8
kazekage21,1
hodgeka,1
funtustik,3
sniff303,1
vince_prignano,2
Bob_McScratchit,1
shinjiryu,12
InternetExplorer8,3
_roni,19
MisterMonopoli,1
mdcr41,6
andrewgaul,2
ScienceBlessYou,6
milehighlights,6
qualiaqq,11
odLott,2
Ownaginatious,20
ExPixel,6
gizzardfeet,10
BolbiStroganovsky,1
xcombelle,6
revenantae,6
ptramo,1
d70,2
andrew12361,5
u1tralord,5
badchiefy,1
Brzhk,13
hughwphamill,10
DuneBug,1
ondra,5
Mines_of_Moria,14
271828182,1
javaIsTheIsh,1
moosemorals,1
Alca_Pwn,11
armornick,33
xhak,14
jakesyl,1
h37ahmed,15
tomjen,6
SwitBiskit,2
InfernoZeus,11
JNighthawk,1
shearing_is_caring,1
guidedlight,47
algrym,1
Drakoala,1
GuyOnTheInterweb,9
javafan70,2
superchuckinator,4
scottwuzhear,10
itstheriz,1
markee174,9
8Bytes,29
Tejedu,3
HELOSMTP,18
cacheflow,5
Burial4TetThomYorke,3
Idontwanttogotochurc,3
Morsdood,8
KFCConspiracy,18
JinAnkabut,2
dAMMMO,1
sgrinovero,1
MechaNein,2
smolderas,3
f2u,12
Matty13,1
MeanRedPanda,2
WtFiTzToM,3
theguywithacomputer,5
generic__redditor,4
TheEphemeralDream,2
RWS43,3
NEWTONS_,8
sam4500,3
PastaNinja,12
JamieLy,1
weaselsqueezer,3
cryptos6,21
fiveofakind,3
BedtimeWithTheBear,1
tiiv,17
MasterYoderp,3
genericbluz,2
solidliquidgas,11
moneymark21,1
badonkadon_,1
Octopuscabbage,7
akrotiri,2
Scorpius289,1
Khasm,4
pintodragon,18
jNuggy,6
Edrios,5
rdjack21,14
flesjewater,3
cs02rm0,8
Chomskyismyhero,1
alberto-balsam,2
navatwo,10
sek19,8
mreeman,3
enjoirhythm,2
himdel,1
restful_end_point,4
OnlyDeanCanLayEggs,3
sergiothelifeguard,12
Muz0169,4
markdacoda,20
la217,2
trurl23,2
tboneplayer,2
slackermanz,3
combateer3,3
SgtPooki,1
andis_ch,3
DaftPotato,3
scruffandstuff,1
z_roc0de,5
shellac,3
MenoData,1
DroidLogician,19
snoop911,2
RecursiveChaos,6
ohcarissa,1
Aleks483,2
pilgrimscottpilgrim,5
Tundreo,7
mhgrove,4
sidcool1234,1
Muh-Q,6
evilmidget38,6
TheCrazyRed,9
ilikeorangutans,13
LazyCouchPotato,3
deadron,3
nickwtf,10
FattyBurgerBoy,1
quadnix,3
IJP,23
charredgrass,1
viiviiviivii,2
eatschips,9
johnnybigoode,4
darylteo,4
breddy,14
Iron_Maiden_666,3
Mendoza2909,2
Bliss86,2
rniestroj,2
AreaOfEffect,2
san_salvador,3
tehsage,2
Nexxomeldi,3
chriswcs,2
MCUD,12
virginMob,5
RobCubed,13
pyrum12323,6
Evermore7,1
jimWestDesparado,6
Cash_Lion,5
muffinheart,2
thrash242,7
Lambeaux,1
chip33550336,5
gilwooden,7
somerandomguy101,1
unkindman,2
letrec,9
MasterOfGreatness,4
OfficialRavenspire,3
tootie,151
clutchest_nugget,4
Caminsky,13
handshape,59
InfoSec812,28
grunlog,11
unholysampler,21
antisyzygy,25
1armedscissor,1
arafalov,1
xsolarwindx,1
majikthys,3
gray_with_an_a,8
crapet,6
DasEwigeLicht,13
redclit,9
LugnutsK,1
onefreelook,12
akkida746,2
ilovewhenitrains,2
weneverdiscloseitfor,4
UnknownBinary,15
GilbertErik,2
J-zHer0,1
IHadANameOnce,7
MyDogShitsTigers,2
cottoncandypants,3
materialdesigner,2
space_coder,14
Martin8412,1
tikue,5
UnlikelyExplanations,5
beyondthewallofsleep,2
markitexture,1
xjvz,14
SevaraB,3
frzme,9
Insufferablefaggot,3
Conley247,3
ChamesJucks,4
IrrevrentHoneyBadger,3
JAVA_USER,4
ImNotUrCompadreAmigo,2
LyndonArmitage,5
darthgeek3,2
gingiloba,7
Kelaos,3
Pear0,3
DarkSlaayer,4
ryogishiki,1
__James,5
AlphabetAlphabets,7
exceta,19
WumpaFruitMaster,1
ThyCodeMonkey,10
BadMoonRosin,5
AtomicInt_,2
maxtorrent,2
keptavista,4
Donutttt,4
zoidioz,4
miloandmilk,2
QshelTier,52
desertfish_,1
tiny15,2
GFandango,13
Dijoon,3
MrSmock,8
ShadedFox,1
moomoohk,8
slatevero,2
darthashwin,5
samuraisam,6
byter9001,1
ERJ21,1
1longtime,9
palindrome_,1
zack6849,11
mickjohn16,1
Connor177,1
introverted_pervert,4
stubing,9
rainstorm07,2
no-means-no,1
Prem1x,12
rrcecil,10
javanetsupport,4
ArmoredFan,2
virtyx,82
krishnabhargav,1
Categoria,7
castlec,2
bad_at_scala1,3
Mikeew83,10
agleiva,6
Sturmi12,3
sadmatt1997,3
smart_feller,6
MrAndersson,1
squirreltalk,1
LifeIsSo_Complicated,1
onkeljuergen,5
bodal,19
moby3,1
DarkFly3r,3
0x2a,3
Omnicrola,5
A0B97834-AD43-11E3-9,1
Kinakuta,1
TheRook613,1
Swiftzn,1
CubsThisYear,39
zaytzev,8
hello_peter,1
tomtom212,2
jackwilsdon,6
hfluz,1
spupy,28
stonguse,3
ccampo,9
chris-martin,4
__konrad,72
smysnk,17
chasesan,13
Kjubert,2
lesser_futhark,5
medicinekeeper,1
brownmatt,23
mustamike,1
javinpaul,5
cutterslade,24
jeffcoat,1
DrLegend,2
FrozenOx,1
Tarenius,8
Akamatt,3
boobsbr,1
Pandarr,7
AJavaAbecedarian,7
sanimalp,5
Victorw1,4
MEAAAAAT,1
Vizzeh,4
chcampb,1
eplur,3
jrdk,3
Schnabbster,5
homeless_nudist,3
brberg,2
stoneburner,2
cartogram,2
sunlitzero,1
TheHelgeSverre,11
Mecdemort,5
progli,3
woodrail,1
Drathus,1
czopinator,3
haakon,4
chandi123,6
Senqo,3
aricam97,1
Angarius,9
Zaemz,4
TheArt23,2
thakk0,2
Northburns,1
pathslog,14
mikrowiesel,1
desanex,6
mortal_esteban,6
david_yarz,6
Balmingway,1
codeaffine,1
NotCohen,31
kkjdroid,1
claireballoon,5
crash_focus,10
ivanhu,7
civerooni,5
Spoonofdarkness,6
jhonecater,1
larsga,19
rkenned,5
Nilvet,4
Tamaran,16
gezero,8
aroger276,11
usa123fuckyeah,2
PaulMorel,21
saturation,3
badschemeprize,3
occupiedusername,9
gifsbegone,9
mekondelta,5
based2,10
protocos,1
Jack9,8
caltheon,28
R534,1
Clipstuh,2
HubertC,8
_Baloo_,1
jayhpatel,5
itslaundryday,3
OneRandomCatFact,7
huntsvillian,22
Niellz,5
rellimevad,3
vytah,2
FartingLizard,2
dorkrapper,5
toccoto,2
tRfalcore,73
RyanMcDanDan,1
Kieperek,2
jabalsad,8
J_J_Rousseau0,3
MyNameIsOP,4
GosuSheep,1
PrimaxLire,4
skini26,10
midir,18
Kkari,1
celtica311,11
killerty69,1
Jayson182,1
sweveloper,4
cubid0,3
desentizised,3
dlg,7
jseigh,1
forgotmylastuser,3
hyperboleboy,2
locriology,2
hisnameislashley,1
Smegzor,1
Tsubarov,1
chunksnchunks,1
clavalle,8
el_guapo_taco,1
Chew55,4
kulmbach,19
ideaash1,1
_Train_,10
llogiq,208
Chazzbo,4
sambo2000,9
ObeseCamelz,1
xxNIRVANAxx,6
s2jcpete,9
kecker,3
mite-mitreski,4
karmapopsicle,5
TraptInTime,2
hermkull,1
ImNotAKompjoetr,1
redditor3000,3
burlyjez,6
kjaer_unltd,1
wutf,11
BinaryRage,4
ultraswank,2
_BigWill,1
endershadow98,10
TheCoachMcGuirk,2
MisterSnuggles,4
pieps,5
Steaps,1
joexner,6
jvmwannabe,2
soniq__,3
jangojongo,2
Lavaetus,3
NooBxGockeL,1
filifjonk,1
halfercode,1
Momer,3
steen324,3
jawnsy,1
McClusky,3
gferon,4
compsc,1
Hydranis,3
Voxler,5
gunkanreddit,2
SarcasmMonster,3
yellowjacketcoder,25
tech_tuna,8
dr_entropy,6
dracony,8
sf3e,2
vgiannadakis,6
w1ndwak3r,4
Izerman,3
na889,1
DJH4,1
Tipaa,3
Effetto,37
martinambrus,8
desmin88,4
vokiel,11
GodsDeceiver,2
kiteboarderni,3
seiyria,16
paullyjunge,5
drgnwarrior,4
dougrathbone,4
jimbopouliot,2
gayguy,1
cyrusomega,7
nodealyo,1
brunokim,8
leobm,9
lyomi,1
strcrssd,14
OHotDawnThisIsMyJawn,6
n0hc,15
drummer_ash,1
uNople,1
edoules,7
afrobee,23
sleep_well,16
phao,35
claypigeon-alleg,3
elpablo,12
vecowski,14
naranha,2
EulersPhi,3
fantapeach1,1
EvilKanoa,7
thjanssen,3
ocross,2
Murf_,4
generating_loop,7
bcbrz,2
shagieIsMe,20
autophage,3
hbCyber,1
FlightOfStairs,2
cletusjenkins,1
jenglert,5
kulandai,1
benji,3
comrad,1
SatelliteCannon,1
the_pimaster,7
cenancestor,1
dragonnyxx,13
spurious_interrupt,10
joeyjojoeshabadoo,2
DirtLoves,15
mdon14,2
BillyWilliamton,1
Haversoe,1
AgedAardvark,5
Bucking_Frilliant,7
888ak888,1
shortnamed,1
GraphiteCube,43
myoung001,8
joanniso,1
SiGNL_Fills_the_Void,2
dstutz,36
dlightle,10
VxMxPx,1
menbati74,3
duke2074,1
hielios_the_elephant,3
Poodle_Moth,77
busterassrookie,1
rlee0001,14
iownacat,4
snarfbutt,2
yashp,3
LazerTiberius,1
Cornyfull,3
jamescho7,2
shinyquagsire23,7
cs80,2
bythewaves,4
hipiznas,8
Geeno2,1
bumelant,1
joaomc,15
teacpde,1
ScM_5argan,25
sybrandy,9
cho_O,1
necroplex,5
the6thReplicant,2
roastymctoasty,17
echosa,3
javonet,1
yogabbagabb,3
AssassinRock3,3
jeenajeena,2
punkbrwstr,2
kootech,2
IMRed,4
umineko1,4
sotosgc,2
samplistic,1
karottenreibe,3
Barikami,1
pvtfish,3
flowersinthesand,1
fokclown,1
stfm,39
huhlig,25
tdogg8,5
Kruithne,5
windfold,1
methius,5
pilesWoolierwand,1
soreny2011,5
pilifs,4
cushyl,2
sparkjava,4
JavaJerk,9
_noodles,1
ramdaskm,1
CasperFoo,1
shutaro,2
gunnarmorling,1
koenijn,2
4forpengs,6
duckrollin,8
LargoUsagi,2
mucsun,43
ButcherOfBakersfield,1
achacha,19
markerz,35
fruini,7
skocznymroczny,1
logicalunit,1
zardeh,4
CXgamer,7
Splorz,24
mmouth,7
jswhitten,5
dark668,3
MEaster,3
freeka,1
__helix__,2
drdubs,3
bluntzfang,9
crok91,2
i_ate_god,5
trevmex,1
TheDaringHedgehog,1
sjcotto,7
curt94,5
deathpax,7
Bionictoe,2
PixelCrumbs,1
ratfacechirpybird,3
aequasi08,8
TurnNburn,3
TunaBoo,47
Gavekort,1
Salusa,4
adtb,2
Fjjfjfj,3
dontblockmydriveway,1
sixgrainnut,3
AnAirMagic,20
computerdl,5
mrbuttsavage,11
Call_Me_Salamander,3
SlobberGoat,18
lacosaes1,26
zeropublix,1
bfoo,37
moonraker_-_,3
paul_miner,18
chyssler,3
prider,1
severoon,2
statuek,10
acampbell1990,3
FoolMan29,5
nhandt,1
gabeman,1
imbecility,7
diroussel,9
geordano,16
typhona,3
badlogicgames,3
Sheldoor654,1
Vexing_Devil,1
supersalad1446,2
After_Dark,4
DEEP_ANUS,2
runT1ME,1
heyPerseus,18
xela321,4
WitsBlitz,4
biafra,1
leodash,1
Ubuntaur,1
papaslew,1
nutyourself,4
anupamkamal,2
cheese_man14,7
yowmamasita,3
ColdSnickersBar,1
eighthCoffee,3
netweavr,20
divadsci,1
vkrazy04,1
Nebu,25
slappingpenguins,5
Hiding_in_the_Shower,1
hunor95,2
OneDimensionalVector,3
pimterry,1
zmanning,1
mazing,2
EShy,1
codyebberson,4
lortizgiaco,2
thesystemx,127
smittyy,3
BlackDrackula,4
ulkesh,3
lani,1
sorcut3141,9
theasianpianist,4
cmsimike,28
xman_in,1
just_trees,7
Gooner22,1
davidreiss666,4
Hamsum_Jeck,1
SteveAM1,1
MrBrightside97,3
zvrba,17
First_thing,9
msalstrom,2
gooftroops,5
SirKingdude,1
MayflyMan,5
Dry-Erase,5
nret,2
theZagnut,30
sacrot2,2
pgris,36
rdebusscher,1
TorinoFermic,1
looneysquash,6
hogofwar,1
yourlifesayshi,3
tasey,2
toolshed51,3
ikickrobots,3
sterfried,1
A_Typical_Noob,1
rtfmpls,6
debaser121,4
technotrader,12
rpgFANATIC,3
pellets,1
webappaloosa,2
shotgun_ninja,4
give_me_a_cookie,1
rocketblob,6
nicolix9,2
realnowhereman,1
whatnever,3
phider,4
blastburn700,1
cyanocobalamin,24
RunasSudo,3
JoseQueermo,1
John-Garrison,6
mawburn,6
ravedave,7
He11razor,5
Thomas24681012,1
guribe94,3
0x68656c6c6f,1
el_chief,12
mmfqdeath,1
JustinKSU,66
flapfly,1
knacht,1
Ventilatorr,3
Tassit,3
Karatts,1
theBlackDragon,10
cod3Apprentice,1
jentfoo,51
Vigenere36,4
harmingcola,1
md_benhassine,3
mjfgates,3
0x5c783333,1
angryundead,25
metalkingslimederp,1
andre-js,1
hiromasaki,4
epicwisdom,4
jplayer01,8
radiolunatic,2
r4wan,2
Denommus,3
Captain_Boots,3
MorePudding,7
danielcota,9
abyssomega,4
NavarrB,1
Deluxe7,2
beltorak,13
Q_coder,1
GTB3NW,1
letseatlunch,1
infernal_toast,3
197708156EQUJ5,29
mooovinonup,3
TopRamen713,6
nickel1430,4
dev_ire,14
TonyTheTerrible,4
mrconfus3d,2
RedditBoop,2
feed_the_tree,1
AlphaTangoX-ray,1
wickedhood,2
mc_security,1
sindisil,39
idanh,24
theredxalan,1
fatbunyip,1
dpgaspard,3
felixbarny,9
RobotBuddha,3
nothinking1,3
blakeman8192,3
supersayanftw,2
fabiofb,1
doughboy011,3
JesterPatches,1
vincu,1
xybrdragon,1
robscary,1
vonnik,1
philly_fan_in_chi,4
zDev19,4
floppycrackers,1
fabiankessler,1
biffsocko,3
crazysmoove,2
yegor256,17
jamanifin,4
Infenwe,4
Tofinochris,3
puttybuggy,4
mattiasbe,3
TheFlyingGerbil0,3
hotrods20,1
abhirockzzz,2
spy_monkey,1
amnesiajune,1
datguy030,1
tomku,8
deedsnance,1
illkurok,1
ThunderStReich,2
buttmuffin2539,1
jdmacguffin,4
czipperz,7
hapagolucky,1
Twirrim,2
Nocookieforu,1
darthvader666uk,3
MonsoonHD,5
SayWhatIsABigW,1
DiscoUnderpants,8
def_ears,1
Zokkar,1
thantritue,2
Yulfy,7
windupharlequin,1
sarcasmismysuperpowr,1
TomEnom,5
uxcn,10
emuporium,5
BonesJustice,2
chapmbk,2
mhixson,19
rjf89,4
trekologer,9
DeadJournalist,1
ProblyAThrowawayAcct,1
elephantgravy,18
r3v0lut10n4679,6
Commander_Crichton,4
perrylaj,1
skymax786,5
farswan70,5
supercaptaincoolman,1
thevernabean,4
Rylius,3
yucky_thump,3
Alrik,3
RighteousMaster,14
palmund,16
guy26,9
chocolateman2,9
thepont,2
jjokin,5
mahamoti,5
shadow_painter,1
nakedrockman,2
dauntless26,1
Manitcor,19
hgazul,1
fivetoone,11
spawrks,12
hgoale,13
Ferinex,5
user3141592654,22
sivalabs,1
OllieStanley,2
oselcuk,1
luuk2305,1
scrotal_algae,1
Aero72,3
RogueLeaderJ,4
sharplet,4
GreatOwl1,4
AdamKanyeWest,6
Arsene_Lupin,1
wyn10,13
svyas,4
JesC,12
randomlurkerr,10
readskull,2
salgat,2
sylkworm,1
uh-hum,1
macdoogles,2
her01n,4
larlin289,1
Baby_Food,1
Eckelf,1
Carr0t,6
blinder,1
throwawaylms,1
TheMostInvalidName,6
Pyrimidines,3
cnfsn,1
dpasmans,2
Wikiplugs,1
RyanPointOh,4
totalgeek13,3
Rulmeq,2
g0rnoth,1
akoskm,13
Lurk3r_,1
KomraD1917,3
TaxedOP,14
Froyoforever,1
joshruler3558,1
GiantMarshmallow,1
MeziMonster,17
yumi1996,5
mookymix,1
dupe123,1
Gawwad,14
missing_in_time,5
nimbisum,1
thirtytwobitword,3
Furah,1
javaQs,5
Zerraph,3
nutrecht,76
ramblerman,28
SopranosFan,2
SNORLAX199,6
pron98,12
ryan_developer,1
kzr_pzr,2
pushthestack,2
drenchrome,3
random_aspirer,1
holyefw,1
warranty_voids,2
shuggernot,4
harmonicPersistence,43
danskal,10
SocialDarwinist,2
dastuch,2
username,1
sakipooh,29
Mawontalk,7
plbogen,23
ZymosisTheAlien,2
kur0saki,6
GoreFox,2
coned_miro,1
mc57127,4
oliver-bestmann,1
ByteArray,6
skylark95,1
-Big_Test_Icicles-,2
Vinicide,11
MerbertMoover,7
Orac007,8
vfarcic,37
gnome_of_the_damned,1
Toastkingftw,1
Cregaleus,2
higgs241,2
thatsIch,34
DarthContinent,3
vyasvv,3
pimiddy,23
goodsirchurchill,2
MooseV2,4
langfod,12
analretentionwall,1
mickske,3
treehau5_,1
httpheaders,3
doctorsound,8
BitLooter,3
nioto,2
liaml7,1
jacobsvelvet,1
picklebobdogflog,4
Monofu,1
--recursive,2
nogodplease,3
bolt_krank,2
GuinessDraft,1
oxymor00n,4
bashedice,8
cxTactics,6
skunkwaffle,1
eubarch,6
JR1447,3
old_adam,2
andhuvan,1
zkf,5
ambercut,1
KatsumeBlisk,2
GungorTheGreat,14
planet_jones,9
Nowin,5
badamhell,3
DrScience2000,5
kingdavid127,1
AlexMarz,3
lonetrout,4
aresdonuts,1
mm865,8
zappable,15
tea-drinker,11
blackrat47,17
badger_with_ruffles,4
gua_ould,1
starkinth,4
phishdisc,2
ProbablyJustArguing,3
teh_boy,5
RockyRectum,4
gavin7,7
dipz999,8
KTByte101,1
barcodez,2
opcenter,1
DinisCruz,8
rusticarchon,5
robertooooooooo,1
LinkXXI,21
TheDunadan,1
skeeto,18
masterpigg,1
modelioCommunity,1
kluever,7
iserbkin,3
peter-obrien,4
CodeAndknives,8
arnedh,3
babypunchingrampage,6
pjmlp,78
mRj3E52hZCbX73tfusGS,5
kerrz,8
AngriestSCV,2
TuxingtonIII,2
koxpower,1
Ryuksapple,3
ScaryPixelGuy,12
jmsanzg,3
NoLogic25,2
aberrant,1
mike102030,2
Zeleres,1
alonjit,5
-Blackvein-,2
HipposGoneWild,6
ggleblanc,25
not-just-yeti,6
btgeekboy,3
sketchfest,5
fivemidable,1
Regis_DeVallis,2
CleverEagle,1
rikbrown,2
Narrowminded,22
TheBaconReaper,2
ohples,1
4z01235,5
javajoe316,9
koalillo,3
Pandasmical,6
Xorg_Xalargsky,4
mirkoteran,4
Smiffsten,1
Tythus,4
pOOP__,1
ThatGillisKid,4
doneski,7
RevolveDUDE,2
ArenCawk,4
hey_mr_crow,2
tziki,1
reckter,3
j3r0,3
doubov,4
sviperll,1
briandilley,8
frugalmail,111
ConnorBoyd,4
firebyte,1
izvarrix,7
vinodkashyap,1
dayvarr,1
danieldk,24
tpcstld,1
FabTheTank,11
rob5300,1
Taylee,7
BigBash642,3
hum_ph,6
bitspace,1
fenek212,1
OooImmaGhost,8
mgkimsal,22
Yaev,1
TheBlueRaja,2
qsemig,3
tybaltNewton,6
x1gma,2
Dusteh,1
sonay,7
ShyhiemDragon,2
Fitzoh,6
baablack,9
n0mel7,6
russjr08,21
stud-d,2
kiddcode,8
more_exercise,54
ryosen,5
caekmonstar,1
argggh,1
voronaam,15
whitlaaa,1
Soulzityr,7
fau,4
madjic,1
grimsleeper,5
benjobeast,1
punpunpun,1
sh3rp,9
GingerMess,4
JubBieJub,2
jambonilton,7
bgroenks,1
TurtleJavaPanda,2
Magikarpical,1
dja5017,1
curiousthis,4
protolink,1
rpad,1
mirkoadari,5
wuG06,1
RottedNinja,9
metamatic,21
mikaelhg,82
pkimbrel,25
keysRB,4
dotnone,6
au79,4
buyacasha,13
chemosabe,5
ohmzar,22
PaulRivers10,33
philipwhiuk,15
Ippytraxx,3
coderguyagb,11
caakeface,4
huhuh11,8
dedyshka,4
thejavaguy,11
3Finker,2
SomeCuteLlama,2
EnIdiot,3
mikesergio,1
mrburrows,5
IAmCacao,8
Faedrivin,16
_skywalker,7
colig,4
Kristler,10
YdoodYaj,1
wastednoob,4
nlane515,4
julien_dubois,1
Croweslen,1
battery_go,3
California_Democrat,1
sedaition,9
king3730,3
phoenixcrypt,2
aadnk,3
Abcdog1,7
ImperviousSeahorse,5
LoveOfProfit,7
Solero93,4
mrchees3,1
nominal_handle,1
Hueho,3
Zren,5
Joelzone,1
cl4es,5
evil_burrito,12
ScienceBreathingDrgn,3
garfath,2
jedi870,1
peeeq,2
RankWeis,8
TooManySounds,3
Kotek81,5
EvilCheezeBox,2
fellowmartian,3
tonylearns,2
mahonii,1
Slanec,37
DarkFlare,1
pdehaan,2
Blackrushx,2
Bullet2face,2
NewFrontGamer,3
paradoja,2
my-other-username,1
GuyWithLag,52
Tetragrammatron,4
desiguy_88,3
vrwim,13
squirrelboy1225,3
gdjsas,7
shawnwork,3
skepticka,3
darlingbastard,2
kaden_sotek,1
fabienbk,64
novalsi,6
madballneek,14
moocat,1
q___g,2
db_bondy,9
BillySeth,9
ressh1,1
jankenstein,6
uniVocity,41
Ttiamus,2
enroxorz,8
benjmestrallet,2
BeanbagLover,2
remko,2
defected,1
robot_one,1
jonhanson,26
YouFeedTheFish,1
altCognito,32
Rainbow_,28
frogsbollocks,1
worksafe,6
adc90,1
BikeWasStolen,4
jrh3k5,24
Karkoon,3
capcom1116,3
violentlysarcastic,2
Iam_new_tothis,8
Almeyda,2
career_throw,3
pal25,9
jeyoung,5
Olfbir,1
snot3353,5
denlillemand,1
aniffc,8
zzing,64
Hoolean,5
drdeemanre,3
loicd,11
chrishal,1
pinguyn,10
0x7C0,3
hipstergrandpa,6
TheDeza,1
GreyDeck,2
LeonardUnger,6
ditoax,3
BoarSkull,1
lowdisk,2
angryamerica,1
rosscatherall,1
BinaryNexus,3
uusuzanne,1
oddentity,2
ptoki,2
ivolimmen,9
amazedballer,6
RiWo,2
olgash,1
chris_zinkula,11
zachdini,4
mcdileo,3
Ednar,6
Wartz,6
WarInternal,6
DukeBerith,7
jonathon8903,5
Boomer70770,2
N1NJ4_J3D1,1
blue_beastie,3
Medza,2
jackrackham19,2
felix1429,25
chepprey,9
Embase,2
MIKE_FOLLOW,2
roundfishbook,8
gibberfish,1
quantumbyte,3
ATallMan,1
Coffei,3
Ishaar,10
roqbthegob,3
Pylly,5
bary3000,1
ygolecha,2
sjmaple,5
mad_ned,1
Avambo,8
tevert,38
wastevens,4
DuntGetIt,1
ManBearPig801,5
xcjs,2
casiBruno,5
devinsba,3
dark_salad,5
RoboMind,2
greeedy,1
espaan,5
Missionmojo,4
Agodoga,7
idrink211,7
Neuromante,5
doSumthinDiff,2
MatthewASobol,2
yetanotherx,18
Viat,3
subsnipe11,3
MoldyTaste,9
JeremyManson,1
DaSpeedyRunner,1
resdatasys,2
cowardlydragon,55
Sionn3039,1
Kaelin,10
therantingnorwegian,1
mc_hambone,18
xanadu1988,5
gregthegeek1,4
Malak95,3
Yimmer92,2
herimitho,11
UlyssesSKrunk,7
DannyNullZwo,12
tien113,35
shvr,1
sujoydc,7
terremoto,1
vvincirey,2
Discrete_Number,2
Jeffrey_Forbes,1
Devon47,3
dj-method-x,4
ExburyFalcons,3
chickenmeister,5
pcs600,2
nahguam,7
Kalahan7,2
00rush,1
rkonigsberg,1
Ferret_on_meth,1
jamesinc,3
cmhdave73,2
zabbit,6
karlthepagan,64
Jezzadabomb338,1
LiamEBM,1
0body,7
Totag21,1
mbillie1,8
DiscreetCompSci885,6
Stromovik,10
hockeygoalie5,1
BernardMarx,1
straatman,3
stewsters,11
mashmorgan,2
DoktuhParadox,30
thejames42,3
Brachamul,1
synn89,3
whizvox,1
rubsnick,7
heytaytay69,4
juvogel,2
carabolic,12
jjungnickel,4
Rockytriton,13
coreb,3
Roarexe,1
RockMeetHardPlaces,56
mrgrandpooba,1
rapidYouth,1
jdsfighter,8
nostalgicBadger,1
darben83,2
schteph,3
Enumeration,1
TheSeanis,6
XzarTV,4
admiralranga,1
UnspeakableEvil,78
Wait_ICanExplain,3
churro777,4
liquidhot,2
Crummosh,8
rohshall,4
hellowill89,4
milcom_,2
RevThwack,2
nikniuq,1
Skipperr,4
dougfelt,1
Papibarozza,1
salts0foldTides,1
Blacksheep214,3
MasterEjzz,3
robilco,9
benkitty,5
kennyjKage,1
ars_gappy,1
Pohy,4
yuzm,1
karish_c,2
Nillzie,3
olafos,2
HyperbolicInvective,1
chicagojavajobs,3
joshir,2
okmkz,66
caffeinecoder513,4
toddffw,13
tabularassa,1
smellyeggs,1
wrinkled_collar,2
beardykeys,1
smakkyoface,2
pizza_is_good,2
Richard_Fey,4
Protuhj,2
fzammetti,17
Kraizee_,5
Slight316,2
LanceUpercut,2
icdae,1
chomputer,5
techz7,1
well-that-was-fast,3
WorstComment_Ever,4
goofdup,2
thephotoman,30
MrTurek,1
strangepostinghabits,5
ajd187,1
SirDucky,8
jeffnelsonjeffnelson,3
jeuno2,3
mildno,1
Xaerxess,3
random58647,1
combatopera,8
anbreads,3
MrTra1tor,2
StillAnAss,3
cjbooms,3
sparkframework,3
notworkingforthefbi,2
the8bit,7
Stormtalons,2
splunge4me2,1
immure,5
knohma,5
mrdiggu,1
morginzez,1
corshura,1
dayjar,1
vinyaa,1
Duncan006,1
Fistoftw,3
binomial_expansion,24
yoho139,3
Boris-B,2
toralex,14
youngliving,1
justintib,4
martinmcfly9,6
maylito,2
oskwish,2
shibaware,4
svennidal,3
D3v1,3
adila01,67
Kaze79,3
heko17,6
atowned,1
TheBoulder_,3
lucius666,4
TechnologyLaggard,1
nananaRatman,6
404_UserNotFound,1
RobeMinusWizardHat,4
iKeirNez,9
beta4gm,2
I_Am_A_Penguin_AMA,2
katyne,11
Uncle_DirtNap,4
_blackcrow,1
duksandfish,5
vitezg,2
nifraicl,1
dustedrob,5
leviathenr,1
trchttrhydrn,3
atom-man,1
zhouji,18
loa09,12
robertmeta,4
Exikle,3
AmateurHero,10
CaptainFeebheart,14
Cyberogue,6
johndament,6
jonnywoh,1
ieatsoicanp00p,1
ndan,3
OneLessThanInfinity,4
fripletister,13
lukasbradley,10
axitanull,1
ratatask,14
dtfinch,3
My_Name_Is_Steven,1
sad_nixon,2
breandan,2
matjam,1
ghuigiojoj,2
G0ldf1sh137,1
AmauryEsparza,2
ericchile,1
UTF64,5
Surajpalwe,3
bjozzi,2
kieranvs,1
CreamLog,5
Fun_Hat,1
djnattyp,20
markdude701,3
i4mn30,1
Cyndaquazy,18
lichorat,1
captainroyal,4
MarshManOriginal,1
entreprenr30,1
jimktrains,1
copopeJ,6
hubraum,12
Is_At_Work,20
abelcc,1
NotAName,2
Unh0ly_Tigg,3
Pelmeen,1
JAVA_CODER,2
elastic_psychiatrist,4
boomish,1
vineetr,4
fongstein,1
suckseggs,4
mockin_the_suburbs,4
derstabby,3
AnarchoDave,4
sodaco,7
bolek10,1
Deaod,7
Nackskottsromantiker,1
rjcarr,7
deiwin,3
021fluff5,5
dissonantloos,2
badpotato,23
15thpen,3
geodebug,31
WatchDogx,12
Chuck3131,15
in_nothing_we_trust,2
shelajev,5
absinthe718,6
predef,3
malsonjo,2
arandomact,5
davehrtng,1
Quabouter,5
warmwaffles,5
Tostino,9
treerex,7
BarghestWarlock,2
kalcytriol,9
Parthros,6
sly_as_a_fox,4
chrycheng,2
immibis,8
Profix,1
Electric_Wizard,1
ryebrye,76
Free_Booze,1
legal_throwaway2,1
ryuzaki49,7
elacheche,2
kaptainkernel,2
habitats,1
RagingOrangutan,18
dieelt,1
boyz13vinz,2
windowzombie,1
eu-guy,1
Darkmoon_UK,3
jaie,2
CSMastermind,1
Briere,5
thebatlab,1
nocivus,5
bobmoron,2
pankaces1,1
chadsy_,1
AirMoons,22
bit79,1
SpecialEmily,4
tjamanis,5
yaffeman,6
AdmiralRedstone,1
Otroletravaladna,3
shrapnull,14
Vultatio,15
morgazmo99,8
bcash,10
BattleAtron,1
unerds,3
NuclearFej,1
mullerjones,5
kromit,2
MatthewGeer,6
happymellon,18
donders,1
ZeKWork,2
Cherry_Changa,1
SarcasmUndefined,9
birdwastheword,1
vagued,4
Neckbeard_Prime,1
nlytnmnt,1
abibbles,1
RaiausderDose,7
lesleh,3
piderman,1
alphager,3
merkucjo,1
Tehpolecat,6
aviewdev,11
Xabster,10
ares623,5
_pi,24
Picklesaur,3
mmmguitar,4
enry_straker,2
brunocborges,16
VesperStorm,3
hornetblack,3
BlakeBarnes00,8
RikiMaro18,3
bollockitis,6
narrowtux,19
adam4543,6
andrewpolidori,1
stropheum,5
tealcello,4
brod333,2
scarecrow736,1
SeriousWorm,8
histumness,5
Kimano,6
sixtyt3,3
Hax0r778,9
ron_krugman,14
MyMilkedEek,1
antoinesd,3
Elnono,3
ebin111,4
guyintransit,8
gmateo,1
bjarneh,3
iamataco,3
sacundim,9
polarbearurine,3
EdwardRaff,14
yeluapyeroc,1
Galuvian,1
shipilev,3
jllado,1
janb360,12
Benutzername,2
sneaky_reader,3
spacepotatoe,2
Amnestic,1
Tonno22,3
aboyandhisdog,4
datumbox,4
ydobonobody,4
tommydukes,2
sandeshm22,1
bumhugger,4
lockd0wn,1
Moeri,1
Darkhack,1
aspleenic,4
pkaruna,6
regallomontana,4
tanenbaum,8
berlinbrown,1
Ph4g3,2
shadowdude777,1
inspiredunease,1
Trevoke,5
blazesquall,6
charcourt,2
freebit,4
swaghettiyolonese,3
dcballer,2
SleepRater,4
JonathanGiles,1
ring2ding,1
gracenotes,3
Parametric_,1
galaktos,19
matejdro,3
Aretnorp,1
ulfrpsion,5
codemonk,1
Sackboii,6
element8,1
inn0,1
Zinkarah,1
ajakaja,1
edralzar,1
rocketmonkey44,3
snotsnot,11
CodeTheInternet,1
EnragedMikey,18
JimAllanson,1
alexandream,3
BeefWellton,4
xMordethx,5
kimble85,1
falkhausen,3
tamrix,22
thirdcreed,9
marcTidbit,3
navrazde,5
gamerman315,7
BowserKoopa,5
liltitus27,25
cmdrNacho,9
YouMissedTheHole,3
eugecm,2
pointy_pirate,3
sfasu77,1
Lord_Zero,4
Hdmoney,8
benad,3
Spoogly,4
jfoutz,3
Buckwheat469,4
iloveportalz0r,3
toorealc,2
meoworawr,3
funkyfly,1
aposter,1
EpicDavi,5
duhace,50
Meatsause,1
rolandkrueger,2
jshen,6
RodWD,1
ChargedPeptide,1
daredevil82,13
jzsprague,2
rob_j,9
mohaideen,4
pablo208,7
hurapsa,4
gkopff,16
aqua_regis,13
somethingconcon,1
Darksonn,20
colphin1,3
paperhat,12
Aleskidazzle,2
AbominableFrost,7
mockindignant,2
sigzero,6
Yevon,4
afiskon,2
1n2n3n4JAZZHANDS,5
AnalMumPlunger,2
prlmike,13
nikhilvibhav,1
kultingen,3
PDFormat_SFW,5
suikkari,7
rica0511,3
FrozenBra1n,1
cnilesh,1
testarossa5000,4
tr1bune,4
PM_ME_UR_VULVA,1
semioticmadness,4
AngelOfLight,2
publicclassobject,3
Malangelus,5
idoescompooters,5
MrXlVii,2
justforkix,1
snuxoll,47
Ilitarist,8
oldum,3
antrix,3
namrog84,1
jaccozilla,3
wyzellak,10
mikaelstaldal,9
TheTruBronyOhOh,3
jms_nh,2
omapuppet,6
sympl,5
farsightxr20,2
Dashing_McHandsome,2
tis1789os,1
Hastati,5
iRageGGB,7
molo1134,18
itzdallas,1
TichuMaster,6
exoplasm,8
RileyWWarrick,7
Papidada,1
effsee,7
klotz,1
Zombrah,1
okamiueru,7
BoxMonster44,5
muhammedabuali,1
dasngd,2
iainjames88,4
ajanata,1
TheGadgetCat,4
liferollup,1
josephbales,5
FearrMe,3
HilbertSeries,10
dr_boom,5
ed_zero,1
Gwenhidwy,1
notaninterface,3
gary_rowe,1
todayiswednesday,7
Princecow10,3
geneptor,2
delaaxe,6
KozmicFrog,4
swiz0r,2
asking_science,22
kpax,2
softwaredev,1
nztraveller,4
jefeperro,1
sunlollyking,2
thirdworldprobs,1
sashko5,5
BobsCandyCanes,3
LostDigit,1
dudner,2
alterationx10,1
HwyStar,2
pilatius,2
kakakarl,41
haho4,1
zievereir,3
Sacredify,5
Agoniscool,4
bitcycle,1
droidBehavior,2
boyubout2pissmeoff,11
Cthulukin,17
domchi,4
archaios7,3
Flekken,1
whompalicious,3
bigced97,2
ObscureCulturalMeme,1
romaink,1
moosetube,1
AwkwardAfrican,1
urquan,85
andreggy,1
DoctorRabbit,1
TerinHD,1
vedoctor,1
jrvw001,1
Orangesapples7,4
stay_fr0sty,7
jhonepra,2
godlesspeon,2
BacchusPlume461,4
electric_mouse,2
Cra5hnatural,1
fhoo,1
blixxx,2
vkolev,4
mbosecke,13
Uploaf,1
rraghur,1
cooper6,6
HugeLucifer,2
LaPerraDelDiablo,4
orfjackal,1
tomkatt,15
squishles,10
zhong-j-yu,20
arcticwolf91,4
civild,1
sreya92,28
DutchMuffin,4
mkaa00x,2
Pnikosis,4
bartamues,1
crewsd,5
TheDiabeetusKing,1
Daniiboi94,4
CertifiableNorris,5
The6P4C,9
Celos,10
JavaNoviceWannabe,4
sentenzazen,1
loganekz,68
buhburkz,1
edman3d,4
cdnincali,1
borscht,22
tunedportcj5,3
screamuch,2
UBJelly,1
Vlasow,5
Ferwerda,3
Dongface,25
eraserman,25
TheEffortless,1
coder111,59
guitarsteve,5
Fwuzzy,3
PLament,4
mgrandi,25
Inoka1,2
papercrane,7
thundercleese,4
OreLee,5
walen,7
zaboingMIA,1
Tok-A-Mak,3
rb7_brady,4
mk_gecko,8
ABGamerBoy,3
Deusdies,3
niloc132,4
JaeDuk,3
Crenox,1
Lick_A_Brick,1
RecursiveInsanity,3
s0n0fagun,2
drinfernoo,5
nfrankel,5
sonicvince,5
Kostenloze,1
imapeacockletmefly,3
kevchaddy,6
PyroNavi,2
sparky222b,1
NaziAdolfHitler,20
ellpol,1
bmrobin,6
ablurius,3
LogicCrazy,1
Speedzor,3
wuisawesome,5
The_FactSphere,5
Glassius,4
okthisisgettingridic,1
killbox-48-alpha,10
Mejari,1
TheDarkMetroid,3
aaqqbb,2
elunico35,5
IanPR,1
endjynn,3
MisterNetHead,4
THE_PUSSY_IMPALER,1
zman0900,22
janko33,3
juwking,3
avoidingAtheism,12
gtac,2
locomotato,5
technoholic,1
nonalexandro,3
emp3,1
code-master,2
jjnguy,1
oldneckbeard,66
king_of_the_universe,180
Batut,1
rush22,2
pragmaticprogram,4
cwcoleman,9
pkimaster,4
geGamedev,6
illlikeapop,1
3pieceSuit,7
get_username,1
spacer0cket,8
tazzerthespaz,1
bit_shuffle,1
onebit,9
b0b0b0b,7
MandrakeQ,2
thefinalrespawn,1
tapesmith,5
Nilstorp,9
TheBrockGage,7
Zeliek,4
2perk,1
rickboerebach,1
BS_in_BS,21
JakeWharton,22
DarioMil,1
Aerialstrike,1
sarcasticreally,1
2pxl,4
cmcpasserby,13
GrayDonkey,36
HammeroftheJust,2
Rudeandright,3
TheNextHokage,2
desrtfx,164
ivanristic,1
pentothal,5
ctharvey,6
Big_Boss_Bubba,2
defer,4
jakemp1,4
jmgoodhart,4
Bloodshot025,8
Dested,3
WhyJavaSucks,1
Snaipe_S,2
EscapeLizard,9
mdaniel,3
Martel_the_Hammer,2
BleedingHawthorne,2
watafu_mx,4
jbristow,47
charlottedinkle,1
Coopsmoss,2
Revick,4
djhworld,8
ModernRonin,9
sammy8306,1
snago,2
monumentshorts,36
hzj,3
cd2014,1
bondolo,25
user291,1
notmyareaofexpertise,5
amertune,1
nomadismydj,1
balazare,2
aeisele,3
jen1980,1
NeedANick,4
svzdvd,2
winterbe,9
wolverine_23,2
omgdonerkebab,1
paniclater,6
haisi,11
danofar,11
rw_,2
RedditWithBorders,1
j3sis,6
hoohoohoohoo,30
Nynnja,2
mm_aa,2
K1ngN0thing,3
super__mario,7
Feribg,1
c0derx,4
joeyGibson,1
volch,7
qwertyfoobar,2
aclave1,4
javahypervisor,4
alihoumani6,5
n0tcricket,29
Harha,2
TotallyaHitman,2
demon_ix,13
seronis,3
PCJPablo,2
IllFatedIPA,1
Zapp42,2
vrcca,4
Seus2k11,1
Rodents210,1
JuxhinDB,12
MaybiusStrip,4
LISTEN_TO_THIS_SHIT,2
robinst,1
LeoREF,1
God_of_Dyslexia,4
ComDroid,2
Daejo,7
dorkquemada,3
wooki_,2
slughugs,1
alinroc,1
BaconMarmalade,3
bfish510,4
javacIO,2
xeon65,2
heilage,14
KruppiABC123,2
atrioom,8
Super_Beaver,10
sanchopancho13,21
sh_emami65,1
BinaryRockStar,44
walternyland,11
kurabucka,1
got_milk4,1
FizzPalm,1
BlobfishBite,4
tobascodagama,16
Rebuta,2
nCrazed,7
alanboy,1
My-Work-Reddit,14
opensourcequestion,3
Lindby,20
sth8119,1
b0zho,1
rodentbaiter,1
randomhumanuser,2
ThatWasVexy,2
cyberhiker,3
chrisZk,1
TheHorribleTruth,111
codinkev,1
youguysgonnamakeout,4
mintminter,1
SHITTY_ATTITUDE,1
123571113171923,3
EstoAm,2
Ogunarek,3
papassinqueso,1
curmudgeon99,52
fracturedcrayon,2
jbaruch,4
alex_w,5
galdikas,7
Smithman,25
srbs,1
gryftir,6
viciu88,8
seppyk,4
shasum,2
mdempsky,2
GeoAtreides,5
FirexJkxFire,1
mobileperpetum,1
orezavi,2
King_of_Nope,2
Beanboy112,3
e-tron,3
cynicalkane,1
meddlepal,22
marburg,3
rfederici,4
MatticusF1nch,1
Voltasalt,6
TonariUemashita,1
sci-py,2
aperture_synce,1
mallowbar,3
bghenson23,5
GravitasFreeZone,4
PM_ME_UR_SMALL_BOOBS,7
curiousGambler,3
Bair8xiu,1
wizgrao,7
BruceJillis,7
willpower12,2
nqd26,44
themadweaz,2
stormcrowsx,46
jasonogaard,2
EmTeeEl,1
noblemaster,3
Viped,1
capitol_,7
Alexcameron89,1
retrogamer65,2
jscriptmachine,2
Enzor,1
BoC-Olson,3
fixingTheDents,3
dgrobler,45
dos_caballos,3
thatphotoguy,11
marbaez,6
DLFCN,3
midknightsrose,1
DasWood,6
gopack123,4
sinsan01,2
aaa801,1
rlangmang,9
nick_giudici,28
Uncaffeinated,2
pandemic_region,33
WayWestDesign,7
bmwe30is,3
brunov,1
sunchand,1
_rauix,7
_Sharp_,64
hooverbuc11,4
MeanMrMustardMan,7
hanlon,1
rz2000,2
Tofflex,2
kneeonball,1
prahladyeri,1
omon-ra,1
saruwatarikooji,2
LifeChoiceReflector,1
hothrous,1
luap119,5
ewwFatties,2
OriginalKopy,11
clemson20,1
yepyep7up,4
LevonK,7
charmex,2
sh0rug0ru,226
andrew_ie,1
Seamy,2
RedPill115,8
Elite6809,2
drsquishy,2
ran_don,1
FiddleMeDoolittle,2
rednef,2
BigshoesBigSocks,1
CrunchitizeMeCaptain,3
deadbabyseal,8
_vvvv_,6
mxseven7,1
ripper2345,1
opett,4
yogurtnhoney,3
redzor,3
RhoOfFeh,57
raphw,2
rozzlapede,1
0_1_8_144,9
the_hoser,34
anon0108,22
jabudcha,3
kineo,2
atehrani,19
deverdev,4
acrediblesauce,1
MasterTender,7
LostInOttawa,1
lennelpennel,2
thekab,8
skgoa,16
bagezio2,1
kjartanrh,1
gordonkristan,2
daylighter10200,1
Stick,5
TheeDean,2
dartalley,13
Rayden454,1
brintoul,3
Truthier,43
Nairog,1
WolfofAnarchy,1
kuj4k,4
Sticky_Z,4
spiderzork,1
aenigmaclamo,2
Chaoslab,3
lowmagnet,9
shevsky790,6
Eating-Cereal,2
plcstpierre,12
PM_ME_NSFW_PICS_GIRL,3
kapuzimo,3
O_HENDO_O,2
kehsihba1987,3
laidlow,6
jkbbwr,4
TheChiefRedditor,9
javapocalypse,1
areyjaffa,1
AyooNisto,8
lelarentaka,49
vafada,4
KingKazuma,1
camilos,29
andrill,1
CrAzY347,3
n1tw1t,4
jander99,9
rinru,4
Smilax,3
Imnotawizzard,1
nub_cake,1
Paddywaan,4
Jon_Hanson,5
Darksirius,1
frankiesardo,3
hankwk,1
x42bn6,2
codeusasoft,12
ipadandfleece,2
c0demonk3y,4
bennettweb,2
TheRoude,1
blah3div4,7
happeloy,2
real_huitz,5
tVoss,3
plarkin,1
appamaniac,3
Martin_WK,2
cebarks,7
becha,1
Vorzard,48
tavianator,10
tonymonmaster,1
kenshinji,3
dzkn,1
thedeadlybutter,14
SisRob,3
electrotype,4
Cabbagenom,1
jjopm,8
SomeNetworkGuy,18
MamaFrankie,1
firsthour,28
Nick_Burns_ThatsMe,3
IcarusBurning,9
trzmiel,1
Keilly,53
apetersson,2
Finniecent,4
astange,1
RagnarIV,2
michalg82,6
secrets_meow,2
NerdyMellon,3
ziplokk,5
-anton-,2
teambob,5
Flinkgutt,3
mosgjig,15
thedude2618,3
FIREINMYVEINS_,14
b1nd,3
qaisjp,1
stillalone,3
lapalissiano,1
Nathlin,1
Rotten194,1
Fiji_Artesian,2
golfreak923,1
EatThemUpYumYum,1
axelei,3
Fubob,6
DolphX90,4
BMintern,4
LukeHauser,1
devourment77,2
spanky10lb,5
lachof,1
Davebucks,1
codinglandlord,1
DerpDotText,1
blaster4o,1
jf03cg,1
Kawrt,1
lebski88,1
nof27,3
leivaagustin,6
jt2791,6
MPNussbaum,2
HotRodLincoln,17
Nilmandir,3
s0lv3,4
kumarldh,4
lukehashj,1
pedropenna,1
zzzjoshzzz,1
kradx,1
ClrLine,3
hotdogfights,3
qmic,1
meotau,25
bithush,13
luan-cestari,10
kaylebot_br,1
