Username,Ohio
NerosNeptune,5
squeaksme,2
Dynry,2
dan330,1
bupps5,2
mossy56,3
AtomicCow,5
NinePeedles,3
GreatEnigma,2
dragonmere,3
w0ppe,3
pHorniCaiTe,1
AshTheGoblin,1
blink1371,10
LadyTimeTravel,1
electrolytextc,1
flanders427,4
tanmanX,14
pg5042,1
j0hn33y,7
Bud10,9
Strelock,3
alittlealoneduckling,1
GoonMasterChampion,1
myockey,13
Turd_Fergusons_,5
Brobitz,3
Rsqu,8
Thankskindly,4
claymier2,2
Akaizhar,3
impshakes,4
anti_username_man,4
thewriterbenny,3
smartzie,3
urbanbutter,6
Nibaritone,1
MastaMp3,4
rounding_error,3
Nasty_McShasta,1
DrBrian,33
vhutever,1
tinelledelmorogimene,1
ForgotAnotherPasswd,2
BlueSpun,5
hardolaf,7
pickin_peas,5
plumber576,2
ImostlyLurk,6
ephemeron0,13
Greygooseandice,9
robow556,4
CallMeHondo,2
firerunswyld,1
mystery79,4
Breathmintsx,4
agentlame,6
joshwoodward,20
tresbizarre,2
cortana,1
BeerBaconBoobies,4
UhhImJef,3
BarleyDog3,2
argerichian,1
ChanceyGardener,2
Backstop,38
chilihands,1
quintus_aurelianus,2
Predditor_drone,4
pexandapixie,2
austinjb555,9
mrlowe98,1
Cabagekiller,13
SassyTabby,1
genderwar,16
the_Stark_Knight,1
LaughingAtIdiots,1
traininthedistance,2
monkeyslices,1
globulous,4
highvolt,3
theallusionist,1
Cserfs,1
guiannos,3
Key_Lime,14
duck_butter,1
mechanical_Fred,1
RyanJG,2
morelesserpandas,1
newtruckfund,6
musky88,2
Jordan102197,3
runnitnlulem,1
king33,5
crackedrepair,1
imnotminkus,10
aq514,2
VodkaBarf,3
hoppy1028,5
wkdravenna,29
gary46265,3
aooot,6
Domodude17,3
buckminsterabby,1
Ass_Explosion,34
WillowAranthi,20
purefire,1
PLSfeedthetroll,2
Generic_Lamp,1
KayZam,1
MaxwellFPowers,7
BurroughOwl,61
nominus,2
theaxel11,2
sheepramewe,2
carbonlifeform22,3
eminemdash,1
hackerbots,22
daleksarecoming,3
1nkyb00g,1
specter376,1
hansloas,8
tacticaltaco,5
bad_neighbor,1
ikeif,3
Akronaut,1
unbanmi5anthr0pe,6
kithmswbd,1
Zepper7,1
jSc4r,5
Sepherocky,1
zahirsk,1
ousenior,2
kdusie1,5
bravecoward,3
Kavok,6
daytondownvoter,1
atipofthescale,5
brickx2,2
JohnStamosBRAH,6
greyskyeyes,5
taximes,2
wickedshxt,1
LetsGo,9
testube_babies,1
PsykickPriest,1
AntsInMyMouth,8
jmitch03,2
Pastordan23,14
juicyfizz,8
steach91,1
LickNux,1
Atomic_Skull,1
vanilla_gorilla1985,1
Coneylake,1
Dropdatopz24,5
0xg0ldpk3rx0,1
westmontblvd,1
39g,4
babysealsareyummy,1
theshook,2
GingerCookie,2
BlankVerse,4
WeWillFallTogether,1
CharlesFinsterJr,3
yayomg,2
mmazurr,6
Goliath27,8
SSJwiggy,6
CrocodileDilemma,1
SanityNotFound,4
anonymous-alt,4
cnb90,5
OnlyYesterday,3
ajlucero1792,1
gram_parsons,4
TrinidadRex,1
GOPissed,8
JacketKeeper,36
Nvjds,4
stubrocks,3
Dustmuffins,5
threephin,2
Raelynn86,6
Stinky_Eastwood,19
RedStag86,15
engaffirmative,3
w0lrah,3
zetsuboushitaaa,2
Caesar914,3
ebaker1982,1
low_lvl_peon,2
airlick,3
not_AIDS,1
manyamile,1
Num1Stunna,1
zombieOMG,4
Roose_Bolton,3
Chimie45,6
PCjr,1
ozzyoslo,2
gambrec,2
dtoast,1
Inglourious_Ryan,3
dbobaunchained,11
Waffle_Maestro,6
Emmo213,2
Pactriss,11
yitspitts,1
tizakit,1
katydid15,5
FangedBoner,2
maori_kutta,9
DeathSludge,4
Merovingion,8
i_cant_fap_to_that,2
rmg88888888,2
LameReference,3
gamehenge2004,3
Heat87her,3
NotBlu,1
Ex_Astri,1
jedispyder,6
okaydolore,1
webbedgiant,1
runnerofshadows,2
seriouspasta,4
TripsB13,3
mazman23,3
clockrunner,3
notquark,6
Nyandalee,9
CuntsInSpace,2
RenlyIsTheFury,9
Hobash,2
RudyButkus,6
GiveMeABreak25,7
frequencypromos,1
lookitsme889,3
hoffmanz8038,10
thecoldwarmakesmehot,2
stubble,1
I_DR_NOW,1
Proudestmonkey41,3
texursa,2
ComfortableToast,1
nikolajz1,4
HughJorgens,2
MarinePrincePrime,11
LavenderBluue,1
adzm,2
perryhull,7
Myth51,6
Alice_In_Zombieland,6
lendrick,5
5k1895,3
FjordSnorkeler,1
vitaminmary,3
Na__th__an,5
EarthDayYeti,7
TheAex,2
igobyterry,6
purplesquirrels,3
alphanovember,3
KLimbo,3
theFace,3
kooknboo,5
Josiah_Bartlet,6
LoveandBonor,16
Iyoten,11
Perry87,3
amspence,10
intendingtoburn,6
catfoodcatitude,2
swizzcheez,3
CrowzNarbin,8
Anaximander23,4
AK55,1
itrv1,3
ecapstime,6
frsp,1
IchBinAkron,2
The_Sven,1
darthNinjabro,1
seca,2
DeathGuppie,1
oxide1357,3
The_Great_Grahambino,3
Utendoof,2
PuyoDead,1
Viral_Krieger,5
john-five,1
MrF33,1
ct_2004,2
Forty_Six_and_Two,22
lionsaddle,4
Mr_Piddles,11
suvdonkey,1
OneMicroscopicCog,1
Mykle82,1
Wrong_Opinion,1
davidd00,5
Niehaus,6
audersaur,16
PsychoSupport,3
Cheshamone,2
SqueezeMePlease,2
ohio_liberal,7
xkillabudx,2
AaronOpfer,1
artifactos_ohio,5
shart_attack_,4
Glencrakken,9
slugpmc,1
ogiRous,3
CogitatorX,5
MTGothmog,3
13374L,12
jlwhite01,3
tonyfranciosa,4
NDWolfwood5268,3
steelo14,9
Schlitzie,5
Nightcinder,5
FLOHTX,3
pkenny72,1
Rayogen,5
flint_and_fire,3
Rambis,6
SPARTAN_TOASTER,7
CharlesVI,1
cry_baby_beluga,5
ivtecdoyou,6
ab00t,3
Khatib,1
OriginalityIsDead,5
AngelaMotorman,53
firstwaswhen,5
Mr_Initials,1
libertyordeath1,5
Sax45,7
damnnbro,1
photoho,1
osuman,1
GhastlyDeath,3
Tee_Whet,1
OneFishTwoFish,1
buckeyeporcupine,2
Spineless_John,15
Kosmo_Kramer_,12
NoesHowe2Spel,1
Aplejax04,4
The__IT__Guy,2
redditor01020,1
thebiffdog,2
No_C4ke,3
paurwar,1
adorableinpain,2
jamesabels,1
countess_of_tyrone,3
Destroy_The_Corn,4
MoRockn,6
Aedalas,3
Sebbywannacookie,3
Lythp,2
Zeriah,12
DangerAndAdrenaline,26
Sunlit5,1
jpeezy37,4
wanderlusterer,1
youngcynic,7
pdworker2,1
DieMensch-Maschine,3
bankaibs,5
fuckyouasshole2,12
AthlonRob,9
n813,1
desull,1
Lmyer,3
didnotwanttoregister,1
treebox,1
Oldgums,49
tm258,1
Xer087,3
bowhunter6274,6
Megsnk,2
eklop,7
oijalksdfdlkjvzxc,4
SimeonsDilemma,3
poopsquad,11
montereyo,19
CupBeEmpty,32
TetVonD,9
DewbieMonster,6
tj111,3
CoverMiPorkins,17
alts_are_people_too,4
XLenceOfExecution,4
kugzly,6
ieatglass,11
MizGinger,4
krs00pxy,1
DSporks42,2
NeetSnoh,3
dicaxe,5
Ihateloops,12
Jasonlovestummyrub,5
jechtblade,1
aloneandeasytarget,1
naaate129,1
JustReef,1
Stig101,2
dragonjujo,3
jkjarrod,1
DoublyThumbs,1
goodg1rl,2
El_Dudereno,1
Brokenshatner,2
Quattlebaumer,1
tyedyehippy,4
Ruskerdax,7
Psyqo72,2
SibcyRoad,3
ThunderboltOfWisdom,2
semiretardado,7
longleggedwoman,9
spritle6054,21
SovietShooter,9
Ebenezer_Wurstphal,3
Moonbath,6
mallopotamus,3
andino0id,2
keith_is_good,5
DLumps09,1
Mr_Bricksss,3
Unawa,1
yellow_tulip,7
average_white_male,1
Ericovich,9
KimJongUnchained,5
HoopyGalore,1
owlthathurt,12
natefakes,1
jwr87,3
ajm5338,1
MisterBSS,1
benjisauce,4
SinisterSwords,2
mx3goose,6
thinksquared,1
Ghengis-Khunt,6
71nobody,1
TriggerHippie0202,1
LadyOzma,6
jmh9072,5
MKSt11235,3
PussyWhistle,1
Vital0ne,1
thatronguy,1
lboss1223,1
BoopysRevenge,1
gmann2388,2
AceOfSpades70,7
tropicalstormeric,4
rj17,9
kyle_alot,4
dollywobbles,11
hobakinte,1
Grover-Cleveland,3
McFlips,2
BanksyHF,1
yareb,1
Ihategeeks,10
Mnemniopsis,2
TribeFan11,1
pandacottondrop,3
stankyschub,5
konfetkak,1
Dugout-Doug,1
arepok,7
That_es_Outrageous,1
GunOwnerForPeace,3
mh6446,4
brandilion,8
Valisk,2
daytoninformer,6
abuckfiddy,3
alethia_and_liberty,15
TheSimpleTruthAsISee,2
tyfunk02,1
Soilguy,1
andefz,1
uselesslyskilled,2
inbeforethend,10
karmaisourfriend,17
akasha44,3
tqi,2
QuintupleTheFun,1
elax102,1
bmcclure937,3
notoriouslush,8
icetraigh,30
LastThinkingRepub,1
GreatMoloko,2
sexandcandy,5
meineMaske,8
DaresToLive,1
homesickalienz,1
toadstyle,1
fad_jab,5
The_Withheld_Name,6
Socrateezz,3
Hereticalnerd,4
Jamska,3
empyrealinc,2
spitfire8125,8
Arrowmaster,4
YukenKaminoke,5
RubyNevada,4
StAcacius,3
blackheartbass,5
TBurk83,17
namethatisclever,1
NAlaxbro,1
snixon67,1
Totenglocke42,9
newfers,1
4tytw0,9
karma199,3
greg8872,4
draftermath,9
AGuyFromCincy,1
LoverlyLivia,2
initiatefailure,3
LaikaOrbit,1
iRedditor5,5
Orangemen,1
borge12,6
Cheez_itz,5
mckinneymd,11
stevpalmer,1
ronryan4,1
rachaelwiegand,1
doodwheresmycar,6
GegeTheGreat,7
BaconBaykin,2
ianmcbong,3
iamyaM,5
Zadder,2
PM_ME_PICS_OF_UR_MOM,4
MaggiesHarm,3
crazyboobsWHY,4
IAmHowl,5
The_Only_1,13
MegaBaller,3
HS_00,18
redcell5,1
McGravin,16
westparkguy,32
smrtangel3702,1
crashohno,2
major_lugo,12
Chainweasel,4
slyjb,1
ChromeBagel,4
mattsidesinger,2
Helpthrowaway111222,7
cockblocktimusprime,3
achillesisotope,1
rgeberer,2
ibikeiruniswim,3
Brownielf,1
PipingHotGravy,1
jonmsanti,4
dude34221,3
ScreaminMime,17
Tecumseh90,11
robertyjordan,3
attacksloth,3
FireFarts911,5
drafski89,1
MarcCz,3
CursoryComb,4
drziegler11,2
Harb67,9
coolroth,2
boschank,6
TheI3east,2
Golbock,2
Babels,7
fastflask,5
chekawa,6
teejvalley,1
lovelyellie,1
drucius,10
gizzardgoop,3
Indyhouse,3
normalism,1
roland0fgilead,6
Gibbie_X_Zenocide,20
panzan,3
Dripp_e,3
SpaceAge1,6
Everything_is_shitty,1
SideFXx,3
farceur318,5
TheTrickIsNothing,3
tbe_dentist,5
fizzted,1
Knownzero,1
rageking5,11
cincinnati2,2
NakiaIsNeat,1
Mr_Marriott,2
steamcorners,1
ewokS,1
Modex14,1
cvinion,1
bulenpierce,14
CatDad69,2
EnidColeslawToo,5
dukebracton,5
ParanoydAndroid,16
kellietrees,1
ImmolateSociety,4
crzdcarney,3
0000ff_balls,2
HickSmith,1
thegouch,10
badger28,1
ds022b,2
jbeers89,1
keksdream,1
secaa23,1
Raditz10,4
bluetoe,4
paregoric_kid,1
Miyelsh,6
Zugzub,13
flighty_temptress,3
yeahmorgan,1
krempshaw,1
zacharygarren,1
ilovenotohio,1
astronomeric210,2
Caspian_X,3
OfficerFuttBuck,2
Slushangar,1
mith,6
HenryCorp,3
shottyfacial,1
virak_john,15
TheSunOfSanSebastian,9
Losritenour,9
ThisBadUsername,3
ermahgerdhertdergs,2
chrisszell,3
geoemyda_spengleri,3
annieisawesome,3
not-alex,1
uchmans930,7
cjrobe,6
Longboard4life246,13
orangepeel,21
TheLionHeartKing,5
macotine,3
WithJuiceYouLose,2
i-VTEC,5
TheOhioRambler,25
iarebaboon,5
Delstein,1
OhioMegi,16
inittab,1
surelyourejoking,3
frizlvr,1
BiznessCasual,1
justdownvote,1
Old-Hickory,1
dougles,3
OGHappyCamper,1
Minion666,3
loginfliggle,2
iwiott,3
QuietPyle,1
HULKx,31
ThePenguinist,1
hommesuperbe,3
xMeRcHanDiSe,6
iusedtobeastripper,4
lamamafia,5
andycapp614,2
tdyo,2
blakelewis07,1
mirshe,5
SuperNO,2
zoozema0,11
Baxtriz,2
MonkeyFullOBarrels,4
Denebius2000,3
elderrage,7
awra2001,1
wino_foreverandever,1
mangochef,12
fisher989,1
stratfu,1
marmotasyntax,23
papplesauce,1
SleepIsForTheDead,2
Habipti,3
_Aggort,8
casact921,23
dakeyjake,21
hannahclare13,1
MorfiusX,5
jake_w_smith,4
Johnboyisgood,3
mikeincolumbus,21
rentAbuddy,8
saqsmaq,3
JoyceCarolOatmeal,1
Philip1209,8
redbenn,2
lanwiz,1
chubby_prince,11
OhioRightsGroup,1
BunsAndGutter,1
juhesihcaaa,11
arsene14,3
SpaceEskimo11t,1
graycube,5
CrabCow,4
The_Time_Master,5
XelaIsPwn,1
LeFilmGeek,1
ReclaimerDC,11
your_lost_chapstick,6
chokie_roberts,1
kayempee,1
thepromenade,4
i_smell_my_poop,7
Garth_McKillian,1
mdota1,9
shanked_it,1
citizenbennett,4
rzrbax789,2
lumloon,1
brianohioan,1
bnevs92,30
still_futile,38
Drainclog,5
imicit,1
veiwtiful,1
sethstorm,9
J-RockaKun,4
ageeksgirl08,3
Unity7777,3
1oh_io3,4
SpocksCat,1
hotgrandma,1
KING669,2
0149,10
Natty_Ice,15
dotpain,4
sevets,1
Kyle197,13
erix84,17
NahNotOnReddit,1
Hell_in_a_bucket,16
BuckeyeJay,34
velvta,20
MayorOfSizzleTown,7
TorpidNightmare,2
ryanhyden,3
chaz345,1
jarwastudios,3
DothBeithBuddha,1
savesthedaystakn,4
kirkenbirken,3
Radank,1
UCgirl,10
MoldyBanana,1
DoremusJessup,11
HouseoLeaves,3
PM_ME_YOUR_PLIGHT,7
snood1205,3
65MercMan,1
Whitenight2012,2
GoneComando,1
talyakey,1
krsvbg,9
Only_Here_For_The_QA,2
bbritny,7
theclassicoversharer,1
ngaplz,2
seri_sedai,2
Ohm_My_God,1
claypigeon-alleg,3
Audiophile17,2
Chemist_1,8
hojoohojoo,1
caffeine_iv_stat,10
J1701,4
1729T,5
MrRichardNixon,3
SteamboatWillie,4
fozzymandias,6
bethmac121,1
Max-powers-,6
cdsbigsby,10
officialnast,2
we_be_frients,3
cheese9999,1
Kadmos,2
kygei,3
jacob8015,4
Brother_Farside,31
carrythefire,1
irbilldozer,9
athenamarz,5
jlrc2,4
justanotherdude420,14
mcgoverp,3
Manwelle,2
VomitousGlitter,2
walrus0115,1
RogueJello,3
babygutz,1
Evilmeevilyou,4
thrownatway,2
metalmonkey69,1
vinnydanger,5
Wampasully,13
Lilly_Satou,3
yourhometownsucks,9
cincinnati_slim,1
Licz,3
crabrangoon888,4
fivecentpsychiatrist,2
Quetzalcaotl,3
mandiru,32
dksfpensm,11
interurban,1
HingeP,5
Cpt_Hockeyhair,19
jdr525,2
dougefreshm4l,2
hoodjigga,2
Elongo06,1
FearStalksTheLand,7
BAdoubleL,1
Rossegut,10
ghost_403,1
ennuied,3
slappingpenguins,1
A_WASP_ATE_MY_DICK,1
redroller_mod,2
ladyvonkulp,4
rachnea,2
Qiabao,3
zedsdeadsweetheart,2
Bratmon,8
MinniePearl,5
mmarion6393,1
farinasa,11
alienbeast,1
jfalconic,4
c0reyann,11
I_Am_Ahab_82,7
frisbeechuckin,3
evancalous,3
Phoque_of_Approval,12
sketchybusiness,3
HaleNo,1
Dizzymoth,3
BlueEyedGreySkies,11
ItsNeverSunnyInCleve,1
JBgr1083,1
pixlfarmer,4
raeraebadfingers,6
crbiker,14
Tech-Teacher,1
classicjetta,4
gingerbitchwithSOUL,1
invalid_truths,3
dfarris,3
Sunburst34,2
KoA07,6
MashedPeas,2
turtle_duck,2
progjourno,1
BNLboy,6
lordslippi,3
knifemaker96,6
NeverDieKris,1
whitefang22,1
Suge_White,3
sydstap24,1
gamergump,5
durZo2209,1
UltimaGabe,1
CFHQYH,4
cypionate,1
neicie,2
OccupyJumpStreet,3
extracheesytaters,8
wxcora,1
GreatGoat1255,2
takahashi1989,1
Zero0seven,3
ashoka_the_tolerant,2
FeedinMogwais0001,2
TheAmazinJ,3
chris_bro_chill,12
WuVision,3
angiers,1
twoquarters,2
audiostatic82,2
xtratrestrial,4
Kenneth_Parcel,1
SaoriseKatana,19
Shadow14l,8
coolcrosby,19
VirtuaSaturn,4
grassrootbeer,1
lpisme,17
Eweboat,1
zx2gamer_travel,2
MasterBob,2
RdscNurse4,2
EllinoreBell,1
MurrayMarx,3
Not_A_Meme,4
cremestick,1
username,1
_Hyperion_,1
Jonnycakes22,9
a-townie,4
manxa,5
YourFavBarPunk,1
nowise,2
em3r1c,2
critch,29
awalkintheabyss,12
MikeCharlieUniform,1
sorry4partying,5
itsmassive,8
abiddle,1
existential_emu,4
PabstyLoudmouth,67
blthree,3
alano134,9
angstycoder,1
ThereWasADream,16
Phapples,2
CBusin,13
ArthurVeins,5
sparkster185,5
CompletelyAverage,10
CargoShortViking,1
IronColumn,2
Grimjestor,12
fawnhollow,13
Smoked_Bear,7
DamngedEllimist,11
nathanm412,2
muskrat_satchel,3
AkronRonin,6
TheRealFender,24
LeapOf,1
stachist,1
quickscopemcjerkoff,4
whirlingderv,2
reclaimer24,8
jlink005,6
mccurdy3,2
ducksrevenge,7
cdtoad,1
gridpoet,6
rumpel4skinOU,13
MrReality13,1
andrew522,1
Laughs_at_fat_people,10
edotanonymous,3
strangespookyworld,3
The_Griffin,6
Jacobie23,3
kowalabearhugs,1
SorryIreddit,3
melwat,1
rarecabbage,1
jmac,4
mpink,5
yakimushi,17
EvManiac,1
davemanster,4
IAmNotYourBoss,4
sil0,3
bhrealnm,1
a_self_cleaning_oven,1
Curi0usgrge,3
Mikkel04,1
jdavij2003,5
AvesAkiari,1
TheZiggurat614,2
CouLesKy,1
xaulted1,14
redditersagainstcats,1
osu1214,7
NPVT,8
nightcrawler616,3
Leonheart515,5
MRSAurus,4
Ohioan0897,7
RoadYoda,1
paddirn,6
jschnees,2
Gryt_,1
Deadeye207,1
lawpoop,1
djsjr,12
whiznat,1
ethansings,1
ihazcheese,1
IWishIWereFishing,4
hiramthemason,15
Whambacon,20
pateras,13
raebearz,6
captainclipper,3
scienceonly,3
MoneyForPeople,1
mxbrady,2
mharen,4
Clintonville,4
ORB3,1
jamesbretz,5
Hornady1991,2
danodemano,11
YorkieDoodle,1
ragingowner92,3
2rideascooter,12
MisterSordid,1
Face999,2
cloudkey,5
Inferchomp,4
joeyda3rd,5
schmidit,4
profmathers,14
UEMEDC,1
sloopy_sails,3
DrWobstaCwaw,6
StyofoamSword,5
ChiefNugs,6
impy695,10
Tarable,4
Wondeful,1
ZapfBrannigan,4
CokeHeadRob,12
weegee,1
loetz,1
carrion_only,10
TrustyCow,1
Starfire66,42
Ralph90009,10
jet_heller,42
CdeoD,4
HandsomeJew,5
rivalarrival,42
QuietDash,2
avoutthere,1
heseov,1
justiceforkeithlamar,2
Cantbelosingmyjob,2
cmhdave73,2
dinofire2013,1
popepeterjames,2
PM82,1
Scoresman27,1
bassistwanted,9
tdt0005,5
hobnobnob,8
OGCeeg,1
eshemuta,3
Benwby,1
theyeti79,1
doppleprophet,1
DiggDejected,1
DayWalkerRunner,1
mac1diot,2
aoi_to_midori,2
neegropleese,1
Smellanor_Rigby,1
Thebeescheese,7
StarlessExistance,2
mikeg53,1
NaDobes,3
ljoseph,1
brknrms,2
RealNotFake,1
HxCurt,1
jackblack2323,6
Cactusbiter,8
juanqp,50
The_Juggrnaut,4
one-time-mistake,1
shtring,11
woodyscissors,2
Colehoffman1989,4
alphabetgeorge,2
DatNiggaDaz,2
aevans395,3
Kyttengyrl,1
ILL_YELL_AT_YOU,4
SigPro49,1
Fap_Doctor,1
robo4536,2
Tee_Hee_Wat,1
blueninja1800,2
captainpixystick,7
impshial,11
kardiackid11,5
CDASTI,1
ky2391,5
Pintobean93,1
jermattak,5
skeptic7,1
DLWormwood,1
buckX,1
moodyfloyd,1
voodoopork,18
Weedhopper82,22
spazzcat,2
call_me_gunner,1
BABYCAKESxUNKILLABLE,7
ChestnutArthur,4
LastParagon,1
joegee66,4
Tamed_Trumpet,1
patron_vectras,3
housemaster22,1
Arsdraconis,3
VintagePopemobile,3
Maggiejaysimpson,8
havelotsofsax,5
Cherveny2,1
farded,9
Trusty_Sidekick,4
PlaysWithF1r3,4
Rhadian,1
WarriorMuse,2
Kochen,1
JuanWithEverything,2
EugeneHarlot,15
oboes,20
Gargan_Roo,2
CatapaulonitDude,1
senses3,13
OhioBob,32
btek,1
pouncer11,10
flowerchick80,1
shallah,4
MechanicalBayer,1
libertango,4
onigiri1692,1
thekit44,1
moparornocar,1
warylynx,1
i2epo,5
sue_bob,14
dcviper,53
Springtimefist78,3
aero_enginerd,3
acratus,34
aennil,2
MrRunnerDude,2
OSU725,4
mwellscubed,2
DopeMonkey4201369,14
HalpRuszel,1
FriskyMushrooms,1
sgtfoleyistheman,2
Vulture_shock,3
_Tecumseh,1
Nothingiswrongwithme,6
SuddenFellow,3
Agnok,1
LukeEnglish,3
justjking15,1
redditiem2,3
jbomble,5
InfiniteZr0,8
redleg86,3
nedyaps,3
adrite,4
huber14,2
Sexy_Offender,4
ldean01,1
osu565,1
kirenosliw,4
tent405,1
KTMkev,2
donwhitman,1
synth3tk,2
raydio27,2
blazer243,48
sarpinking,4
charitablemisanthrop,3
mazmazz,3
daniellem27,1
Dominus-Temporis,4
Higgs_Particle,14
ohflny,1
fakey_mcfakerson,17
DEATH-BY-CIRCLEJERK,1
pwn3r0fn00b5,1
walk420,4
Lemuractionnews,4
madmaxsin,9
soulsetfire,3
ThrashNet,3
rprz,15
tindy,2
StarkPR,3
harnaldo,1
thetiger92,1
123middlenameismarie,8
ReaIslimshady,3
basscheez,12
bigbadjon7272,1
Nicknam4,4
SausageMcMerkin,6
TheTalentedAmateur,6
ChuckLazer,2
MoBaconMoProblems,1
what_artow,3
xooxies,6
Nikedawg,6
stonemender,3
HamOwl,6
Kev69420,1
Thundering_Hobo,3
MaiPhet,3
dogscangrowbeards,2
SurviveAdaptWin,4
ThreshingBee,5
Clocktease,1
bearicorn,1
therookiejunior,3
eshok,1
pntless,3
mccune68,5
Chosenwaffle,1
the_samburglar,3
God_in_my_Bed,3
squeezecheese,1
cecilx22,1
schnp,1
the_beast,8
twocamelsinatinycar,3
winterjam010,3
bigstu_89,7
Phil_James,3
GhostsDontNeedPants,4
ficklefire,1
the_bieb,1
Will_I_Will_be,1
thundercleese,5
notquiteclapton,1
SexyOldManSpaceJudo,18
Owen_Wilson,5
KW160,5
johnrclem,9
Salsaboy100,1
jbaruffa,4
Zekkystyle,1
likeabandofgypsies,12
dernhelm_x,1
HitchSlap92,1
a0t0f,1
workerbotsuperhero,18
CEO_of_Breeding,1
Dizzazzter,2
derf82,29
skylerdray,14
bobthepirate,1
Drenlo,2
OtherLebowski,1
allaboutcookies,8
puredemo,2
captnwednesday,1
Samjerkface,1
GrabthroatShinkicker,7
homeschooled,4
TriumphantPWN,1
Rhawk187,23
ZaganOstia,2
ThatBeardedCarGuy,54
IamaWillBe,1
sikorski_34,2
DaytonRocks1,3
No_Unique_Identifier,3
twofifteen,8
trackerjakker,1
slakj,1
KillrNut,1
DrDoom2828,6
tehchieftain,2
Koshatnik,2
SharkRepellentSpray,1
thefoyer,3
Greasygrassriver,6
scrapple74,4
tohearnnr,1
random_bored_guy,9
maximae,5
mohox13,1
parkmeeae,5
stickflickpick,3
Psychoticbovine,3
TankinFrank,2
pullthatplug,1
londongarbageman,8
sparkitect,1
literacolax,2
benihana2662,4
basisvector,6
BigBobBear,1
SoApatheticItHurts,6
Anmorata,2
atibabykt,1
beardroids,1
CRErnst92,1
yolorelli,2
orthag,21
Misterlulz,8
amznfx,1
knhoh_9211,1
wipeout4wh,6
theoddowl,4
bernie16wb,36
CGracchus,3
bunknown,2
roaringelbow,3
bluescrew,7
TIME_Keeper15,1
Realistic42,3
NewThoughtsForANewMe,5
swefpelego,65
srsbsnsman,2
B7U12EYE,1
MrPim,3
DurchfallFachman,1
flavorburst,3
tanzmeister,19
betona,12
giannakosXD,1
defjamchambers,1
petulantscholar,3
Smithore,1
nds714,1
Giant_Cat,1
MHanky,8
g4r4e0g,5
Drhashbrown,1
CannotBurp,3
waterwheel,1
turkishdlight,1
osufan765,9
ktagly2,1
ILIEKDEERS,34
BobbyMcSmathers,1
ilovemayonnaise,5
Dregan3D,1
alebruin,1
Wex_Wutha,1
Garroch,2
Florally,1
ultrafilthy,1
cvcpres12,10
bigbossman90,5
anonymousalex,8
xgoggsx,10
steinman17,1
bukowskisbabushka,1
ForeverInaDaze,10
NinjaCorgi,4
TheKolbrin,1
TMIBH,24
good_testing_bad,10
sammysosamendoza,1
papamajama,3
crazy4schwinn,3
Morgensengel,1
darkstarohio,6
krnlpanik,1
Mavec2,1
Hootenany04,3
lxkhn,1
unknownman19,1
