Username,overclocking
rabidz7,80
LerithXanatos,4
Ivaeron,5
stroonzje,5
DudeOverdosed,13
Corsair3820,1
SteeezyE,1
AlbertFlasher,5
CPfresh,10
RLutz,7
CaLLmeRaaandy,3
LeFunkwagen,5
TrishaFairbanks,14
pyro1428,6
ortango,1
VirtualAnarchy,1
turtleface166,3
Whats_a_narwhal,10
Jumpaax,3
codiox,1
Deadman101202,2
tdavis25,23
GonnaGetGirls,1
krikke_d,1
simfusa,2
micbael,2
Admin_Infinitum,1
cowxor,1
neuronalapoptosis,5
sishgupta,5
arealg,13
Theredditur,1
aristotelesz,4
VoxaAeterna,3
gahd95,5
olemmiwinks,7
samthemancpfc,1
HedonisticFrog,1
waxstaff,12
DarnedCarrot35,1
TehRoot,32
iDurr,1
midnight_leader,7
vape-out,5
rawrss,2
TwoRuff,3
halforeo,7
Sharkeelol,1
Sgtsmi1es,5
D3x-alias,7
jebibow,3
IviumNez,3
burninrock24,9
Evinreud,4
andrewst627,5
thathappend,3
Phlawless_Phallus,10
guest91111,1
xTerraH,8
Nick11311,4
dubdubdubdot,10
biborn,3
Kharibidus,1
evansharp,3
leecherby,5
TheGobler,2
dylannisbet,5
zaenger,1
rabblebad239,1
fartsinscubasuit,3
Could_Care_Corrector,2
wotoan,1
Wiggles114,2
eggman7,1
6RLover,1
LeagueOfJawn,1
panaceafatali,3
bbHood,4
Sparkminator,1
Pogue_Ma_Hoon,1
YenzAstro,8
Dr__House,4
Lord-Benjimus,2
psyrinox,4
Gnarberry,1
realmellowconcave,1
speneli,2
m1ke1991,6
Hither_and_Thither,14
twelveparsex,9
ThatDamnGrei,1
rapozaum,3
EndWhen,7
Setriath,5
der8auer,6
RyRy5879,1
pairenoid,3
cptnamr7,4
USMC_Warrior,2
midnightClub543,6
rrohbeck,25
Lykaior,3
Mapleine,3
Bellcheese,26
Inspectorchao,1
Future_Washingtonian,6
tanjoodo,13
defterOG,5
varrogath,9
-Goga,5
Rodeopants,1
Halon5,1
TrentKama,1
47h315m,3
sblectric,91
Dr_Mantis_Toboggan__,4
95POLYX,9
rahrness,6
bogdoomy,3
sumthingdarkside,15
Lycopenis,2
twoplus2equals8,3
SneakyBatmon,4
mango_masher,4
AshenCrow,2
nucu2,12
Supra_Mayro,1
samkostka,1
jji7skyline,32
superlaser1,1
trekkie1701c,3
greenfarmer,8
sthdown,41
CAPcadet,1
yeathatguy,2
ajd8b,3
FPSnic,2
mikmeh,8
doghousedean,7
themindtap,1
Shaken_U,9
lanks1,5
WorkinNLurkin,3
waterwings69,6
shatteredhalo0,4
Adahn_The_Nameless,3
Endure_And_Survive,1
DiogenesLaertys,1
Setitimer,5
glitchedmob,6
mrafroman,3
Sluisifer,1
izmar,14
rhandyrhoads,5
AGuerrilla,1
cdesilv1,3
guy151,2
TimbeS,1
MrLemonDrop,5
scallred,15
N3V0Rz,8
FeebleFreak,2
JeffroGymnast,18
brokenhands,3
RuinedGrave,4
extrajulius,3
iZombie444,7
CEKPETHO,13
savage_salvage,2
The_Awkward_Engineer,8
sirphobos,4
XelNika,2
edgexcore,6
Kaeny,3
Olenkohan81,2
Whinito,5
politicaldeviant,1
Sylaris,3
shabusnelik,8
withoutapaddle,1
Sephian,1
cokecaine,5
derekbbn,2
BangleWaffle,21
duelistgamer,1
mtx_,5
asasdasasdPrime,1
smacbeats,2
BeastftMiddleEast,4
AinoYuushya,1
Comment_karma_only,3
vikrum2083,3
Cantabiley,4
Noverca,4
Mattisinthezone,7
L3G1T1SM3,9
toxicpaulution,3
dirtyvw,9
Gravity_Salad,2
PoWn3d_0704,18
evil__betty,1
zombie_soul_crusher,3
jawz,6
drewbiek,2
JDM_WAAAT,3
Aphill717,5
ifeluni,4
Teh_Snoiper,1
pattymcfly,1
bbdale,6
Yashoki,2
lolpandabearz,5
dondondon,1
kdotdash,22
standric,5
loveforsoshi,4
DragonOpsZ,2
Ekmod,3
detheridge02,10
RRGeneral,8
Fzed600,10
SamoScopo,3
c3739,4
BandoBacon,1
peaceoutwhat,27
tbass2a,4
jsquared82,3
jorshrod,2
pLuhhmmbuhhmm,3
dpayne360,5
attomsk,12
0FrankTheTank7,3
kgflash1,6
defaultprimate,9
truefakts,5
godfetish,5
moto_bandit,5
smitleyjd,2
dfnkt,3
Completejerry,2
Re3st1mat3d,3
DyceFreak,6
Thatjoshdude,6
Dandaman3452,3
wpattison,5
1-900-490-FREAK,3
andyD1,2
Arcueid01,6
whippedkareem,1
io_sym,5
raincatchfire,5
kizis-,4
libertine88,128
applyheat,2
babajabajaba,3
bn326160,5
Blu3_Falc0n,4
Pinocahontas,8
xplodingboy07,26
daveed1297,3
yjgfikl,17
Jiggaman508,4
russAreus,2
k1ngm1nu5,25
user3404,5
Berzerkerwar,1
NSA-is-God,1
Joerge90,1
iCapa,8
bigblok403,6
AnthonyIsMe,5
GloomyJack,1
radioactivemagic,6
eskal,11
NCWithasuit,3
jonathan_dfn,31
The_pedo123,2
ShaneThrice,1
SoulWager,2
Jinxyface,2
rgh170,2
FXCPU,3
WickedDogs,2
Kiefyking,1
m6a6t6t,7
naked_gun2,2
Orencik,4
ReallyObvious,4
silicosick,5
Mrbman11999,3
Nuclearbananas,3
Steveinho,1
DishRagBoy,3
hadley98,1
TimKuchiki111,2
Cypher100,4
Enignite,179
amitkilo,3
SuchUserMuchName,3
veyron1001,2
j-mt,25
tbx5959,1
TrikyPenguin,4
Jansl22,7
Geek_Fu,2
iLurk_4ever,1
Istovi,1
Diabolic67th,15
Dozerplex,6
ConcreteKahuna,5
Abandonate,3
Mustbhacks,8
astuteobservor,6
reggiewafu,1
nwash57,3
S2005,7
bjjcripple,25
ericb45696,9
VeeganxEdge,2
Stannis_,2
Fraserrabs,1
Lucaz172,3
cmclewin,15
Lag-Switch,11
CepumuMednieks,3
uppsings,1
Reffter,3
secretactivities,3
macieksoft,4
kyle4smiles,2
DogJitsu,1
DragoonX500,2
mcampbe,1
cubier,3
DanceMasterJeff,7
myndzha,7
players8,3
dumkopf604,2
Pnmorris513,3
grimmpsycho,1
NeonBlizzard,2
alkenrinnstet,6
RoostrC0gburn,1
cjw19,4
burnout915,3
anthonyfebre11,2
Cycloptishred,5
Doceng,9
--SCUBA-STEVE--,9
TenThousandArabs,4
george_me25,4
linerror,9
TechnoGarrett,3
dotareddit,2
J_Asti,1
partyboy690,4
SandpaperSnail,5
kuena,6
jax231,3
MonteReddit,6
bodibastos,7
InfectedFace,2
Benbulthuis,34
SGTSHOOTnMISS,3
OhJayEf,3
thatoneguy747,1
SendoTarget,3
XTA,4
loosh63,5
IamAlbertHofmann,2
Gtxx,3
Caboozog,2
Soltheron,6
benb4ss,3
JamesMcSam,2
Chocolate_Bomb,2
Mymom429,2
ChefLinguini,4
manirelli,1
m4shooter,27
A_Gambino,2
Sentrox,5
dugfunne,3
raetme,5
Kajidoh1221,6
jericho2291,5
Makkanoo,1
lucifeil,8
TartanZergling,3
wickedkinn,3
slartzy,5
Boooshin,18
Antman34,1
p71interceptor,1
JCamp4,1
Peterowsky,6
spyrosj,3
hermeslyre,3
RJCtv,5
EFlop,21
karkahooligan,7
a__reddit__account,5
ChineseDelivery,2
Snugglupagus,2
GoatTheMinge,3
battlantis,5
MrMacala,1
sakligeme,2
R3laX,1
bciscool,5
Argonian_Skeever,3
qwortz,6
PNWSGM,5
highphive,3
jpcrow,4
Syphon81,4
Jackus_Maximus,2
astrokeofmadness,4
NLCM,3
skilliard4,6
QuantumJesus,1
MastaShortie,4
WillWorkForLTC,12
bamcomics,1
zaqwedc,3
Fender890,3
ItsPlayer,3
MilkyWayJ,2
Qazerowl,1
amerenth,4
Jack_Bacon,5
Steadmaster,3
Peejaye,11
Villicus,3
Dippyskoodlez,62
darklynx4,19
ktmrider119z,13
demodulation,1
b1ueskycomp1ex,84
lolWatAmIDoingHere,4
SWABteam,1
ATroubledMan,5
hackint0sh96,2
sneakyspriggs,4
TeperAnciom,4
Gay-ben,3
pharbero,2
nogoodones,5
skatardude10,3
mashed__potaters,2
fashric,3
nuthead100,8
shadowfox77,3
s3kshun61,12
eaong,6
greenthing,2
bornstars,1
thejshep,53
YuuExussum,4
aluckyrose,3
Beakface,7
JoanOfArcInFailWhale,5
neopran,6
Racoonslikepuzzles,11
evrydayzawrkday,2
shark93,5
rag3train,9
bobtheunbeatable,3
Vortex_Voider,18
computeBuild,7
MogRules,3
2h2oh,2
Makaveli777,18
ScottieNiven,5
Tony_Sacrimoni,4
jovtoly,8
LTCHIPS,10
Super_Six,3
Lakreme,3
tensegritydan,1
Bondx,1
gutlessVADER,3
littlerob904,1
ryan9991,2
ChubbyOppa,1
RuhRuhRawr,1
Shermanpk,19
ronut,3
samoilaros,6
Paul9898,3
remixxed,4
skwull,5
norwegianbastard,3
ChineseBroccoli,5
CuhrodeLOL,8
TrustMeImALawStudent,7
shehzad01,2
_bk,4
BabyTechno,5
3h8d,12
doyoueventdrift,1
TheRisingPug,8
Ihmes,5
dajigo,1
dudemanrich,3
diegodlv,3
UnlikelyPotato,5
TheCodexx,2
LargeBody76,1
FliceFlo,8
mycall,3
navis995,2
MediocreMango,15
NonNand,3
Cappelen,4
__om,7
Sesleri,3
Nec3,3
Kaelidoz,1
ajc1239,3
xilent21,1
X5IMPLEX,3
mycomputerisbacon,3
Captain_Redonculus,19
nexusheli,2
ExtremeSplat,5
Theta_Titan,2
MilesStraume,2
j0lter134,2
elstonlad,3
emphaticpuma,4
legionn7,2
ss0889,3
xrobertrushx,6
totallynotahologram,18
incubated,11
HighMans,4
LoCoNights,3
Venius157,2
Boredy0,4
LightSpeedIII,1
Bam_Boozle,5
Jesse36m3,1
thiamin,1
Viral12,4
bkf04,7
t3hazn,1
xxfay6,6
entertheduck,3
Halflife390,4
Kattsumoto,2
Janus67,12
BukkakeShampoo,10
Longjohn_Server,4
Phoenix7777,16
LastUserIDLeft,3
thurst0n,99
Blindpassion54,3
MediumRainbow69,3
SmackHisFace,53
Davin_,3
cbinvb,3
adoh2,6
martinw89,1
msooin,1
TheOptical,3
MilkSupreme,4
TDuffin,2
communistsquared,2
TheCrimsonFrenzy,29
Sweetcupcakebro,5
terribleideasabound4,4
Shadowraz3,2
mg8100,6
Cwesterfield,3
mikochu,7
Angst92,7
erickliban,20
d_b1997,3
vancityx,5
mauri11,1
Vacant_Motto,4
R0kstarr,7
Ragiv13,8
latigidigital,4
souldrone,13
james6344,2
tickdickler,9
mimetic-polyalloy,2
Squandarlo_Bombito,3
Omnislash89,7
helplesslurker,3
YellowPossum,4
MoocowR,2
Rykane,3
ImKrimzen,5
Skullpuck,6
lightmystic,4
Ragnarkruse,3
_edge_case,1
velvetyvanity,4
teharchangle,5
Dirk_McBuzzkill,3
eagles310,3
ScootD,1
paspasero,3
radiospam,1
xKingJeff,1
Knights665,2
omg_banana,4
dudeacledavis,4
Eilbeck,22
Odatas,2
nukacolaguy,20
SirToddstine,2
zekezander,5
forumrabbit,26
imbzgg,5
fireglare,2
mreatsum,4
NubNubNubNubNubNub,4
PresidentBaconNipple,3
Theqguy91,2
qduk,6
ManimalBob,2
xClow,2
SonofRobin73,6
two_tired,16
FSKFitzgerald,29
Minibjorn,4
armoredstarfish,3
Dave-C,1
BrianSez,3
smurfsriot,3
JustAn0therDude,1
kr239,9
muddymoose,3
bitanalyst,10
TheDrCK,2
Simsons2,6
timothylockhart,3
Olferen,2
Fb62,3
SpaceMyName,16
HumbleMind,3
naphthoylindole,3
GothamRoyalty,2
Ramy1999,1
recklessbaboon,15
HorizonStar,2
carkazone,2
niagarabottlingllc,2
Muoxprod,8
zalskin,4
battlestarpegasus,4
firekil,11
Elessun,41
RanaI_Ape,1
wowultimation,4
BluntKisser,5
GodlikeAbt,2
Anal_Justice_League,2
ludespeedny,15
koeleskab,4
jfarre20,1
nameisdan2,1
LAborn_TXraised,4
SexyLechuga,3
metalfetus,17
Jesus-Blew-Me,11
azrael6947,4
daddydicklooker,9
crabsintrees,16
questionable-source,2
ayoitsme,4
Marsupian,1
RAIKANA,31
Is_Always_Honest,1
StarFoxA,3
yforcemakethrowaway,6
smbonn,7
digamma6767,47
pom32456,8
Jake2197,5
Sorabella,11
Tw1tchy3y3,7
TheInstinkt,1
austin713,3
PrismaticAurora,9
Shrubberer,13
dkersgaard,3
c1umsyb3ar,3
reznib01,2
PANNIC,6
pao_revolt,3
flyingsnakeman,8
Boxxylol,1
Globalscree,3
Sphincone,4
seanswann15,1
hoeding,2
Im_Not_Really_Here_,1
TooLazyToFunction,10
benjanini61,9
KoldPC,5
anprogrammer,2
dEJ0hnny,4
dracebus,5
IamtheHoffman,5
DetLoki,3
BeefyTaco,4
miketech18,1
NicePumasKid,2
nevirus,2
SoulArcanium,3
Z4KJ0N3S,4
Mtlam,2
CannedBullet,4
escapefromdigg,7
KMKtwo-four,1
jverducci,4
battousai7788,2
SilenceFails,4
WishIHadAComputer,1
SmarticusRex,12
mozarest,4
804R,6
Drat333,2
FromThatOtherPlace,3
SamMorris191,3
lomodoge,5
Sarumas,3
WHY111,4
vanpops,1
MilkyThing,2
USonic,1
smudi,1
Stalast,6
Runoeh,5
justfarmingdownvotes,3
trickyd88,3
Marokazam,4
GNTGLDNRNGS,3
GamingFnatic,3
khalidxketbi,1
Andurilas,4
fierymcfist,5
cvncpu,5
BasilHaydens,9
optimus_ginny,2
Hotsushi,2
fishrobe,1
c0nd0rr,8
Reverse0,5
ryanwasko,5
solrflare,8
lordcrimmeh,6
syztym,1
byrd798,5
daWg995,6
PhilipK_Dick,4
hydraur,3
andraflandra,4
Pillowsmeller18,21
stuffandahalf,3
hrbuchanan,2
Taintless_J,2
iarepookie,6
b_n,3
thelessernut,3
Lucky7hirteen,2
nanogenesis,1
thegreattaiyou,4
pccarnival,3
big-texas,2
Tw0Ruff,1
NeonChameleon,10
HaIf-Iife-3,7
sedibAeduDehT,68
ledfoot07work,22
Greenpants00,4
FlickOrz,3
callidumnomen,4
General_Revan,5
UnexpectedSchism,1
infinity526,19
Psicron,4
RickyWars1,8
endlezzdrift,4
mmt66,7
SirProcrastinator,4
rjivani,4
Legogeek14,8
Droppinbodies,3
victorres2,10
Subbie138,3
sprokket,1
hwalsh01,4
Mamula4MVP,2
djl654,3
Knowltey,1
kentonbomb84,3
jokubolakis,2
zombie-poop-pie,5
Gterwin,3
SmartTechAdvice,2
captainlvsac,3
wh00pingcrane,2
JKCK,8
Thurokiir,6
cd183,3
fadedspark,31
philbert579,13
epicpants,4
DaMisterDiddlez,3
HaveNotRedditYet,3
kittensforpresident,2
life_questions,8
Wada_tah,6
ebenwandering,3
tom_cruising,4
AsinineToaster27,3
veritasen,47
yumyumpills,11
Shnelnick,4
blackrabbits,5
KoopaCape,11
TheWorldIsQuiteHere,5
frojoe,1
ATR_Doug,3
Chicken_Fajitas,7
Jakexx360,7
bridgenine,1
CaptainSIRtheSeventh,2
Entangle,5
gadorp,2
somethingawsome,1
DiHydro,6
fogoticus,37
Exile580,3
Ar1S3,1
jmknsd,3
Baly94,3
Whorning,3
Phantasmogasm,1
AmirZ,1
j-the-magnificent,1
RazerSucks,1
King_Tryndamere,6
techmattr,3
Rayston,1
galimx,8
dean1012,3
nikolaprof,1
Hamburglar789,1
NanoNewlin,3
M4A89TD,9
aHorriblePlayer,1
6ArtemisFowl9,4
Bashkit,1
billyalt,3
charon_x86,2
officeDrone87,1
sonu_,2
V3X8TE,1
kotor610,9
niniolulz,5
Traches,19
Johiva2,4
evandan4,4
BrutalGoerge,3
PatHeist,22
Paradoxums,7
Flashgordon4,3
Zyo117,4
chaykelly1,3
courtjesters,3
Tarqon,1
pyrocop,3
swaty108,3
Dr_Ub3r,5
Jonathan924,1
rudolfstap,3
GiddyNinja,4
Shiroi_Kage,2
Bl00dyMurd3r,2
-Ai,2
EniReddit,2
razorleague,3
TheRealLHOswald,37
OnmyojiOmn,4
alf4lyfe,7
OBNX,3
Ant1-Hero,6
farfigneugan,1
ZileanJunOP,1
doz3r1201,4
hobbang819,4
azura26,4
Enzo03,7
Fs_ginganinja,4
happyloaf,1
nitesiege,11
jhuntington45,1
B2BombYourAss,2
jaded_overclocker,7
whtge8,15
Nitrozzy7,18
Shrimplet596,13
Nuked12,6
superfresh333,4
Nerdkid72,3
Marchinon,1
Christ-Centered,17
trashbuged,4
DZCreeper,8
Unique_username1,23
Dewd420,4
CarlosFromPhilly,3
Blackhawk1282,4
bense,9
saphire121,10
Furority,2
Unemployed_EE,5
Toruald,3
rhamphol30n,4
Chocobubba,17
FragQuenz,1
thaevo7,3
Readmymind,7
lcourage,3
MarcCz,1
Red5tar,3
Jisamaniac,1
Pentalift,9
Tqwen,2
pavkata99,1
Fudge01010,8
James4077,1
Jahara,13
d0dgerrabbit,9
Garfarkle,1
moddie,3
HowsMyClutch,3
kmartburrito,14
Attainted,3
wazerbeamfire,1
nintendodirtysanchez,1
Aennielan,3
Bboyman31,15
D3M0NYK,1
sir_horsington,4
MuchDoctorWho,1
catman5,1
failblox_,8
tnargsnave,3
BanishedAngel,23
Mr-Quagmire,5
pcgame-jedi,3
tigrn914,25
acealeam,4
dubblix,4
custardnom,10
HaveTheTruth,1
blurance,3
ChampagnePOWPOW,3
4dimensionalUSB,4
vash469,5
mtheisen178,5
Hdgunnell,1
pvtjace,4
RogerDogerr,1
preference,2
sininster_666,4
nyangkosense,4
crest123,44
CaptainCortez,3
DamnTheseGuys,4
mpickering321,8
iNoToRi0uS,3
GILLHUHN,4
Peetipablo,4
anon1821,10
JKDaniels,3
really3spooky5u,5
MortaLPortaL,3
subtract30,1
colelt1,2
greenlepricon,11
anthonyhhhh,3
sandh035,3
Gentlemen_Cake,4
Ikinhaszkarmakplx2,1
shocked_ape,6
Jakkauns,8
Brovost,9
because_technologies,9
mindtrapped,3
Cooldude638,1
peazz,5
TheMightyCanOpener,3
ArmTheH0meless,5
tryingtofindareddit,1
perfectshot29,3
minno,1
NotSlavic,5
KibaWusky,36
MrMusAddict,4
Shiftfaced,3
jab-,5
Alypius,4
Saccharose,28
Tron22,6
Chadman108,1
xust-,4
you_get_CMV_delta,1
cadetpoor101,1
pterodactalrubik,3
atft,2
evgaboxhunt,5
THCnebula,6
IAmBJ,31
scalyfishman,2
Lamma1996,2
69420swag,1
Reckless5040,11
schm0,2
Jwood013,6
FatGutRandy,3
Jakedubbleya,15
sayitaintsoap,8
bigwilly90210,2
Mabbadi,2
Umar4444,3
LiquidSpacie,1
KarateF22,22
clayalltheclay,2
Rocktone,2
Major_Dilemma,3
logicescapesme,2
MadHatter5045,16
ac_slat3r,3
TryingToReadHere,3
p5king,3
KingFume,4
Soginator,1
NukaCola100,3
kixofmyg0t,10
CNSmrrogers,1
wcg66,1
Ranaro,1
brian_at_work,12
Shields42,5
icon_x,3
perry753,3
I_burn_stuff,21
JesusIsMyLord666,5
moocowmaniak,1
WinSomeLoseNone,7
Vicious_Vi,4
-JW-,3
DestroyerINC,1
Creepermoss,6
programmargorp,1
poopchutejustin,3
Palmer11,2
Aitima,1
vibeknight,1
lykosen11,9
TomBoTheOne,4
TheOGTButts,3
Iodine131,2
ynkhtr12,4
DarkDubzs,5
eyewant2believe,4
L4cer8,4
gagelish,1
bcsessa,3
jarkarawr,3
Stone_Swan,3
Kokushi,3
quarterbreed,4
ciarank01,2
Evidence_Of_Absence,22
Tesseract91,3
xakh,1
vainsilver,3
dunzeod,2
yroc12345,7
silentisdeath,3
lagoonav,6
Griffun,2
ShotgunPanda,28
JustThrewUp,2
Linkux18Minecraft,1
Surgeont,6
Blubbey,2
randy_mcronald,5
Wusiji_Doctor,3
DarkStarrFOFF,54
soulasassin,2
RobTChez,1
plantedthoughts,5
NBKEEP,6
C1t1zen_Erased,3
lalionnemoddeuse,3
abunnyrabbit,7
Toast_of_War,1
dratego,6
dascons,8
InvaderRod,5
NeoShico,2
onslaught832,3
Amerikaner,3
Aurilion,5
JROB828,1
Undeadghost7,1
razzac11,2
just_buy_a_mac,10
xXAbyssusXx,10
lbblue1,2
heeroyuy79,2
jigssaw,3
Starbucks1994,2
SooTek,3
fractalife,5
winter_azure,3
-Pelvis-,1
Phlegm_Farmer,4
psychodoughboy,25
somerandomguy101,1
treyb2323,4
Naldon,4
stupherz,1
floodo1,2
Q-Ball7,6
OceanicMeerkat,1
MrPS3skills,3
Raemius,5
irrelevant_query,3
cowpokefromhell,3
link5523,4
Flabbyflamingo,15
jtcressy,13
joggingbowl,1
Eradicate_X,20
Thorbinator,2
zwaart,5
TheRacerMaster,20
Often_i_am,3
DiabeetusMan,3
mjd4686,3
spdbump08,3
johnny_baboon,2
fishingcat,3
Henrage,10
Bolledyte,1
robotic_psychotic,1
jodomcfrodo,15
mediamaster8970,1
jebusv20,17
IGInferno,2
3ebfan,1
secretsanta13x,1
tseren92,8
xjtsx,7
anciov,2
brandonsmule20,19
Vinnyk84,3
unknown_baby_daddy,3
Khangirey,5
Wayitsray,3
illitirate_adam,2
FashionMindedChemist,2
TheUnlonelyEnt,6
wshyang,3
KingColton,6
Openworldgamer47,1
MIXEDGREENS,4
NewToTheRedClub,2
SlammersD,7
Razon,1
thejuicey,5
thehumbleitalian,6
ickies,4
Funkybrother117,1
Kallocain,3
RearHandStrike,3
DrinkHotWater,7
DarokLarcer,4
lordx3n0saeon,8
lMisterlFister,1
Ixa,9
whisperwhipper,2
oolm,4
vnmice,3
quadfail,3
Dany16v,4
Spkeddie,3
captain_awesomesauce,9
brownbear91,3
ghostmech007,5
FrankLReddit,3
DerplingsUber,1
Jimdude101,6
shmann,21
kenjithetiger,3
Xeshkar,1
Kae_,29
funkymonkey1002,4
Pokyparachute66,2
MGWhat,5
ubermonkey101,1
thetonyk123,3
kellistis,23
darobowns,2
omega552003,7
Cal1n,7
1-Ceth,71
1337netsec,4
focusandbelieve,5
shimmyzoo,1
dreamjaeil,3
Salkindelgo,3
VenemousVillain,2
Mr_That_Guy,104
LinxuSx,7
TheDisarmed,1
caseharts,17
DICKTracey,7
kkjdroid,21
headpool182,3
ryanbas21,3
scoobydarlingcoder,1
SurprisinglyRelevent,4
wally_z,4
thehugejackedman,5
Pufflekun,2
Pe8er,6
tastes_a_bit_funny,4
Wels,3
dantedivolo,4
Xuile,3
Derp-O-copter,6
wildcat2015,3
Tokra110,3
JPacSon,3
stormsoflife,27
Wunder_Steam,4
TheyDidItFirst,3
vampyre_tech,2
shinxy,5
norkieman,3
pupkinv,3
Matraxia,8
JeanHelicase,2
windictive,4
AceCoyote,5
Aphrox,7
UncleTogie,1
vevierta,1
Red_Tin_Shroom,37
Nicksaurus,5
Marrow14,1
Snachmo,6
Lolshtz,2
TheTechxpert,5
pleasepickme,3
Rachmaninov43,2
michaels_reddit,3
theincorrectresponse,2
brazigen,2
Sk8r2K11,6
Simbakush,1
Lithargoel,3
Shrimpy266,29
Jamolas,5
TehNubKilla,4
Cheeze_It,5
TheGeneral159,2
karmapopsicle,53
latinsonic,2
DareDragoon,3
John_Locke_,10
Flash93933,5
ScriptLoL,1
Goosebagel,6
TizerxD,5
ElGappo,1
rectum-derived-stats,1
nickber4,5
rukasusan,2
MufinMcFlufin,5
FuriousFist,4
madidiotpotato,4
MurphyGTP,1
avgudar,3
Dark3lement,4
annoyingtoread,8
LukePilot152,3
Fapper_Deluxe,1
_monad,40
chrome_flamingo,2
thestrugglecontinues,7
TheUnfaithful,5
stark3d1,2
opples_n_bononos,1
qdspaz,3
psikeiro,74
cuzmonote,4
macintoshme,4
slapdashbr,6
icanspoil,3
hotfuzz86,3
CerebralEdge,6
That_Baker_Guy,12
Kazumz,28
smallpaul718,8
comrade_brony,9
ArmoredTricycle,4
En-tro-py,11
IWetMyselfForYou,11
SaucyChops,7
saint-95-,1
MilkShakess,2
TownieMesiah,8
Baxtera,4
Havikz,3
Mahikluigi,2
Joga5000,8
Commander_,2
dick_farts91,1
Dziadek14,12
SHO_FAN,23
alexpdog,2
scienceboyroy,32
guidomancipioni,3
fuzzer37,3
VincentVanDope,3
rockhopper92,6
n3o611,7
Arthmost,15
Kolac,6
glucoseboy,6
CLight1,4
Mneumonicxx,5
RippyZ,7
Tizzie5,5
Alexander_mosebach,5
Spitfirearmy1,2
SynthDark,4
roberts35,1
Icecharger,4
ABoxOfRocks,3
AveryGreen,3
Cadenas,4
Corrosive23,6
TorazChryx,4
felixar90,29
sparko10,5
Veetus,4
IchTuDerWeh,7
Ddogclaw,3
Khamomile,3
madbobmcjim,10
pagodaworks,1
rpgexpert,7
Aez01,2
the_oskie_woskie,2
GeronimoHero,132
Curlicious,4
bibs4353,2
Delorth,4
Mega280,2
Falahan,4
roothorick,12
danwolf21585,5
ro2pa9,3
AR-47,3
kaboomtheory,4
liur,2
chillwombat,4
kadiepuff,1
Bragaul,3
Timmythetiny,5
nofmxc,2
goldzatfig,1
Smoking_Moose,1
vbp6us,4
Jojo_bacon,3
Dangerforthebrain2,3
lucahammer,7
venice_mcgangbang,1
mexmed,3
Kektek,3
gaqua,2
reedmaster16,1
Lyzzi,1
wegotbellys,16
RTukka,3
docshay,2
sft2000,5
sociableturtle,2
Luqq,4
KingNebuchadnezzar,3
torquemasterice,5
datnigga108,3
Shwingdom,14
homelesspieceofshit,2
jeffbk95,8
SergeantMatt,1
RagingCain,6
metametal,1
pad117,6
1one1one,3
Thotaz,2
cupatea,3
Constantine0913,6
sladecarter,3
The_XXI,1
Masterleon,3
Ben_Savage,8
bentyl91,6
vladniko,1
FeltRaptor,5
Chass1s,3
scy1192,3
TheDefeated,1
dualpersonality,3
NeonSeal,4
PillowTalk420,5
Douchie0221,1
Mudo675,17
Bigboss537,2
UltimateBawb,2
NewAgeTraveler,58
TheHast,4
vmak812,9
lucun,5
Klathmon,7
-Euph,6
bean9045,2
MiscRedditor,3
zpatron14,9
ruat_caelum,2
webdestroya,4
smt8544,3
jkangg,5
kawifcknsaki,33
twistacles,9
xorvious,8
SirWill,6
statim,2
lucasl01,5
studmuffffffin,3
rizwan89,11
caprincrash,1
DragonTamerMCT,8
hashbuhrowns,25
postmen51,10
moonpenguins,1
ase1590,1
Gslick,3
nssone,2
Stormtrooper_OG-420,1
SnapHook,11
PrimePromethean,1
AXPredator,6
AppleLion,1
bugzrrad,1
giftbasketman,7
roaf,7
Marshmon,4
CharlieBuck,17
thebolsh,5
asdf_wrex,1
heavenly_blade101,2
kikoano,3
Shadyblink,3
MehGusto,1
RCB1997,5
Gsaylor27,5
vmullapudi1,11
Chugman,2
athanathios,5
RaulNorry,13
CaptainHorseDicks,1
pinkbull22,1
beetus142,1
Odin_Exodus,12
starfire221,12
UnderTheLedge,6
AdolfMcSexy,21
daiv_,8
noobcake189,3
CalmSilver,1
aznb0b,15
AeroAirbender,3
Happy_Maker,3
AboveTheSource,6
Podspi,4
Drifty_Canadian,7
martijnf1,4
Ben3331,4
KESPAA,1
ExEvolution,9
playoffss,5
zealousear,1
cougarstillidie,1
MightyJebus,3
migslayer,2
Wikicomments,4
Brazensage,6
renyzen,3
LuxorSlopski,8
Rwinterhalter,1
ninjanerdbgm,1
Paddy_Guy,2
ryztriumph,4
onmahgrizzyy,2
surg3on,7
plwndr,3
akikosan,6
standardguy,2
rootbeerfetish,7
Koitous,39
Karma_Commando,2
LzTangeL,2
Marck527,8
ThOrZwAr,4
Haiko248,11
topgun_iceman,5
XxDTxX,3
ShibeShyle,5
rasmusdf,1
Jesso2k,12
eck-,22
Masklin,3
takimora,1
toodumbforthisshit,5
sno2787,7
TheRealBlueMelon,5
ChuckNorriso0,3
lokeenz,1
dokid,19
lahzerahl,3
fpsrandy,9
WRXW,26
eaglebtc,5
stealer0517,36
GrundleSnatcher,39
adog12341,10
Greek19,6
baxuz,1
GoingIntoOverdrive,6
Mr_Dr_Prof_Derp,27
Rahldrac,9
Holydiver19,11
JJPizzle,1
Stheno,21
LootenantTwiddlederp,2
MITPewPewPew,3
djzenmastak,29
Trent_Hyster,13
ztarleton6,8
vrdeity,3
rlopu,3
TheEvilLightBulb,1
torik0,4
username,1
Modna,3
Steel_Bangin,7
Sebaceous_Sebacious,16
CrappingZombie,1
Mrjalag,3
orbitsjupiter,3
Here_To_Party,1
HarryMcDowell,3
fatboynotsoslim,18
amahokas,4
Pyrepenol,7
howdyman420,11
Tehboii,3
teh_venM,4
Infinitron,2
heroicmessenger,1
senornonsequitur,2
yellowsnow2,2
Worf65,6
Remos,1
roine1985,3
fernandowatts,1
The_Cave_Troll,1
falcon-kick,2
Thomas2711,1
nihalan13,6
CrucialMove,3
evansenter,6
Knocking,16
zeropluszero,5
bigDottee,12
overclocky,3
console_log_name,1
BilingualCock,5
Buffalox,1
WhyHelloReddit,6
MordecaiWalfish,7
bobthetrucker,50
stormypumpkin,8
Diabeetush,7
CentralSmith,3
gnu_bag,8
Syntriphics,11
FeOnyx26,1
dmandan2112,3
maniacalpenny,29
dragooner00,1
dtaivp,8
inflated_waffles,3
CompanyMan,7
Tarrainair,3
MixBleachAndAcetone,1
Zoider,2
yaujte,2
sswarren,3
thingamarob,6
dsrtfx_xx,3
Sweatervest42,6
sluflyer06,4
ub3rgeek,4
bathrowaway,3
EpicBattleMage,9
shoblagoo,2
Polynesia8,1
ncappa777,2
lockdown204,1
yasuoz,6
Spuik,3
KillThePancake,4
DoctorWorm_,10
bohlingc,6
TriGeo,6
Syotos87,1
surfer6969,4
ross231,1
hayden08,3
Determined_P,2
admjwt,4
Altnob,4
Sledz,11
GTFHercules,3
Jorgisven,16
JAMseBond,4
Zeyphir,3
finsterdexter,1
Romanion,3
Bmiest,2
ba5e,1
wasprocker,12
CptTinman,4
fastjetjockey,4
Toxiguana,7
mattk9609,2
harleysmoke,1
Capon3,18
Jackziii,4
GoldenDragonPC,3
yonutz2032,3
GimGlide,9
laosurvey,1
magnetswithweedinem,7
thawigga,13
Roman420,9
DryPersonality,12
theglenlivet12,8
Gradient_Sauce,6
Opask,2
nosoup_,1
Bosses_Boss,17
digitalfrost,15
cthulhuforbreakfast,2
IAmA_Underscore_AMA,6
Vip3r209,3
etownguy,13
YoungBaek,1
8oup,2
Cryophilous,2
420--Praise--It,3
mastermikeee,105
Spekl,1
drita247,3
Dubesta11,13
indiejellyfish,4
Pyrominon,10
ohnoimrunningoutofsp,1
ieatscrayons,1
Taaanos,1
0wlz,4
ninjapleeeez,4
Harry-Seaward,3
pmantr,1
LLLukeJ,8
yuri53122,1
giedow1995,4
TheThornZ,1
ChRoNicBuRrItOs,20
PeasantWorkplace,16
LCLaddict,5
IIdsandsII,7
Reservedd,1
GendoSC,1
j4cc3b,5
mridea314,3
JazzinZerg,7
RogueWarriorII,2
andybuddy,6
themilkyone,8
Croccydile,2
Krispii,1
liminal_criminal,3
IAmAGermanShepherd,3
bookmonkey786,1
Thelaith5,2
jonezy_1,12
thequietguy_,3
stormbringer89,4
redmax_,8
kalvinde,7
killchain,12
Phantom_Absolute,7
wannabe0523,5
Zombekas,1
BolognaTony,1
aust_b,25
TitanRawr,2
Thelk0998,5
SalvadorTheDog,5
notbrucevilanch,4
xDeaThSlaYeRx,2
bakagir,6
tea_n_tires,4
TurboGLH,4
Neolife,3
Fabri91,3
thecolorblind1,2
NooblordDiazalon,3
iostermann,3
fauxdragoon,1
Mantaba,2
Badger613,10
AvarethTaika,2
SexualDemon,4
Quakemz,8
marcustyphoon,4
nihilusthe5,2
bitannihilator,2
georgekart,36
scrable,3
7cardcha,3
terminashunator,9
bubblescivic,5
Razorsythe,1
DungeonLord,3
espnman321,1
Jimmacle,8
InfoFlyBy,3
I544CJ0N35,2
Kalllo,5
SwiftlyBeer,6
PtTheGamer,13
HanGuitarSoloQuenced,11
-Glorious-,21
cdnaudiophile,7
giverous,15
Ruscfox,2
blakeh36,3
mopehead,5
rezman,1
RLightfoot,2
QQ_L2P,6
Overlord910,7
dumptruck88,3
kenbodude,1
0_________x,3
pabloe168,4
niciuffo,14
sexierthanhisbrother,17
Mundius,3
phoenixpants,14
Demfeelings,8
Aaltopahvi,3
stop_runs,4
timewarp,3
TheCompleteReference,15
therealCapwn,19
iDazzle,1
ramjambamalam,1
InfBuzzkill,10
shvr,3
timmercer,3
rewtman,4
tbone13billion,2
Stevesy88,4
Jalkaine,10
mikey0715,8
pcs600,2
Loud_Refrigerator,1
nope_jpg,3
Ottetal,40
PoloStripes,5
BlueManGroup10,4
MajorRalph,2
newguyeverytime,2
cdfrantzis,1
DashingSpecialAgent,20
DiscoTomato,6
Phazon_Metroid,5
xColsanders,6
syflox,1
DrKedorkian,1
cirving4,2
Pilot_H,1
Preylien,1
thecakeisahyperbole,3
masterjjb,11
imbetter911,2
cappe3456,4
kingbob2,4
niagarara,1
zionlore,2
DarkGhostHunter,4
imashark_ya,3
irgendwii,3
cxz992,4
TheSeanis,30
KallenStadtfeld_SC,1
iphex,8
BloodyLlama,7
DontPmMePlease,4
JooZt,1
jconway2002,4
jorgp2,1
ktm57ktm57,5
MajorRIce,2
katinacooker,10
_pseudonym,9
phuhcue,2
Thanatosst,3
baralo,1
st0j,2
mowmowmeow,3
dustin158,4
DarkestRye,3
Quantum_Quartz,11
jshine1337,3
smakkyoface,4
Minicardz2,3
sneakypedia,10
Intercold,6
DaringDoug,3
Garhzal,4
yannickverc,5
AmazingViperLS,5
KpSTEEZ,1
samjitsu,4
jamie1414,1
maybe_just_one,3
techno_babble_,7
AussieGunz,9
legoegoman,2
minasmagi,6
SilkRoadSedation,4
darkblade420,4
gnusounduave,7
harrynowl,12
Monday_Morning_QB,5
BurntKnuckles,1
MTUsoccerFreak,2
xboxhobo,10
ELSaGra,5
hazuki1986,1
Mynameisntbrian,2
SoSpecial,3
szimmerm,3
Sir_Shfvingle,3
Fr33styl3r,3
lokinpoikanen,2
BallardBandit,4
CatOnKeyboardInSpace,2
Darkstrategy,2
makeAbudget,14
Deodutie,1
AlvinYakatori,2
MarcoAcheron,7
Hopper23,3
slowlymore2,13
DannyBlindfire,15
macrosblackd,3
Dr_Phrankinstien,4
OCornahh,4
ninjaassassin201,3
Catz1212,2
Fox37,4
striderpsv,2
g00zer,3
boxxybrownn,1
davedaveydavid,1
xxprowerxx,1
_Keo_,1
Cousie_G,4
WindsoftheNorth,1
Carter127,30
Hittingman,46
Neloth,1
IonCannon218,8
Sethos88,2
HerderOfNerfs,8
Zientak,2
SharkSpider,8
Le_Roux27427,15
nindustries,2
enragedwindows,27
WarboyX,6
volcanonacho,7
TyDyMiler,1
DaffyOP,3
Swag-Rambo,2
eideteker,52
biojellywobbles,1
SirWhoblah,19
gibson_guy77,6
notasinglfckwasgivn,2
CanadianTaco,3
outla5t,2
Booplesnoots,3
BlackJack10,22
Moridin19,5
ChronicTheOne,3
wintermute808,4
idobbim,1
loozerr,2
Virtualization_Freak,13
Saddex,6
notk,5
Perfected,7
Ragnaroken,8
REVUmore,1
sidmos8580,3
DigitalDiatribes,16
Onestoptekshop,3
zydus,4
DMZ_Dragon,17
ShavenMcTroll,9
chibosway,2
talex95,26
morgazmo99,11
imuya,18
xlorken,1
flyphish,3
AdventWeed,1
dakaros,1
Purpleandbrown,2
iluvkfc,4
SlGNPlMP,5
szaleniec,1
money_boi,1
DonJimbo,3
Toaddew,4
hypermonkey2,2
ApeGrindeR,10
mushquog,4
NoYoureTheThrowaway,3
Flerbenderper,188
Wakers,3
adc_or_i_quit,4
methlabz,4
itsabearcannon,25
IouroborousI,2
MSAurelius,2
niicii77,3
Kinaestheticsz,12
KeAnE214,6
bunnymunro22,1
Wutda7,2
Joey208,3
epkrnftblluva,1
leaptheman,3
ThisPainIsAnIllusion,3
manf0rd,4
sin0822,17
jeyko,2
jonnyapples,6
Charizard9000,4
RealHumanHere,8
therayman,2
riboflavins,1
VagSmoothie,1
shanook,4
minerman30,2
nottheesecrustycrust,7
los1440,1
acamu5,3
-Aeryn-,3
mrjalllllla,11
mckeitherson,1
CapnMorgan45649,1
Everchange,3
Lurion,4
valigma,3
Fireeye200,3
Dank_Turtle,1
edifyingheresy,2
Zevean42,5
sirmidor,2
Heinus,2
shan3isg0d,5
vipercrazy,18
atrociousdoves,1
Reefernugz,4
leethal59,3
tannyque,3
aziridine86,8
rak8886,1
Speedfreak01,3
arikv2,33
seab4ss,1
adman234,5
Lavins,5
PEANUT_BUTTER_AND_JE,12
bconway,3
PhxkinMassacre,17
notable-_-shibboleth,3
hippohousemaker,1
ObamaSpinLaden,3
Hay_Lobos,21
Kavc,3
Had2killU,4
mdnpascual,1
aresareios,3
Mountainmohawk,4
Degann,5
alextreme96,6
TheGoingVertical,3
djbon2112,2
Deseluma,4
r4pt012,61
TatMan15,2
boomboomown,4
S3ZHUR,1
Mystery512,2
Adamesh,3
volound,2
davcc22,1
EoinDee,6
switchtehbeat,4
DarkMain,38
esmth,41
newgirlie,2
Jimpasen,2
Squaky,10
the_unusual_suspect,11
fucusr,3
LanjaSunrise,3
Alpha-_-Omega,5
AdvancedWin,3
DataX,3
Nuklearpinguin,4
nubsrevenge,3
Estryark,6
322454034,1
blackashi,2
chanzhf,1
oshio_kusanagi,1
punster_mc_punstein,2
trandav,10
Cassroll,8
14mm,4
Jackaboonie,3
DTMaster,6
oujea_,4
THE_CAT_DROWNERER,14
terp02andrew,98
goosebump,2
AlaskanSlayer,1
tamarockstar,63
lnvincibleVase,15
codywarmbo,6
Ninja_Harbinger,12
Midasx,8
Flying_Assassin,5
CARDTRICKSTER,3
bleeuurgghh,4
MoronicAcid1,1
Frozennqt,4
klepp0906,1
Anthrax234,3
cswank216,8
Thesciencenut,1
DeMar01,9
electricheat,27
Hardcorex,2
NuIIatrum,4
1point5volts,5
finalxoxo,7
mortiis69,9
offensivex,5
EleventySe7en,1
Frimbles,37
Cheezzypoof,2
Zepppster,3
giant4ftninja,3
The_boy_who_waited,14
the_Bobson,3
p4block,9
PinetreeRoad930,13
Exitios,3
hugoshtiglitz,2
faceman2k12,11
Pete_over_Kevin,1
RagingTroll1235,1
smeaglesmeagle,3
Twisted__Fate,2
jeezuspieces,5
ZandalarZandali,17
Cybuster,4
rodinj,2
TheAmazingApathyMan,3
earmuffin585,5
Worms222,4
FoxFacez,5
kratompoll,2
96fauj,3
i_never_post_posts,10
lilnignog,1
ravenouscraving,8
LaPerraDelDiablo,5
HTMLlama,3
pumpkinbundtcake,4
NoveltyToy,2
ljb29,3
Wastar,12
DeDovla,16
Thomas_Jefferman,2
imkuhl,9
DeathByToothPick,4
Mediocre_Pilot,3
PCGamingOnly,5
chetoflep,7
Gumbi1012,10
ConsuelaSaysNoNo,5
KillerDisturbed,10
Isleepreallylate,17
EndlessNaraku,6
-des0lation-,1
MrPoletski,8
ZormLeahcim,6
Deep__Thought,3
Packer13,1
TheMooseontheLoose,20
pmarkandu,4
e74798,5
Phalinx666,2
Eric_The_Jewish_Bear,4
Flu17,21
oftenBlunt,3
ifoundacookie,1
Captain_K_Cat,10
_Vova,5
Firerouge,5
Espionage724,5
Demokin,2
Juggy_Brohdletine,10
sev87,12
worldlybedouin,3
_fortune,8
cml1of4,10
unnamed_player,3
mrbobc2,1
TomyG,4
Parament,5
Ifthatswhatyourinto,1
AKA21,46
drshamzow,6
vici30,3
chrissmith1qwaszx1,1
ColonelCowboy,3
BadWolf-43,1
Garmfield,3
buildzoid,380
twinzab,1
masterpaisano,3
RampantRocky,4
adultswim90,17
xEthereal,6
eksploit,9
spiderbiggen,3
idyar,2
EncasedDeath,4
melsoftm,17
spicyboldbbq,24
RelyOnIrony,11
blumpkin,2
LowkeyCL,1
Sevion,4
rhart6,2
nough32,5
kevinsucks,1
ensay,2
Fuck_Off_Cancer,37
lawlsnoballz,12
C47man,5
Napster449,9
matane,4
AgentCake,4
IllIDANIllI,2
rhonx2,4
Noles603,2
religion_is_wat,2
pterodactal,4
iKnitYogurt,189
Feralnom,1
djnaden,3
steelersareawesome,1
prottos007,4
Mommenaizer,3
famousicon,8
sprayaway,10
LordAnon5703,2
1632,3
SuperVenom101,23
CorsairJake,1
Qo0u,1
tephulio,5
eddytheflow,5
NESTart,3
quiffofdestiny,1
BlackFenixGaming,9
GoGoGadgetReddit,7
killtarget,4
sdhov,4
darkrobstar,2
Cj145,4
DobermanTech,1
XS3LoL,5
ProfessorMcHugeBalls,3
Izbiz95,2
sjmorrow,9
Vince_Tyson,1
Goroshii,8
CassiusDean,3
Xion4762,6
Youknowimtheman,11
ss1gohan13,11
stRafaello,2
kr4nker,6
Dbission,9
shasum,6
_Jaron_,3
the_that,28
SilGelPhoto,3
theohuxtable,6
Suicidal360Flip,30
twogames12,3
Rumpelforeskinn,5
robbobthecorncob1,4
Jacobmlck,2
RowdyWalrus,1
xParaDoXie,2
PhillisTheNarwhal,3
tizzdance42,4
lurkherpderp,4
ProfessorSloth,3
Liambp,5
Tancoll,1
PeacefulFellow,4
nRRe,5
hustl3tree5,6
Armpitfluff,7
alabrand,1
Benjermain,2
DarkWalnut,3
MisterRoger,3
Contesso,2
nathanshaw93,9
SkyhawkCaptain,8
EnWk,4
StaticasaurusRex,13
chaquitabanana,4
tattlestation,2
bleedscarlet,1
Shitty_Human_Being,6
augustuscaesarsalad,3
min41992,3
NoShftShck16,6
3l3tric,4
Haxican,1
hornyfatbastard,1
namegr,4
cocozi1,2
Madremae,1
xdz,2
MrDongji,4
joe1983joe,5
danzas4321,4
TheDude300,16
ajs1850,2
degrees97,11
sp668,5
thatGuywhoNeedsHelp,2
DasGoat,1
theoriginalviking,7
DeathByChainsaw,7
amaling,7
Mulleflupp,6
popcap200,5
squaretangle,3
OHMAIGOSH,6
Jmcconn110,70
Beowolve,1
bullet15963,4
Wolf88804,17
Demonacho,5
Martipar,3
NoobOnTour,5
TenaciousDwight,2
Throbbin,1
Synchronauto,2
tedharr7,5
idiosyncrisia,5
pzlq17,4
chiloutus,3
ShitstainsIII,3
darkstar541,4
livinginpictures,1
boanerges57,10
IAmNamedMatt,3
Lemonade1947,3
Teufel9000,13
Inkertus_0,2
14_Quarters,6
morto00x,5
PhantomDot1,3
MattTron2000,1
r0hto88,2
Nubsauce328,3
MozerfuckerJones,1
slumn,7
Smagjus,34
Saint947,9
Hey_Mike,3
TeddyVee,1
malfurionpre,3
Falb0ner,12
dimitrikadmin,11
Fingledobe,16
dirtyunclechris,3
st0rm__,2
zamwad,4
TempestPrime15,22
Mousi,1
Barkerisonfire_,5
SaikonBr,2
SonnyAnderson,1
yojoe600,3
c0smik,3
ShiningDraco,4
FusRoHuh,3
hutihati,7
ChurroSalesman,4
todd_therock,6
ssalan1,3
ISIS-Archer,4
KyonSuzumiya,6
Dangqi,7
DobermanCavalry,7
Cozmo85,3
Suhb,4
Zormut,1
AzarelDJ,3
Typhuse,1
Gameattic1,4
SoSoEasy,3
nkrlive,1
Mankriks_Mistress,4
SDXCplastic,3
the_bolshevik,1
tadjr3214,4
MuffinMo,6
MonkeyG0d,4
Dave_Bowie,1
Hazelmaister,4
Twitchyy,3
Austad,9
Gluggle,4
whaleboobs,21
dasher9969,3
YoungsterSehun,19
ClutchHunter,6
Tarkam2,4
