Username,Pegging
knowledgeableks,4
iFeelSkeezy,1
newestchester,2
Thrwaycdluv,1
nerddit,1
kotakusan,3
DrRumdumcabbage,2
fappingit2u,1
glitorisasaurus,1
fritziebear,4
FlusteredByBoobs,1
presto9999,2
glitchvdub,2
JakeSHolland,3
norty-dc,12
behindcloseddoorsnz,3
MeiMcKorrmik,4
tapecounter,1
TomPalmer1979,5
sissyinrubber,1
fartsonpillows,4
BustyGoddess,13
emmilystarfish,1
evilbob2200,2
mini_monk347,8
SuckNFail,1
Naberius0,1
sitarjams,3
minporn,3
pu55y_mon5ter86,1
pegbird,1
skizza_32,2
CampBenCh,1
Btiger713,1
ThePooBird,1
cry72,1
Pipeluver,5
friskyduo,12
metalgodtx,4
pegmepl0x,4
nwlovers,10
meinsthrowaway,3
Azusanga,1
illbendover12,4
DiVMexican,2
bewst_more_bewst,1
bottomsoup,3
topgirl1,7
gringo-gaijin,67
Kelso-Crazy,11
Prinsn,1
jameson23,6
craigtiley,4
Could_Care_Corrector,1
jpanama,1
alakazoo11,12
mybdsm,1
basicomad,3
murroc,1
Jenner-69,6
skuzeme,4
rizer_,1
Narcissus_Herself,5
Rooster_Fan,2
SolidKGB,1
couch_porn,2
notahacker01,1
GENStevenson,2
stepfordexwife,3
tehshock,1
fellow_enthusiast,4
Deathrage3004,1
My0tterAccount,1
harderisaid,2
tinylittlegnat,1
AlimonyAle,2
emnon,5
vodka7tall,1
drugsrbadmkay,2
adrenicider,1
deadmagic92,1
Iamjbcii,1
GuyWhoLovesToys,2
Lockedupandloaded,4
followthatdog2,3
avil202020,2
ecsb79,3
BahamutPrime,2
pegmeamadeus,1
MissAllen,1
ShadowOfTheBeast,16
getsome187,26
kev1972,10
IamnotmeAMA,1
cquo8,6
little_gnora,1
lookIMclever,11
peggedforhthefirstti,5
Nyra,1
Dark_Butters,1
winkilow,5
1wingdangel,1
hriedmar,4
PCleric,11
mikewilldoanything,1
pdprn,1
fablaa,1
lg78,3
RoiVampire,3
Pervomatic,3
peggedmale,1
pegawa,4
cantonista,12
TotallyNotWhatIMeant,3
xlostinchaosx,1
Easy85,3
bruinshockey1221,7
Dirtysub,2
Aussie_chopperpilot,1
Melenna,1
pegcouple999,1
RatherBeThrilled,2
reallyz,1
Meelie,2
charlietwobeans,2
BecauseMyGfGooglesMe,1
lovebeinglesbian,6
naughtytor,1
masterofotters,3
boynxdor,1
mandyandandy,1
pegmesenseless,1
harryballs27603,2
Anxious4Dildos,1
docshivers09,1
pegasm,2
renegadeheros,1
MellyMew,5
abusepawn,1
shmoogy420,5
turkey_berzerky,8
jbinvic,9
CuriousaboutKink,3
ytownohm,11
TheCatDowntheBlock,1
HornyFrog22,1
cupcake2026,8
dominus762,1
TheFluffinator_,1
1cock2boobz,2
jdstones,3
Unicornisaur,3
SisterBarbosa,3
JMarkson03,1
anontotheend,1
ThunderBuss,3
Draivn,1
Ftnavy,2
nomhtar,9
g02mz,3
NSFW_reddit_lover,2
Faithful_FoXXX,6
scatmancrotherz,3
cloudedreflection,5
turtledos,4
butt_slut_boi,10
SuperMeatBoi,2
chevaldecharme,3
zdonic,5
watanaari,1
sausi,9
WMR1130,2
unlimitednights,3
lpacphantom,2
coiledupphoto,7
MesaRidge,2
rower12345,2
Mythology,7
oep9,1
jrocketfingers,2
tie_my_knot,2
silensbeta,1
Re-recycle-away,2
bellansa,4
justpeggit,1
Funkstone,1
StillAzure,1
Justforthem,2
xinsatiable,1
mr2901,2
Leomaster,1
Thisisathrowwa,2
notquitestrongbad,1
jhud666,1
shadowp1ay,2
myCreepsterAccount,1
BillyTSweetStache,3
doccie-d,1
reallyzz,14
Sasha_Dabinsky,4
alwaystacobell,1
this_iswho_iam,2
nonesuch333,3
O_O-oface,2
loki333,4
nevermind686,1
HeWhoKnowsHisShit,3
msgallows,3
Thrownawayagain25,9
mle69,2
jhenry922,3
sepharius1,7
lingerielovely,3
Wosret,1
lutherNSFW,9
guydownsouth,1
SanityNotFound,5
abraksis747,4
PrettyUnoriginal,2
other69,1
wkndpanties,2
katieliz8293,1
timbers_me_scissor,3
CallMeJuliann,5
Signe,7
menchfranicure,8
slave842,13
random_naked_guy,1
the2ndtolastunicorn,4
cvarner42,6
maxwell_rockafeller,1
Cptinsano53,1
secretsextossaway,8
KingSpoke,1
NO_I_DONT_WANT_THAT,3
not-your-valentine,3
ilikepm,2
SexAndGlitter,4
quietdomme,3
Iloveit1988,2
Peggoroni,1
-SharkVSTiger-,6
MrPeggyNL,2
dirtyalt75,2
LoraxBorax,3
GiraffeOfTheEndWorld,4
horseyiffy,1
dub7227,3
Fingers_9,2
Piercingthrowaway08,13
MolliesStudMuffin,2
Wood1786,1
wilrob7104,4
chadlee22,5
369plm,2
Perfectsandwich,2
verysecretaccount,2
tbarnes472,3
I_accidently_a_word,3
minx10,6
Gentball42,2
scorpiousdelectus,3
BendOverHusband,22
loyal_dog,6
TruerThanTrue,3
silent_s,1
altaccountthree,1
GirlWithACat,4
easterthrow,7
sexisawesome2,1
myonlyface1,1
BluntRoller420,3
peggingthrowaway88,3
pacotaco15,1
slavematt4u,4
Astrocunt,7
DickCavettMeetsABBA,1
Chardmonster,3
woahbrodude,1
iheartbigtits,19
Justplaintroubl,2
dwdirtyaccount,1
Ardorotica,1
seedyaccount,1
Anal_Nthusiast,2
xomito,2
Sky-Stair,1
cockandlabialover,3
kinkystrap,1
Ill_mumble_that,1
sexpositiv,4
Jamie2029,1
sho1oter,4
cdfrombc,14
Attomuse1,1
tepocheclote,5
letsdo2x2,1
throwawaygay12332,1
Trishwxx,2
termsofservice20,1
ganjasmuggler,3
PM-me-rear-pussy,3
PolySoulMan,2
Digging-For-Gold,3
al235,5
skeeder,4
bubba0929,5
ham-snatcher,4
Atrus96,9
Cmille19,2
Beer4Blowjobs,4
hardnutz233,3
kuromono,3
Charlottezweb,1
GermanPanda,2
LadyErzsebeth,6
lord_skittles,4
twilliams225,7
Experimentcpl,3
SgCloud,2
Bequeath_Thine_Booty,9
LAMFF,4
PegHunter,5
Genralgummybear87,3
BDD79,2
Zombie_Burner,1
fcma172,42
ChuckXx,1
ne0667,1
Pegme2014,1
hamsterfury,1
bibireddit,4
Sychotik,1
meinca2001,2
ImDeadKarmaPlease,19
Spankberryfuckcake,3
Whiskeygeneral,1
Antije,1
Meiw,3
dearthed,1
SilkyKitty818,1
Ted666,4
LoveLifeTrees,2
Nemesis6,7
imwithftcc,4
pchiodo,1
blndcavefsh,7
PhoenixMichael,1
RogerStarbuck,4
thisshouldbefunx,2
Comrade_Snarky8,1
jcacz1,1
thetanswede,1
Milliardo01,3
Driftclown,1
Kaostherie,2
wetterpants,1
SketchGoatee,4
buzzbuzz4you,1
alusian,3
To_Inform,6
DC_nerdyGirl,5
boilmyeyes,1
weinerm2,3
mobius_88,5
vergissmeinnichtt,1
youdontknowwhothisis,3
that0th3racc0unt,3
atlasimpure,3
jackdtheghost,7
peggingsock,15
meanawolf,1
rockangel302,3
JohnDylena,16
spoonf77,1
graveyard-romance,1
dickmonger,1
loveroffilth,6
Sorobin,1
prodromic,9
nesshie91,1
SKnickers,3
AngryPooperJammer,1
Elin0r,5
vendretta,1
cruzsanta3,1
uwssr,1
iusethisforsexytimes,3
terryt3o3,1
Darling_Darling,5
zombiechris,3
crushontgirls,2
mybaloneyhasa1stname,3
benchmade7,4
buffalownage,1
MyStrokeAccount,1
Idiotsonofanasshole,1
ShinyDiscard,3
jaydashnine,3
Flaherty61,3
JDiva88,5
tossedassunder,28
Slp3ftyVI,2
3BallJosh,3
ChasDickLover,3
myalias1,3
god_of_all_men,4
dsfadsdgsfa,2
rock100010000,5
ozzy_guy,3
caboose309,1
Cheestor,3
Kinkyboinick,5
gonna_get_pegged,1
allofthebutts,12
notthebritishchildrn,5
DirtyDaveIsDirty,1
weirdsexymantis,4
Scratchums,3
dppguy555,1
lasiviously,1
Ryanricc,1
toyExplorers,2
Curiousmama12,3
Newlypegged,10
CantAlwaysBeRight,6
bipolar_s,4
roly_h,6
Curiosity543,2
toshy4thissub,1
bibuttstuff,1
bepegged,4
jaimedere21,7
nilgiccas,2
throwawaybuttplug,9
myweedishairy,1
PonchoandLefty,2
voyager2000,1
peggedaway,1
pailee,45
wpnf,2
afkreddit,1
1N54N3M0D3,1
ANAL_PILLAGER,2
DrPops,1
tobiasjohn68,1
FunChicagoCpl,4
darkim,1
rtlthrowaway,2
dreamsofher,37
YUMADDEN,2
RubyReceiver,1
j2598,1
throwawayyazoo,1
ausdank,5
Qikku,3
ImNotIntoCocks,1
Heyzeuz88,1
Freshbum,2
applepiesmile,3
Seekingadvise,6
darkmdbeener,4
the_pornaccount,5
NoOneYouveMet,1
peggingvideo,1
earlystars,3
vancouvertwink,3
xxmickeymoorexx,2
palvinolag,3
eponine87,1
throwawaykcuc,2
ItsumoYadokari,2
CassCass2509,1
Mistrysz,1
OneDirtyBastard,1
Pavix,1
speep,5
Queen-Lusty-Slut,1
Pegosaur,1
all_pron,1
Issunsaki,1
Hankbelly,4
Peggsington,1
Bdub123456,4
dr_fuckmywife,7
bitchisakarma,1
anon_pegger,2
Ulkreghz,2
Lyons55,1
thagthebarbarian,7
leopoldritter,38
redditbamaguy,1
kdsproxima,2
CptnSaveAHo,1
somedudefromne,2
lestersch,2
PaulNP,2
thepainterswife,3
donezooo,3
kalel69,3
goodridge,1
puredopium,1
justthetipof,9
CrystalSplice,3
newly-open,2
Teej8595,3
Grindolf,4
DrizztForPresident,4
evil_pope_benedict,2
zoot_allures6,5
allaina85,3
ironic_mneumonic,1
humbleroller,1
Gmcrzynrd,1
Schwa3d,3
dirtyguythrowaway,4
mmmmmpop,4
asimple_poster,3
ThrowItAwayJim,1
ToyTrouble,1
not_tw33kz0r,1
Papamurphpegging,6
tenoranges,1
mytenththrowaway,1
Druston,3
Arganovaa,4
firsttimetonight,3
dragonstar982,7
GarmiliusRex,4
changeneverhappens,1
ChasteJunior,1
jc2483,2
sub7ime,2
Kanelet,1
inkedandkinked,1
nooneknows82,1
theegrimrobe,1
Joeboxr,1
pegquestiontrash,4
voreftw,1
pegupine,7
ThrowawayforRpegging,2
Dergoex,1
redjuvie,2
shhhnooneknows,4
skisaturday,2
Matthew37,9
WillyWanker69,1
Wubitout,6
JizzAldrin,1
i-will-forget-this,1
grrlove,8
steelbluegirl,4
looking4fun2007,1
pwrz,1
_Imade_this_for_this,1
mbrallier,6
curious_onlooker,1
RLindemann,1
hornystr8guy,5
alexis-althrope91,3
surveyforholly,1
wizardcats,5
NEpats12,2
Vera_Dixon,3
baconstrips99,2
layer-VI,3
bettybotic,1
swackpac,1
Pluggedinparadise,5
Want2PlayWithDatA,4
Mitters25,1
peggingguy27,2
GideonBarish,3
masturbatron,2
Eliwon,1
paulkemp89,1
uber-kinky,3
thecube21,1
Hardcorekoala,1
Cacophony_Of_Stupid,1
iojpitecsyolnve,1
missPrince,4
doggyflaw,3
TechnicolorFuck,1
ARMAcre1,4
nggt,1
vibratoryblurriness,2
bsmith1414,8
ootletootle,6
KnitVonPurl,3
boringolderguy,3
tangledsciencebitch,4
CoolHeadLuke,1
crassfellow,5
pickles12341,3
SuperDuperToo,3
Captain_OnePiece,1
Justtrying47,2
macsdaddy,1
ShaneCanada,1
trhwawy4095432,1
Kinda_Crazay,2
kingofdildopolis,4
poop_grenade,5
ske882,4
OttoKrieg,1
nova46,1
boxxxer76,2
Forthepuppies,17
applecrisp1728,3
hiltstuff,4
Traec,2
Buttlicker123,1
mrwills_hot,1
libertybelle603,2
Skarnskarn,1
Not_Reddit,1
FattyTattyCupcake,17
KrullTheWarriorKing,2
kuma_k,7
LiCkWiTTy,1
hecky914,5
User_resu,5
pegmedeeply,1
cigerect,1
jamieslife,2
HotBrudded,3
LooRoleMayhem,2
Evoldica,1
Cclark65,1
BonaFide2,5
LVCJQR,1
darkbutnotevil,5
clisterc,1
jasonharly,2
always_deleted,4
geek_who,3
ButtsAndBoobs,1
notanothercirclejerk,3
firsttimepeg,1
lancehart,22
suchnsuch11,1
Owan101NSFW,1
Curious_Mofo,1
malone_m,1
LeonProfessional,17
dicreetlyindiscreet,1
Degradaunt,12
breakfastinropes,3
CassandraVindicated,4
peg_me,2
Corryvrecken,3
WanderinStar,1
DaveB9090,2
justforpegginginfo,6
Forget_Regret,1
KimPolly,1
BuddNugget,3
Silly_Zombie_Brains,1
Allmenmustmarshtomp,6
Callous_Taoboy,1
Drakkanrider,1
jakemarley4,1
throw_away5432,1
pirate_fish,2
Drago02129,3
NaturallyJuicyAnus,1
RubyRyderRocks,1
forgonewildstuff,1
sub_by_nature,3
jcalvert8725,2
Lday_Desire,7
ipn8bit,1
seppa_ilmarinen,2
mentalfatigue,3
plan11,1
lunasmoon1966,7
agot1,2
HeretoHelpFindPorn,2
ohwhatshername,1
ChubbyViking,7
HypnoticDude,3
ThrowawayBiWanKinobe,1
familyguyquoter,4
goldengoose44,1
Perv-Zilla,1
JackPAnderson,8
kinkycumfetish,6
butt_love,5
Julianhyde88,1
traplover-berlin_88,3
WhiskeyForElephants,3
BattleStag17,2
cheertina,3
seanieuk,1
Philbin27,10
Tag_Ping_Pong,6
jamindude994,1
Devaztator,2
Kunjiku,9
LickHerAsshole,3
NotTheNineOClockNews,5
Praeger,1
studentin08,2
Dracos125,1
otovaker,2
iwearthepanties,7
kristiebear,1
lubeisyourbuddy,5
xScarlettz,1
DawnWillow,3
fireredginger,43
shiftcommathree,8
Sinpw,1
MfrBiGuy,1
bitail,1
much_longer_username,5
HappysinNSFW,1
alex10175,4
Throwaway235798,4
tlps,7
StillNeverNotFresh,2
iamsofakingwetodded,1
cannotchill,1
Burn_after_posting0,2
boobiesmachine,1
Zhurtek,3
spazticmethod,2
Pigmy_Marmoset,1
spartanredditor,1
Spike-Ball,1
reddit_boobs,1
LosAngelesSwingCpl,3
happyhedonist,15
US2Muke,1
Cicada_,5
biguyms,14
bballdadof3,3
34D,3
Naw_Dawg,4
timmor,1
prevertcouple,2
trish00l,1
pr0nster,4
switchybitchyf,4
AsherNY,10
Doctorloving,3
dirty_ideas,1
JLS711,4
Livryan,2
askanother93,1
head_of_red,12
Codemonky,1
Arkiekins,3
Throwawayforcocks,1
FLHTK,1
shadowplyr,13
MrKurtz86,5
OMGYesPls,1
weedtese,1
aubs205,9
sub2536,1
easytoremembername1,9
Bottomrec,2
DoubleDDDD,3
chiyoko,3
3xpession,1
psycho-blazem,3
rocktype1,1
Mac_Getit_Barrington,3
splicedgene,2
AlfalfaMail,1
mildirritant,11
willvj224,1
Nekkidtimez,1
burningbottom,1
DangerousLilly,11
romanyboy,5
chastityinflate,1
pegginghopeful,1
dasecone,1
Xafi18,1
nomdesex,1
amidammarru,1
Turisan,1
Cptbojangles,3
wiejskiserek,1
recursiveparanoia,1
big_meeech,1
notmyrealname2,3
thomasale2,1
straponseduction-com,45
maverick1684,1
farts_are_adorable,1
DizzyJupiter,3
sexyhu3,1
mysissyaccount,3
Heil_Grammar,1
AustNerevar,2
AlienInDubai,1
fantasy_rp_dpp,1
BattShadows,1
I_RAPE_RAPISTS_TOO,5
benzeboy,1
fappygentleman,2
radiator8,1
lyfgivesyoulemons,7
throwaway6714,3
mrHappy-,1
DarthMoobius,1
belgiannerd,1
straponprincess,4
cleanslate03,3
janusbound,1
chaste_for_her,3
naugtyb,4
miss_ana,1
kleenex_box,1
MyPornSource,3
Gusto88,2
IthinkItsGreat,4
iknowicannotspell,5
imatrysexual1,2
Rahl182,6
Whisperer85,5
HardInOklahoma,4
Thromedoughn,1
bh_hffk,1
knobbyshowerhead,5
Sexsin,1
str8laceunchaste,2
Juju335,6
mestex,2
DrExDi,3
dubyr,1
Xalwine,6
drascus,3
fittobetyed,3
maanity,1
New-cuck,1
redditorandwife,2
realindoorcat,7
peggingfan1,9
SrirachaEnema,3
pr0nonreddit,1
Tormundgiantsmember,1
Fueltheflame,2
Phalanges_Sex,2
DocthorElmo,1
ourfuntime,1
xxxhibitionists,5
menage_a_cuddle,1
reddi191,1
Inmysleep6,4
HereHoldMyBeer,9
Thismessishers,3
xyberjoker,2
getsomepegging,2
engrstud,1
lickylickysuckysucky,5
chadlee222,4
PurpleChange,1
wanderingkite,3
Adiwik,2
Oneknown,2
smilenowgirl,5
pegmequickly,6
charlie324,1
mitmahoney311,3
faye4ever,1
jowinn,3
HerBiPainSlut,1
dfw2112,1
TBMthrowaway,4
smurf_aa_see,5
brainiac256,1
Crash665,4
beachlovers817,1
clarkkentt_,3
myfriendwonders,1
WIInvestigator,2
I-AM-JESUS-H-CHRIST,2
DJBurgerLove,1
-mr-orange,5
Helloo_there,2
ireditjustnow,1
PeggedTop,7
puffnhuff,2
Shigpossposs,2
Fetish_Lover,5
goth_lover,1
CDthrowaway187,7
Tjjemp0r,6
disposablenublet,1
Amellar,1
kandykidd,1
lbgwohio,7
thedooood,4
Zuiderant,1
fakenamereddit,3
thrownawayoldbanana,3
Kellyrt,3
IntoTheRainbowVein,2
whataboutfetish,4
subpb,3
LTFuller83,3
butfun,1
PigsFlying,6
Life_is_good24689,3
Rlherron,7
d_bo,1
sihcloud7,1
bakergrrl,1
its_not_any_of_those,1
thegriffmonster,3
PornRater,1
peggedswinger,1
Slayer1973,2
slarman,1
tossinthisafter,2
sayaandtenshi,4
nbditscool,7
euphoric-melancholy,1
astkesh,3
FistyFist,3
nastyreads,1
severusquim,4
soylentcoleslaw,2
Jason_Paul,1
Judgemenot1,4
Miss_Squeak,1
tinman82,2
MDidzy,1
nsfwporn69,1
Exosan,1
unjawn,10
username,1
TwocanSam,1
BoTuLoX,7
Patpatimus,1
empress420,3
Afewcoldones,1
Rishu0182,1
banjogap,1
Rift_Man82,7
gambiergump,2
Tenure,1
rtyrrell11,4
Peggingpirate,11
OlSippy,3
chip812,1
FredLives,5
Happygirlfriendtw,2
sexguy69,3
pornP1,2
cc105,3
Serrath431,2
meatwad572,1
man-bitch13,6
slinkyface,1
MyCatCouldBeatYouUp,1
funguymilwaukee,3
michoriso,1
Toolissgod,5
henrysta,4
jaymatter70,1
psyonic_wave,3
superbound,5
gleefulsplosh,10
Looksinterestin,1
Halotutorial,7
koration,4
Riffler,2
PleasureState,6
ponycorn_pet,20
OnThePlusSide,3
RedDjango,4
peggedguy58,14
texasredd,4
probeguy,3
David949,1
winterMission,2
chasted_pegged,13
FDGB1992,3
bisexie,2
duel007,4
GoTfollower,4
anon6250,2
ConfusedGeeker,3
Tekian,1
Thrown_away_Dome,2
scottbob3,3
diverno55,1
proud_new_scum,2
ifaptolatex,3
bigbuttsandcoconuts,1
wetaworm,1
fire_bent,1
SirFappleton,1
KayakBassFisher,1
JnKinMN,1
ikaofmon,1
dong_hung_low,1
CigarCity7509,1
atomicfiend,4
muyhairyballz,4
pm_me_ur_strapon,11
OB-14,4
Sarzinki,1
CostardTheViking,1
fitnessfreakk,2
b00st3rg0ld,1
rbfonline,1
ChicagoJro,4
Throwaway14562397,1
Submit_Your_Ass,1
Simon_Hemlock,4
BDANON,10
Braziliger,6
sounfunny,2
normal_boring_slut,2
TheCandelabra,14
PaulSez,2
Idontdeservethekarma,1
YetiThrowaway,13
MissX_Shop,2
Peggingcouple27,1
mrewok,2
Ohlookagoat,1
littlemisstigger,6
Daddy-Likes,11
gdfermi,11
peggingreview,3
soft_creamy_center,3
DrDirtyBoy,3
Foolforgrool,5
Workandsleep,2
joeblough,4
MissAllieTheBat,3
sinisterkid24,2
zloi,1
BubbleBoy90,4
Call22400,10
Myfakeaccount90,1
Bigbullyx,1
Pegtown,2
darthcrispy,1
masonrymac,3
iloveanicebutt,5
AnkhStar,2
CheepTalk,1
CamoPeacock,3
Johideout,4
pweng,11
shineforme,4
RichDaCuban,1
turtle43,2
Riddler__,1
Machine97838,1
bmack122,6
AnotherDirtyOne,12
Johnboy50,1
OffBeatOnRhythm,1
PKBitchGirl,4
1thisismythrowaway,1
Lothbrook1,1
sissy_boy99,1
drachenic,2
TheJohnnyPHreak,2
nsfw_tom,1
gingesh,4
PrettyFromADistance,1
Stopher82,3
TheFruitViking,1
chewyice,4
Uberbabies,1
Feanor84,2
sagreyhawk1974,1
Abcdguy,1
GateOfIvory,3
claytonking123,2
Unknownne,1
maycontainbuttplugs,1
thedommewife3456,3
Jbenson14,1
godoftitsandtequila,3
shipmaster1138,1
CaramelSissy,10
guesswho1234,4
SouthernRoam,3
Krazy8s,1
jakethespectre,1
shmokahontas,7
pegmaster,5
Iprobablywill,3
shadowmoses,1
TheKingOfToast,2
martialartjesse,1
dancognito,2
cascadia4112,1
pornforbubs,1
JoshShavensack,1
alteredero,2
raveldm15,3
OurLord_OurSavior,1
starfior,1
caramelxxcandi,2
alankesslering,3
just-anotheraccount,1
CaptChuckit,1
spectral_haze,3
throwawaysubbi,1
anon5237,2
4of486,4
fat_cat_guru,1
phoenixv8,3
humpday8580,9
prgginpiratepete,1
breamcurry,1
Retherus,5
finalflash08,1
applesauce91,2
Balaki241,1
Throwaway120708,7
HeeroToast,1
cheesysnipsnap,2
lunchat12,1
Prizm1,3
TheBureau,2
fridaynight,2
datingrosy,1
LadyTigerSnake,4
throwmeoutnsfw,2
Jitzgrrl,2
Redwolf91,4
hitachi_magic_wand,1
maxsporn,4
Reddit2Bme,3
MassageThrowAway123,4
masstropic,1
ketchupboogie,1
CA_MA,5
StonerInASuit,12
kmfrtblynumb,1
inkdrockr,1
sexymcluvin,3
sampledisk,4
Cjk7,2
_katzi,4
mrbigmrssexy,10
Jaynechelsea,5
ninjajack86,2
Mplsjk,3
Banned_f0r_Life,1
hondalx97,1
fredlikescock,3
skyemoon91,37
ToInform,2
clockwork_004,14
just_ary,5
anallust,3
mistressalecia,1
herrgallows,1
badbadseed,5
Kerplaah,2
playnice14,3
joeschmo3018,1
throwaway4885,1
skweekypron,1
dnNSFW,1
reddit0720,1
Squigles,10
throwawat_pagging,2
ScatmanDosh,1
ragethegina,1
amandadarlene,3
cbcd,1
mj92,4
Melikerice,3
LoveSqueezingTits,1
PornAccount217,1
drakelin,2
spegma,2
pariah13,11
ukjh1986,1
barbiesareevil,4
deltastatic,3
CBPMGR,5
sexdevianttossact,3
Concretia,1
ljpegging,58
KillerSiren,1
drfuyutsuki,4
madmanwent,2
lostineden,2
motosxx,3
incognitothrowacct,2
RubyRyder,131
lastamaranth,3
sexydirtydirty,1
DillsburyPoughboy,1
DestroytheAutons,1
SaintPaddy,1
dangerranger1776,5
Ignatius17,3
webwanderer2,9
durty_south,3
inkinblinkin,2
akkaiden87,4
redfuzzies,1
pervomancer,3
peggingmyboy,1
swordsie93,1
BABYPUNK,4
AliceInBondageLand,3
OrcExile,3
CagedCumSlut,3
Throw4awayporn,9
tim20342,2
ShaxAjax,10
Frankie4u2,3
nocdname,5
Peggy_smith,2
liquidpride814,2
KrispyKoffee,5
UnicornZenith,1
Throw345324,2
TIGit,7
inner2be,2
mhj531,14
PainKiller66,10
Stiffed_,3
asdafa,1
SlowDownTA,3
iloveslutwives85,6
yarp_or_narp,1
atinyllama,2
ErosAlt,1
NSFWzest,1
St70,2
PositivelyClueless,3
GingerSwitch,1
uh_huh_honey_,1
fakeout13,3
another_dumb_alt,1
achambers,2
techn0path,1
surpantsalot,4
bignicky222,1
Ariies,2
ICTeabag,1
Yesornoi,1
TheFlash777,4
Jakej0064,1
Cuttwood,1
SoldierDom,1
Chibankster,2
LooksLikeAwesome,1
SkyCaptainStarr,2
PMmeIamBored,1
Nic3GreenNachos,2
FLsubboy,1
its-so-harddd,3
mtlguy30,5
425chucker,15
thirdXsacharm,1
johndough1958,10
shoreman83,1
bad-dragon-throwaway,1
Miss_Chuthulhu,1
Suddenly_Dragon,1
horndogdallas,1
Letshavesome,2
Taunic,3
thehightreestess,6
Augustustin,3
hankhill09,2
stingap,2
PerfectHair,3
billo5925,1
energizerfuckbunny,1
Hansolxx,3
TA300021,2
B00kk33per,9
WalkenBoots,2
hergator,5
Hi_Im_Bi_in_Chi,6
disposablemask2,3
Jessicatannersuxxx,1
pervs_friend,1
cuckbert,1
GWHD,2
hausofashley,5
DirtyQueenDragon,4
JCakes18,3
Jim_E_King,8
TawSaxy,1
mtn_man,1
GorgeousFreak616,2
that2013guy,3
PegMeDown,1
MaryAnne987,4
2stonesinthehouse,2
speedy45,8
oblnsfw,2
itbwp,11
Auralcummer,3
abbadus,6
Stoneyhouse,1
sissyboi333,25
hottblonde4u,8
JoshCraig89,1
throwaway6908,1
Maurs,13
NSFW_no_problem,1
PutaGatito,5
pluggedmaleND,4
havpropeger,1
speaknott,2
TinL,7
ifrit1100,3
MyBiCuriousThrowaway,1
mmfonline,8
Orange_Nina_Star,1
atkinson137,2
NOSEXTILL,2
reallybadones,4
youurmoma,2
Throw_away_6841,2
dstar305,25
QuatosXian,1
SublimeLover,7
kinkdevice,1
ahchava,16
gliesg,11
heartshapeddog,4
TheBarrowman,1
Bizzy645,7
MrDirt5,1
anonsexwoman,4
sleepygamer,1
I_kill_zebras,1
pornonly55,2
napsod,2
Dm1,3
trhrowmaxpeggo,1
infinit3j3st,5
copykat22,1
copypaste_93,1
Honkylips,1
throwaway150095,1
ThatNoirGuy,3
otismuffins,2
Moonhowler3,1
s0ylent_gr33n,11
hohnsenhoff,1
matheffect,32
goninjagogo,1
peggingthrowaway123,1
-chew-,4
powersquash,2
mistressofmischief,3
throw_oh_away,2
PornyTA,4
justpegging,1
ParivalKovacs,6
Skitterleaper,1
balded2,1
the_pirate_fatbeard,1
cheeseman777,1
forscienceyeah,1
I-pooped-a-little,3
icangetkindofweird,3
startwearinggreen,3
Twisted3ofus,13
ooga_the_booga,3
tossedassover,2
RoboZandrock,1
newtoy1,3
FuckInvic,1
Shardik30,19
T2112,8
throwaway52178,2
morosecorose,1
colopervs,2
themessyb,4
NickRickSlick,2
RTA256,1
pushbutan,3
straponstars,10
Timewarperx,1
CuriousCouple13,1
NeverKnewAboutMe,1
AandJ101,3
jokin40,2
M4ntr1d,3
DominantTeacher,1
only_human,1
antinon,1
straightplugged,1
TrulySovereign,2
ppbenn,3
bi_troy,1
runningfrommyself,1
thunderer18,3
PkMnCaptain,1
for_the_dirty,2
SissyAshley,1
Analpinecone,3
laraferox,1
bisubcocksucker,3
notguiltforreal,1
Kukker,1
Alkestes,1
IamSlammaJamma,1
Frozeth29,3
random-geek,1
Schmiznurf,6
yesplease654,1
derw00d,2
loknar,3
kmackayak,4
CaughtInLust,6
unabatedshagie,6
ebromic,8
BnBGreg,1
PrivateForLife,9
DigbyBrouge,5
Jandrosaurus,1
wilko1029,2
redjimdit,9
Roadking442000,5
SierraLoraine,4
Shaelz,1
wannabeslutty,3
ForgetThePlan,7
TokeandGo,2
InfamousCF,1
missyAnette,2
EUnumPluribus,3
verhaaltje,1
SizeQueenandTheWife,3
tyrhogue,2
TheHalfsightedOne,7
PokeMyPSpot,3
yesyestoys,1
GreggoryBasore,9
PhilosophyStudent,1
HulkThoughts,1
pornchucker,2
Spacemonkey250,1
BTLman,6
naka_witch,3
CB2000,2
hankkey29,4
