Username,playmindcrack
shotguns333,1
avenger1825,14
DigitalCheese,6
titleproblems,14
Omnirach,122
Infinity8miner,15
10daedalus,1
Dragonslayer314,41
Sonniemon,42
billnye29,5
cooldude2110,8
Edibleface,5
Taco_tycoon,7
Stplmstr,6
Kyohtsu,1
Verdann,1
PenguinRealm,3
IcyIcecloud,4
Enderborn1123,2
Im_Human_After_All,2
Zisteau,4
Combak,2
space_fountain,2
Robotuba,10
coolethanps2,30
SamueI_Andeson,14
BloodFalcon22,14
TheMagnificentPotato,2
DirtOre,3
ScrollingNinja,15
slibsirk,6
Jarvomb,1
TheDyscontinuum,3
elluor,1
Disabled-fist,3
SuperWizard68,17
Giants92hc,3
Torn_Ares,8
pinjataxx,2
BackstabPI3,3
8bit_Pheonix,4
Draeren,3
kr990,1
rolsense00,2
YoutuberSquiduu,6
ValdemartGameplays,1
JohnPlays,1
Brycepoke,4
devilanse_,48
Ninario,9
Hameltion,2
Beacon114,6
Mjora,1
Infrasoul,8
texasparrow,1
ewokaro,12
AlejothePanda,4
merkat3111,1
ollyroo,11
Jazaiest,7
Bakkidza,1
Typodestoyer,37
Xmaxx44X,7
Zepeck,8
BouncyWith7s,43
Peity,34
Whyusomean,2
Sakuya_Lv9,1
Smokey_The_Lion,9
BH109,1
lonelyhornet,24
scet123,1
sid3aff3ct,1
DarkEyes80,3
DatGuyKaj,10
DrAnonx,1
njord8472,5
Bentheflame2003,7
BeanChompingOgre,1
cheetah245,1
poppymelt,16
lamaba,12
thebutchered,1
fealos,1
HypothermicIce,2
joshgaming4,2
kilozombie,3
Havanacus,5
SuperSquirrel51,11
wanderingfalcon,4
JacquesCote77,2
Taco_Farmer,36
Piplupluv,14
chronohawk,1
BlizzardFenrir,1
Saf-ire,6
hisdeathmygain,2
Buildingo,7
rubysown,34
Wonto139,16
Datayre,13
Yellowdash34,17
charred_one,7
Pyrao,14
WinsLeaderboard,7
MishaMikado,12
ugster_,22
PyThOnRrR,1
DinosaurSkin,2
Clunkes,1
Noojuno,2
_The_Derp_,1
VenomEater552,1
nightsolar,5
Golden95008,1
Nanoux_,1
bacon178,4
dudio_,3
Bright_Oblivion,3
matarou,2
Marcoos107,2
DvZStory,11
MachoDagger,141
Spectacular101,2
imaSlayaa,2
SpaceTurtle49,40
MR_DUCT,3
Authoaria,4
Penguinator15,1
Tebotron,83
GideonTWells,17
fsorace0,2
extremeq16,4
EleanordaBeast,11
notaguy33,2
Princess_Pwny,13
MayonParaiso,3
ZorichTheElvish,2
sadlala64,3
iaortega657,3
themadpeanut,1
Nayxerr,5
_newtothis,1
xJason27,6
Beluga09,27
cube1234567890,2
bigbobxc,1
NickGraves,2
TyphlosionGOD,7
LoganIsSexy,1
Sinfall69,9
1Stirling,10
Dterer,3
mahnajago,24
StivnC,18
MrDrProfStew,4
Bfq2011,4
sensarwastaken,2
thaile4ever,9
Omnomalisk,9
OPLemma,5
The_Holy_Bison,5
BeastileBulldog,8
beccatucker1633,61
shmandible,1
MoistPete,3
WeKnowNot,2
AverNL,2
azifay,2
Jabster190,4
_youtubot_,1
tufkal,1
minercrafter3001,7
ActingLikeADick,2
ReLiFeD,3
Kazlhor,2
MonkeyKingOfNZ,59
Quilrond,11
BebopVox,3
shrubie,3
TyloNary,79
bluu31,120
m3noxide,1
donutnoble,3
jmcm30,8
miniscorchio,5
PickShark,94
jjaammster,10
TeamAquaAdminMatt,35
WASP_SANDWICHES,1
antiopa1,3
kohcoco,7
GrowSomeBallsAnon,1
robocamel,3
TechnicLP,2
crocano861,4
stargateguy762,2
trthbringr,7
Runnico,23
iananimator,4
zwind,57
pessimistprime3,1
Xotael,1
MegaMicrogames,16
LetsOne,3
Loomergalactic,1
Treesin,9
IamSamy01,2
natdrat00,3
Lateusvir,1
Lukinator422,1
dave_ol,1
RecMetal,2
TDWfan,1
bananannian,79
Raandm,3
muhammedash1,12
mil2,1
notrom11,1
zanchief,28
thetoadman169,1
mehmattski,3
Glenn_Diamond,7
AlphaWind,4
PiGuys,6
TheOneManGeekArmy,1
Zensten,7
Camaro6460,209
Oscarvarium,1
Pollomuhku,2
AndrizzlePC,1
crowdit,4
hailthechief1,56
cal_vein,2
Pie9075,5
poslime,1
goodben33,5
gwtje,1
DinominingAlong,3
TheDogstarLP,16
epiccheese2,1
Knightshade42,9
QTree,17
SilentEnigma1027,2
Kr0nZ,14
coolyc3,56
FunkyMuffinzzzz,2
JustVan,39
SO_FEIN,4
nameandnumbers123,1
Tinite,13
LoLNamiOP,3
Joopper,1
EonShinato,4
ModangerBoy,28
Kawasuzu,3
atm397,8
clickmyface,4
lorderunion,1
IamCreditCard,3
CD-RR,6
bluetreefrog,9
HiggerPie,1
mischiefwow,2
Zac91142,1
NuttyIrishMan93,1
DeliriousCow,12
Thunder_strike,2
Ginyucap,1
fireblad900,1
lightmast5,2
mknote,2
Nayang,3
jrh001,4
Vinny_Scurtch,3
EnderESXC,2
NewAccountXYZ,3
lotloxa,68
Allule,1
sithlordRED,6
Yirggzmb,16
Rurikar,564
Hellfiregate,4
bloodystar555,9
Hades_Dude,7
Blake_852,7
CarticTheCartic,19
btotheteam,4
Boundingfeather,1
hunterg429,3
PowPit,10
Fryzbe,20
WagnerBroz,3
mamoth101,7
Lordborgman,14
Fuzzy_tomato100,1
MegaFitzy,48
axltrain,3
Sgt_14tjyd,9
Exitridia,3
Hillstylelife,6
Marcus117,6
Dykam,10
chrisjones23,2
JJupiter8,6
darthfluffy63,8
AdamantFlames,3
Opop765,94
Makydog,15
GentlemanTwain,19
fluffyman24,12
SingingInThePain,1
ChalionX,5
PwngoreStormfiend,1
suicidaljoker7,1
Irish33ND,1
theqwert,2
infernoofihw,1
kukelekuuk00,2
Fa7Tony,1
Eternitee36,3
jowino44,1
ronyg1,24
DravereSilvanus,2
Balthier9999,1
cubsfan13444,2
miguel75,3
pkmnbrawler123,5
Nr1Creeper,1
OAMP47,5
BowlerHatt,1
GlitchyRainbow,8
Nat_Phelps,1
hayosten,3
Kavachi,5
GoldenAppleGuy,13
stormchaserE,7
quwertie,2
IronStoneMine,1
MrTodoe,5
Wontaanmon,1
grantharshammer,4
Nat3wall,34
Dahnlor,3
KingOfAllDownvotes,10
BiggiePaul,2
Staygoldrebel,2
diggerjohn,5
sirspammo,25
Azztech_MC,1
Shockley15,1
gazaroomf,17
dk9146,8
NemoBandit,4
MellohniRxx,5
teddybeartyler,5
DJParsons89,2
DrYoshiyahu,35
Red_Wolfz,8
Firedroide,16
TopKekDude394532,2
brynm,4
dezorey,2
SteampunkMittens,47
Dq231,8
BegbertBiggs,22
mateymitch,8
Xenomorphman,1
reijerzzz,1
ethansun01,3
dgersting,1
jikel,1
InfelixTurnus,20
Kyle_the_Avacado,1
LetsTalkTech,1
ShadowThief96,1
FrancoCJ,6
HonestJon311,4
__Discovery_,58
Spudd86,1
KombatKiller,1
helphelp11,13
STERPHERN1463,1
FlamingLips1,1
Vallessir,2
wwarcher,79
Fvpm,15
IDontGetSexualJokes,12
RestInPeaceHBK,9
angrypie80,1
PMCThrowaway,12
tttony2x,28
firemaster,6
Thevoid667,1
epicelmolord,11
Ningamer,3
halfhumanhalfvulcan,2
kajeslorian,2
ChickenboneHQ,5
jhregh,3
Peasant_Kav,2
Kurstor_,13
nin10mode,1
jozaud,6
SGT_JACKAL,63
Scar_Regret,2
Mobstarz,3
unctuous,1
Roselen_,3
AustoRoboto,20
oliviathecf,4
Captain_Issues,4
Petertwnsnd,3
JRJathome,3
azboy11,41
QEDomelets,1
sPiggsGaming,2
berrynim,1
dotjava,2
oddmimal,1
Saberus_Terras,25
TheRealKaveman,33
grawphook,7
Andtheman4,4
JulienIsDaMan,10
inkman986,87
DatRebelDoe,2
Djakk656,9
unclefunkall,4
Bengu_,12
SirACG,1
Soof49,3
Sagefox2,20
IllusionarySpy,105
xRavenLunaticx,3
FrozenPozole,1
peteyb37,3
letthebob,1
Micky_Hoops,5
TheSonicJoey,6
MCTDM,2
TheBlueCactuar,2
bibbit123,3
angiepoo00,3
antiloquist,16
SephiramSky,1
Guwilik,1
McSilverDiamond,34
laurenisabellax,49
DueyCockins,1
Flame_Burrito,1
rSlashPeer,14
DancingBane,3
TheGuyWithoutNames,5
torbray,1
Jack_Birding,1
StealthNL,2
QuantumNoodle,1
TitaniumForce,27
TornStar,103
yuvalal,4
DennisJQuin,4
Butt3rB0ots,3
tinyllama,5
worldinc355,1
Zatrin,1
Cruelman5555,9
davekol,4
Gyrro,1
unhi,1
Joreas,1
blaket95,1
DaTigerMan,1
Sweetness_IB,5
checker200,2
rhys1523,2
Devetta,13
Reckasaur,6
adorableamy2,2
Foozmuck,5
keiyakins,6
awalk6801,8
Nilba,26
danjr,18
david463095170,3
Kevrulezz,14
Keoct,17
Inzult54312,26
IrishGamer3,149
SoYouAreAsking,3
Nathanator,34
_TheFisherman_,9
eric1894,12
Headcrabhat,40
Kohtalon_,15
Mishmash34,2
MathieuHebert,2
randomuhcer2142,3
Dinocicle,3
TechVFX,1
Drooleedo,39
SoliderOmnivore,20
Doh7891,5
iQuantumChaos,32
justariddle,1
RachelWilson_,1
_Bertus_,17
HerroBunni,5
dylan522p,1
Lanbry,4
SuperUnicornMachine,4
Wabbitron,4
_Kale_,1
Clouded15,2
maxus2222,1
lnset,8
tebbi123,11
Ninfire,5
Willsgb,11
abhay_madan,4
bobby16may,2
Roskal,1
elfenari,7
GoldLobster,28
Darkness_of_Blue,18
lilauzzie,29
Challis2070,10
RotatingAtom,6
VileCraft,4
_GoatFace,1
maxxxph,2
Cassedy,17
Just_Gerald,13
WildH10,7
EntityZeroZeroZero,1
uxhy,38
plaird,17
Butterknife11,4
tanya3140,23
mountainy,1
JoeandBob,8
Spider-Vice,6
Cpt3020,4
Jor_,7
MathiTheCheeze,5
Pacbear501,6
kubaslov,3
Empty777,1
TrevorL13,1
VxPzGamer,1
inanis,3
Jacobmorganian,1
dolphinmaster,1
Philbob99,41
Dystant21,1
puya_alpestris,1
Jesus_is_my_homie,14
MrAlwaysPro,16
Splax77,229
mg6an,5
Zincamania,45
Swiss_A_Tech,2
Pillowkeeper,7
cam06082003,3
Diarhea_Slurp,1
sluttymcbuttsex,21
CatastrophicDoom,26
arii1986,8
neelbajaj,4
windowflagellum,1
Lovelandmonkey,12
Killerhound,5
rdswo,3
orangejediman,4
Jamestruebe,3
MitchBourke,7
Jerg,2
MattJShea,15
MP227,7
Z3R0-0,9
FirstRyder,58
Sadenjaro,7
Greatlando,1
Tomlough,28
nightmares212,2
CopyCatJ,80
ajsdklf9df,26
PeneNyme,1
Yamil01,2
redmadser,3
Paprboi,6
Gameslayer989,15
Gardex,1
nick2go,2
BusterBlack,1
DeathByGoonch,1
rumpelstiltskin8,3
XxGamingTownxX,3
GerrysamHD,5
PManning4Prez,1
Ernesto_Goldsw3gz,1
TrentGgrims,7
_deleted__,1
vintermann,25
Arm-the-homeless,4
scientistk,1
KreaperMC,9
Shellz8bellz,99
Opiniii,1
LonelyAirman,2
ShrivelTwitch,8
m_shane1234,4
cool1cool30,5
NMayhem,5
Darkslayer709,18
Celecat,2
LordMonteven,6
WintersLocke,9
Hawkshadow89,2
DNAGAMES,8
Frozen_Flame13,1
Taonas,10
Shuffleh,5
ServantofLordNisovin,1
Lavalampkap,1
thundershot899,2
onidaiken,3
Serenity024,4
CataquackAttack,7
Zinzinbadio,1
DalanianKnight,3
EffingEden,9
itsdoreenitsdoreen,10
theStukka,5
TheBaldr01,32
SML6,24
OddOstrich,7
Dywin,2
Ultra_Toad,1
Guosh,3
leewp,3
Vallenhal,1
mrpiggywinkles52,1
Imbc,5
w1crazymofo,6
EnderPig,4
Stephenhf123,5
Gunner857,27
Imhotep0,68
BlueCyann,14
Cindella_D,22
Equivocus,5
final_Crucible,25
TetrixxYT,187
neilson241,2
Amelorate,3
Neverwinter21,4
hopsmax101,4
dynid,6
MxrkieMxrk,1
Esbjorn_97,42
Scaraban,15
Ghureg,9
ReykjavicFaeroe,3
tbeowulf,4
RedTheIV,20
_BadW0lf_,4
boxofkangaroos,6
bainax,17
Sky_Budder,9
Easton122,1
FireDragonZone,3
SuperSpleef,1
TheIshark,3
RosesRicket,2
TheDragoclaw,23
Stpehen1,6
MrCheeze,5
KimchiDunk,2
ZappedTurtle,27
DDEShare,1
Demolion,1
13578mason,1
ohnojimmy,4
harleymachine,13
Thyrllann,15
Kastro187420,1
ArkasMC,1
buhala,3
D-phantom,1
kiakey,50
aalexcamirandd,11
sonmica,6
marcaron785,1
Aperture_client,3
Xuzto,5
LordAlbatross,4
discardedcash,4
Batwho,4
Jokerplan,3
ryjomom,1
Eemerald5000,5
Scarlet_Lily,5
kia_the_dead,2
Guardax,43
mcecraft,3
K54_,9
xxpyro99,1
panton312,1
neutlime,1
Toviah1,2
thehydralisk,5
dhj0411,3
SandAuror,5
woofwolf,2
smallguycrew,3
RockemSockemR0B0T,10
YeahImButters,5
ShaneW506,9
MrExtremer,3
Rossini138,4
Railith,5
Cat2468,7
druid24,4
mmseng,5
narwhale_97,12
Randorkers,1
photinus,5
Yuvy222,9
sniktaw_noraa,12
Number333,3
Krafter640,4
MoritzTheWild,1
CrusaderKing2112,1
Talace,2
dre500,1
Meganzoor,2
Pokeminer,3
Vawqer,17
spook327,1
Kakashi_Copywheel,17
MadSainter,2
Silverbulletgms,1
DJ_yoeri,3
NumbersMC,3
CoconutM1lk,26
Radical643,4
VictoriYang,13
Cheakz,9
rabsi1,9
CreapyNin,1
kacperrutka26,5
ProfessionalMike,8
RealityXcursion,7
GVM127,15
Dead_Moss,26
Peperboom,1
JellyNanners,1
Kroteux,2
Jasga,7
HoneyDwarfed,12
Epicpath,3
graymorality,7
Smexyhillbilly,1
Vukith,1
link0is0ian,11
mcmeaningoflife42,3
JessVille,10
empocariam,1
whatthepoo8,27
Turtle_Ninja573,13
D4B0mb,2
pimmerik,1
DeadBones5,2
willkrouse,2
Blitz_9100,14
bladgrim,3
wicarlton,6
Marted,6
unworry,3
Laylita_,14
Hollowolf,1
Nnescio,1
jacksoncity,3
tiffany352,2
mSkull001,4
Chapter_III,5
dvb317,1
musican391,21
jrbyrn2,1
pixels123,6
super_awesome_,1
loldudester,16
cpMetis,15
cornpop16,29
killslash,2
nisovin,94
rebexer,187
Sefean,15
Blindfire5,16
Vyzer,1
Ekketlol,1
Oldmantoby,111
jebblue,3
Broeder2,10
Escour,1
Kylesmomabigfatbtch,44
LaamaDuck,11
jacob_ninja_potato3,5
TimGB,1
DudeToManz,4
aWkie,3
KeeganMcConnor,4
wert23292,1
FSP_Ninja,2
Haxorquazar,1
roberttl,8
Rafftanks,87
Paul2448,36
AndWe,1
Zagoof12,8
Misharie_,5
Igantinos,5
Curay,2
sarar3sistance,1
Gargononymous,4
HurtByJohnnyCash,3
Qu33nAce,2
AlfreadoMcchumpy,1
mrhello3846,2
WackoFlipper,1
DerpinglyReddit,30
stuckin1x1hole,2
Throwawaykey22,1
kqr,2
Gr33nfield,14
NBstuart20,1
nicksl,2
Furacaoloko,4
NikoUY,196
Cortye,3
ZeroLinkYoshi,4
LocalsingleDota,5
chesterraven,1
m3mn4rch,4
mashmysmash,3
bananenbroek4,4
Brysn,4
Demmuffinz,2
AtomicShoelace,3
aragonii,3
Desk_Car,5
AndrewTindall,2
Thinkofdeath,1
therealjettix,1
PrettyBoyZERO,6
MrScottyTay,4
LeaellynaMC,10
youstarteditanon,1
Tangeleon,20
Putnar675,36
mgeorgiev,3
Snowdog999,3
KirbyATK48,8
Razorhead,39
cecilaz,4
Awesome6089,21
MatthewWCK,3
Howzieky,5
ironichaos,4
giantgreenslime,21
Penguinz52,6
Absynthexx,30
ste222,3
MeerkatMia,3
AaronA330,6
DePAKed,71
nickip13,1
m4lic,3
ULiopleurodon,10
Boba2007,16
ArarielFett,13
emily2019,1
KillaJoke,49
TheMapMakerX,5
JayMan0506,2
OmegaRaizer,2
KlawFox,10
Tinfoil_King,3
ShockingMaster,1
CheeseNinjaMaster,2
Kwyver,18
CreativePathoz,1
Jabagoo,4
Mattpoppybros,43
Hexatomb,3
Ptown16,8
goOutSide,1
tyrocantus,1
lochaodhan,1
Rigbyrullles,3
freetorule,1
Rednoblue,2
Phenrear,9
atmorrison,6
cfus5,5
Backlong,1
Hymi,1
Floodburner_,1
evilsaltine,1
Lordofthehues,3
mushyninja,2
IrulelikeSTINK,4
Medieval_Ninja,9
Aelon51,7
Treaduse,10
fa11ingstar,105
HonorableJudgeGman,46
KingKurtit,4
ower1101,1
Tsutarja,27
Shroomzee,37
CasanisPlays,4
mike_x360a,1
JstuffJr,1
CrazyGamer707,5
MattZeeX,4
Coldface07,1
JiCiBee,3
Tomzy88,2
DenDonut,13
Valoth,2
enotsdeR,1
mobilehypo,23
GeneralMonkey,1
TomCarr,2
Diamondhackerz,1
xBlackBlur,24
DrsgonKing,3
Newb3,12
DBrickashaw_,1
alex_wonga,2
titsucklergirl,1
dangerous_b,30
Syh_,1
Generic_Builder,1
phones101,8
Apocalyptic0n3,3
Phireflyer,3
Austin_Rages,6
dogdude35,4
Werft,5
TheGamingGod,2
Mathens,1
Angetenar,1
riking27,3
IMissAK47,1
BlankTitle,6
Deltagon,2
yokymo,1
RavlinJavlin,8
MrShourin,18
Sohbetkid,2
ColorblindCuber,26
LochtnessBros,3
Tytouras,1
MLEACH103,3
FireSpammer485,2
Smurfman254,1
EnderSword100,4
monkeymoomoo,1
moute3,15
bjrs493,3
Zakaro,1
Viperaran,7
acwarren492,8
_ewan_,1
mmorganbrownn,8
homunculus9,10
NetherBlade1,1
Pyromanc,5
Olfmo,1
5ilver42,8
Krolltuk,1
daniel-alex,4
xjuhdas,3
littleocelot20,4
Phijkchu_Pikachu,13
ozillion,3
jadjasmom,2
Nenga_,15
UltNacho,6
SeegurkeK,2
linas999,3
Sixelona,47
Kiarie,1
river_rage_,1
SaltyLegumes,3
labtec901,46
heavie1,2
substitutemyown,80
Lionstar_,9
onceuponafail,3
Updradedsam3000,1
PhantomKyuubi,6
ilikpeenuts,13
Tim-van-head,6
Normixe,1
Derrheat,20
nymtch,24
Alriandi,53
eightbithero007,1
Killerpenguin25,2
Buttsack_,33
Xseleon,1
kittylady,5
Renardfeu,2
Hardy_Man,3
purpledildoinvader,1
CassTheUltimateBA,6
Fiverlight,1
Philiquaz,12
Thirster42,1
JacobMayfield,1
plsispeakthetruth,11
Jesus2998,1
Infinity_Geert,4
TheFrigidPenguin,1
theshadowvaporeon,10
Garizondyly,30
RosieButtons,10
matrixman355,6
bibliotaph,131
StrykerX7,1
Distance4life,2
Rvish,1
Morvereth,22
BeastHogames,12
Minikeeper,3
Hghgnghd,1
ichinose87,2
Gregst4,3
GuudeBoulderfist,190
Scarthy22,10
Dshock336,5
Silversoal,10
ciaranway,5
Celedeen,2
AlMightyA,9
hantoo,1
WaterInAMelon,1
YamiKyoya,23
Aznmoonz,11
LittleEndu,5
kukoricw,23
FrozenChivalry,2
_basedment,1
ShaneH7646,7
Watermonki,4
sentceoflife,1
EclipsEyE,8
Bertshet,1
Bird-of-Fire,18
Kerl126,12
the_vadernader,39
continuallykelly,37
TPPegazus,1
Recipe4Disasta,1
jujug28,15
TheFats216,1
Jazaen,1
WatDaSpark,4
SamNosliw,3
disturbedfan65,3
TheArbiter456,2
walkerloop,4
Nickjoet739,6
Sharkerinator,1
Betsyam,1
jondt,1
Proc33d,1
TipsFedoraLel,1
IceCubesBurning,4
suicidcreepers,7
JerseyCactus,4
soandso2,2
Cudzer,9
Negnar_Holf,38
aznwhitey,7
veksley,3
legorvg9,17
Nitor_,7
KevChefLP,4
Pineapple-Yetti,13
Come_0n_People,4
Ahrimanazu,3
Kazerius,1
MrThejarret,3
Bonecuss,1
Turok_ShadowBane,1
PancakeUndead,2
kookachild,1
Fidilisk,6
Lyeria,5
jaetwee,3
midasMIRV,1
Mrhappyparade,2
stereoearkid,2
Thunderrobin,1
spartans1107,5
BaloneWithAGoat,11
warthog15,1
HappyKirby,5
Block_Parser,11
DruidBlock_,5
mattmat34,4
starficz,10
jloevur,7
swvn9,2
EternalNinja0,4
Compuserv64,1
Lss40,3
Povertjes,1
phoenix616,17
Alex________________,2
BatmanInMC,1
PepperSauce1,5
Kaskaii,33
unpluggedriot,5
Charlio101,1
tteeoo13,3
Seven-Deadly-Sins,5
lunchb0x91,4
jlim201,25
edfaz,11
somebodyspoke,1
ZebraRenegade,2
cougarknight18,18
BGHank,3
Asvreii,1
Domokl2,1
HicEstSparta,3
fredfred789,8
SaintKairu,3
Isorn,2
brennanwolfe,5
Mechman007,5
Melair,6
TheAmblingOwl,1
scttydsntknw85,21
Golden_Kumquat,22
fitzdepl,2
DubstepPuppy,1
Pbhuh,18
Spartancoolcody,2
MrlTlRex,1
Eli2453,3
aidan2001,4
Lathergy,20
cerealkiller155,2
setanator,3
I_IblackI_I,1
Habzs,1
Lord_Squire,5
fsxaircanada01,2
Zipstream7,16
tearr,2
pcjamesy,5
nWW,108
Exeroth,16
Veeri77,1
goalie1248,3
alex97519,5
Roadsguy,5
Stopwatched08,18
Helysian,5
TheToxicSheep,1
Stereo_typed,2
Veks_,2
BellLabs,7
Cat656,160
MrLemmen23,7
SilverSaber1,1
fush_and_chups_,3
RachelMcBigTits,2
carbon--,2
The0nly,4
phaxar,5
Korot,2
Noppe,61
Mibudemoneyekyo,2
SirCakesworth,1
Xsythe,1
NEEEJ,6
supersonicpolarflare,3
NoBreadsticks,3
londonboy98,2
lewiso574,1
tommy__123__,1
sealiahraith,1
DjTalica,16
kksippicup,10
Ignisar,1
ElloJelloMellow,11
Cloudpaw,4
MidnightJester36,2
Appexxd,3
Desinvolture,3
WigglyDerp,18
Ltol,10
AbdealiGames,36
superlethalman,2
Conor3000,6
mjaumjau,12
Nihillo,21
Drakeliop,5
TheRollingCats,6
CoastalVeon,6
Arthur_Dent_42_121,1
kellermrtn,123
ArchasTL,73
Zephyr300,3
crazybmanp,4
PkmnTrainerConor,3
zuexo,4
Merchantbea,4
Sparky600,2
bath_mole,4
NekoJonez,1
Peach774,6
izixs,2
iHerp24,23
EmperorsAlpaca,114
famguy07,2
ioddo,1
sandycheeksz,1
chrisrf,4
MUFFINTOAST3R,1
ARN64,16
Happymuffn,4
epicbawler,7
ReggieMage,14
pandemania,5
MuffinYea,3
Olivia_P,3
DKnucklehead,3
ForestFairy,5
lukereid,1
ReaperDeath54,4
beboshoulddie,1
Azurillkirby,1
frost_biten,37
Maksa888,66
EMM1999,1
MBlack99,1
sadurger,2
sb604,3
Ty_guy44,1
TPHRyan,4
Danny333,5
Erkrez,4
MrStateTheObviouss,1
DarkStrobeLight,11
Brandito19,1
almazzanti,2
alo20,2
homeworkhater01,1
Tititesouris,2
FrighteningWorld,1
Ysbra,1
tigey101,18
MadEhSo,5
Wout12345,5
CatNinja101,11
mcbentles,21
Zetus,13
xTenken,2
SuperMcNastyy,21
Trevor3577,5
curlycue104,12
Leaesaurus,12
DeavenGaming,30
AcoG000,1
LiquidDerp,1
NoobKing3000,3
xJamPvP,1
Chappens,5
AceCoyote,1
themanoftacos,109
ETGaming3,5
Imanota,48
obee58,11
Bobby43434,3
mimecraft_101,3
Bur_Sangjun,4
SacredTube,5
lemonszz,38
Philemonara,3
TheOfficialJohnDSi,7
madmaxjb1000,1
Peekiechu,35
Clawmaneus,16
8jy89hui,26
JLSMC,6
no_apologies,6
ThomasA96,1
Kurvatis,9
Nincodedo,20
GeminiPanda,4
Waffle1099,71
PreggyPanda,10
antonmarten,1
LadyGamealot,1
Mhykol,4
Feycat,2
Mack4Attack,8
iamabucket13,3
vampite,2
PrussianPaul,1
Hosing1,1
Hawk301,1
GWood5,10
Triplicata,1
scrabbledoo,34
lightningtiger88,16
Mightyorc2,7
linz407,10
anikendude,5
Venompeachez,4
Andy316619,46
orestesma,6
Minecraftiscewl,1
locoa53l,1
Hendrik1101,1
Sventertainer,8
nihontiger,5
NightValeIntern,1
loomesno1,7
WolfieMario,5
Maggie_T,10
-Nolder-,6
supremeshieldon,9
Dementio_,206
Mr_Pendulum,39
The_Reapling,18
iScootNpoot,4
Calasime,17
LordsTV,5
Gerhuyy,3
RossjeMC,1
Rane022,20
ProSniper_Jason,5
lulzee,1
tijlps,7
darkmainiac,2
Frantzz,1
EquipLordBritish,1
Emergencypotato,7
Pyros7,2
flokenz,2
KuzonFilms,13
Kolac,3
skibbyjibbyjoe,3
rattevomfels,73
Phijkchu_,2
milancheee,4
Cerdd,1
Polarangel,35
sil3nt_gam3r,14
DrHalogen,25
Alpha_W0lfy,4
JordanGlass123,3
Catharsis1394,7
Claypool2112,27
alw4489,1
Unrealdinnerbone,4
2012Dead,6
Bipen,29
GiordanoTJ,4
Aethao,3
Victors_mole,28
eggorain,1
Parinfinity,3
Roadcrosser,1
Doffysen,6
defraction,3
w3ath3rfr3ak,9
katelyngames,2
BlueSpeed,6
kidmania01,30
Shadowclonier,9
Zahneii,3
epic27,2
CezoramLHS,1
equidaedream,32
Mamppu,2
Jower,2
xBroy,1
auran98,2
croswat,389
moronicturtle,3
wisegal99,4
gunshotproductions72,7
xMissingn0,1
wdsjailbird03,3
catman1900,26
SethBling,45
Daifen,1
j_f10res,6
XxeliteX,4
_TheCanadianHero_,18
Puppy_Boy_Wonder,3
Slifc,6
Mymidron,5
_JohnMC,3
Sigils,84
ando3,59
Ilmorinen,3
Thetonyspera,1
Mathemuse,2
zarporiko,7
TheHyperPotato,1
Hubry,53
its_JustColin,375
Zoralink124,1
Bronymanproductions,5
A_WASP_ATE_MY_DICK,6
Nullav,7
AmbitiousHobo,42
jpegmemory,5
DreadknightVolonis,1
UntitledMC,3
z0rz,2
manupanon,6
ASMEXYTOILET4,1
Qu33n-Ace,4
Lukinator42,6
BurntMayonnaise,5
DecodedFromSpace,1
MannerShark,2
thefrogzful,10
jubale,7
OvennAgain,1
Lunastrix13,20
Starsy_02,1
yoyoew,1
Kavlo,25
Premysl,35
oschiefloyd,1
Pegasusmeteo,13
grantwa,9
willywonka707,1
wolfboy0101,98
palmtree5,19
Death_To_Disco,8
hurgin7,1
Fjolvar,6
swiftdeathsk,5
Rook007,1
Chachy1522,5
giantrobosloth,12
Double_A_Madness,1
Mr_greenbone,16
BigBenTX,21
DrLolzworth,2
shadow904,3
manfrommtl,36
senrent,4
WiiWatcher702,16
Cy-V,6
ImVyvyanBasterd,2
cardiff_3,61
Freezer_Slave,7
Wertyujh1,3
josh__ab,48
TheGogoy,6
MX26,2
Mackelsaur,10
EpicFailWizard,2
Wifi_LC,17
Joku_,3
LOMDiplomacy,3
RealPieIsAwesomeful,269
axe_warrior123,4
WowILikePlayMindcrac,9
Rubisk,5
JellyFace94,1
MegaDan001,8
NicoTheBelgian,125
Whisper_Winds,8
YouWotMateMC,9
Imdad6629,2
LittlePanda82,1
poosealt,3
sclark96,4
mike678,7
jonnyboyUSA,8
Jawameat,1
AldregePCgames,2
VG-Vox,7
PyroTech76,5
Daze-Dawning,1
casper2002,9
Net_Nerd_,16
Astur01,3
charliemadman,23
StupidDrew9,22
Timmy1291,3
Elyessi,6
45flight2,1
Antirustagent,2
chihang321,1
MidnightDNinja,1
UnNamed_User_,24
memoryleakdeath1,3
jarred_stone,1
fantasypirat,1
balloftape,10
MegaPlaysGames,3
Keytium,4
007mrbilly,3
KALK77,3
rebelzrocks,2
Supahvaporeon,17
Elli_Psrn,1
Joelx1000,4
Jalorda88,4
YukiGeorgia,3
Dannflor,5
Lady_Penny1,11
rsmalec,2
ZtehGreat,4
Mrrcake,2
noisufroloc,18
Imagine_Baggins,23
Emmacakes69,16
PrivateChicken,2
spiritbx,1
Wolfy2001,1
NotNymtch,6
ajrainbows,2
Kevtrev,22
Pauldappel,1
MastermegaGamer,33
Bluenite0100,9
jkant623,4
ABCrabb,5
twinsfan33,2
Syhr,1
Teraka,1
Buck2700,9
Shell_Guy_,1
taffyman17,1
NexusRay,14
HintShade,3
MintyHikari,1
patsully56,1
AbsoluteIKeatI,3
paza112233,1
frankenztien234,5
ccoop95,2
nexg3nz1,3
Siulaim,20
wlabarron,1
Bob_higs,12
_selfishPersonReborn,9
darkbearcastle,1
Aftermath1231,4
treebeard189,3
IchthysTattoo,3
Yerol,3
aly14789,4
i4NDR3W,3
username,1
ruhig100,1
CalamityTD,1
1000jkjk,1
Uppercasenumber,1
rakiru,2
NikiCy4,7
adadaddam,5
ImpsCorner,4
TheEndercreeps,5
zhenstateofmind,1
Tjmachado,1
patropolis55,3
lordlunchmeat,1
Valten1987,1
AlwaysDankrupt,2
XxEnder_GamerxX,1
TheWildBanana,1
Gafloff,7
just413X,1
ForWritingJustCause,3
Sam3352,1
linivy,1
DayTimeLantern,4
arcanesachin,9
Momohime2000,2
Marius_Styrer,1
BryceWillakers,5
jimpug,9
fireWarriorMage,2
samedifference9,2
Ares225,1
JTHousek1,65
movixalTH,2
Lemmy7003,1
suggestionguy,5
TheSpacenaut,2
challistwin,6
kittymaverick,19
morron88,9
Shor_van,9
TheLuigiBrother,1
VintageDrummer1,6
MCJohnSmith97,3
TinyLongwing,246
ousire,18
Dgrim99,5
Katetara276,5
Stadic777,71
neglime,1
XenongamerLP,1
mfix1994,1
SoapScumChampion,4
TacklessJeppe64,3
Nixion_Umbra,5
Ruaraidheu,18
red_rath,2
powder507,16
ElderChicken,7
one_dead_saint,2
fryguy5,5
TonyItchystich,2
stinusmeret,6
NathanielRoss,5
pizzabash,24
ninjasheepisbrown,6
ToxicBear97,6
FrostedFlakeGaming,1
TheDoctorDoorknob,1
hypersonicelf,2
_mach,8
Trace500,1
CptAmazing98,34
throwaway_redstone,3
itzameluigilp,5
futty_monster,1
Gir_of_Doom,1
Furzellewen_the_2nd,10
Fantasylol,5
_Fugi_,42
BrineOfEmeralds,66
joshkg,28
ProcLobster,2
Axnalux,1
arandompokemon,34
FurryFear,1
GamesWithArty,3
cayen,12
marrj333,18
lucretia23,8
The_Composer_,2
skppo,18
awildjewappears,2
Wafflenator123,4
BaroTheMadman,16
bonesong,3
DigitoriiX,19
Bloq,2
GreenTieShow,1
Frostbite10001,5
GeoLP,2
Extendedfreezer,1
Cheese5_0mc,5
Blinzer,8
pure7777,12
domokl,23
rickmatter,1
Whatbone,5
supernovafox,2
Aftabang,4
Conner0135,5
QueenMisread,51
Thiodexal,5
Entingg,6
Inverted2wiceOver,1
hibob_,7
skeddles,1
brail,1
TheLvl100Feraligatr,1
tgoerlitz,2
Broski130,1
guitaristcj,4
foozkeeper,3
HigureGinhane,1
Ostau,6
Algernonathon,3
Adnerp,38
rdmgnrtdgy,9
MyRealNameIsTwitch,1
KazelJFB,1
shalluspalaces,5
t3hphazondragon,14
t3hero,389
MattThomsen,3
Hi_mynameis_Matt,8
ManInTheHat,5
TheRealXFactor,11
lade1rex,2
bogalizard,67
Foursur,2
iradpeleg,5
Alsnake55,25
intazma,1
FizZmc,53
shiny_dunsparce,7
Dagekkie,2
WaywardHaymaker,1
quadrplax,4
Random0Task,12
Kyster9891,6
qua11q7,2
neoluke6,2
TrendyNoodles,1
KyKobra,1
Yellowben,3
phasers0nstun,9
KKSlider24,14
dropbearloc,2
spider2906,3
starwebs1,29
Jakeyy95,2
brocollitreehouse,30
Hypnogog,8
KeyDachMan,7
Nerd_o_tron,5
Takeshi64,1
Cwalcott87,1
Davrial,14
lanciferp,3
FancySquid,9
RedYellowGirl,10
litspark,4
Bunnies1230,3
Coconut_Cove,10
Agileorangutan,5
Mranth0ny62,7
Dracob,3
SugarDosage,15
tkderbrad,19
pikawika,8
Seviry,53
ethening,29
Xatencio,6
Arkan3,3
troye888,37
Treefire_,8
Level44EnderShaman,1
Sheeplessknight,1
Samurai321_,5
stufforandom,3
ECrownofFire,2
mspeers_,8
Dbone1000,14
chilyconcarnage,6
Boe6Eod7Nty,28
failisim7,1
krijgwat,8
MiniCookies2,35
Mike_Fraud_Ross,1
FlairCorrectorPerson,3
brightwanderer,2
specter3003,1
Mae__,147
Pizzahdawg,1
BrorHolm,1
Oisin66,1
britboy3456,2
notwhereyouare,1
figsandthings,53
TheMaik,1
Ginauz,4
jozzzzy,8
topsecretgirly,245
coolpool2,47
ArcaneWarrior303,16
Newbunkle,6
LuckyLucario99,2
TimetravelingGuide,3
urnbob,1
Impuredeath,1
BurritHawk,3
JMeijer123,1
Marshy301,1
Stagnantfour3,3
aLyther,11
jophfy,5
cufnij,1
Uitvlucht,3
MissAtomic,3
newcoolnow,3
SuiSca,39
milen323,3
gravity235,1
Smothly,4
decimo27,4
Neilshah1999,1
HoofsforHands,2
kapir,4
Pieguys,2
DesertScorpion4,3
GrantWC,3
TheCreeperzgs,1
ElektrossByte,2
the_schmoka,111
drcupcake96,1
AnonYouKnow,10
BroskiBen,2
MarioLink1998,3
greenpencil,2
AFatalMistake,3
NickHaldon,1
aloy99,27
heyitsem,1
WarriorOfEsper,2
blindfoldedchaos,45
clonex10100,11
IrishBrawler98,5
starcksjoen,10
Key21,2
Ze_first,1
beepbeep1234,3
firepyromaniac,30
bananafacegonewild,4
P0sidon,5
Juicysteak117,19
cboland,4
cattyftw,1
geekofmanytopics,5
AragothMinecraft,7
Crosea,2
animated_monkey,1
bluesmcgroove,9
Angel_lord,2
FunkehMelon,2
demultiplexer,3
keksmonster77,2
dew3654,4
scraps414,7
moomoothecow1,3
ijzm,2
xarvous,3
Earthplate,3
Voltage2016,1
buhnanuhs,4
speedofdark8,1
Andis1,6
Sunlis,2
jerrybeansman,4
taterh8r,17
ercsredditaccount,1
SunFira,6
Duncan006,1
Squibbi,1
Nightmaresplody,84
bigguy1027,72
CheapAsFreee,4
StormRSi,1
Spiff_Waffle,5
scythe96,1
ProfessionalMartian,1
BlaseSage,5
oscar_sandford,3
Haredeenee,1
Sheepies123,9
Dubcore,3
Juriasu,4
Wiil23_,4
tylerax,1
Dabusco7,8
Grantus89,5
IllyiaSvara,41
Theexternal2,3
LnktheWolf,27
jasoneisengart,11
killonator74,7
Tuskinton,1
ImInsaneness,6
DJPatch999,26
Ingredeints,1
Unknown_Gamer,15
Glodexion,28
NotYorkiePudding,20
PillarofMinecraft,6
tomutwit,9
DraonEye,13
Hawc,5
bounty1663,2
Lifebylightening,1
andrew323MC,4
TheKid217,25
DrakeH44,2
Inferndragon,1
DwarvenThror,2
darkforestwarrior,22
Phantoms1091,8
ScruffyDaJanitor,128
Athed-,3
SirTenLee,3
greensnoteasy,5
rnpg1014,1
_Free_Byrd_,16
Zhaleon,4
Elektron124,9
RedditNexter,2
hollowtpm,8
zackp30,1
lukeperson6,6
Clarkmeister,4
CalumE5,10
Auralus,18
Xapdos,1
Arseny1997,3
EbonyHD,4
HrodwulfRoaar,1
AthenaWisper,1
Moonmask999,11
bullseye2230,20
GoldenEndymion0,4
pIXLzz,8
smallmanbigbass,6
NeoFire99,13
Slacklez,4
DeeJay1590,1
jonahdf,2
GeneralPeanut,1
comkreaperkiller,32
pandacraft,3
Detective__Mittens,28
gurrenprime,1
TheDarkAssassin01,25
kongr45gpen,7
wildeem,3
Crackercrackers,3
JustAnotherJimmy,2
Dr_Jackson,8
Killoah,1
Thaddea,1
Nanvul,14
PotatoPotatoChingCho,2
prettypinkdork,1
Endergrill,27
Ed_Hale,3
DeathDumpz,2
klaus_peng,1
SuperMasterUniverse,16
EhMeth,11
deukhoofd,17
pepermuntstokje,7
Da_Poiler,34
tapeman111,7
BiscuitLicker,2
Josef_Joris,2
Aruu,36
KonyYoloSwag,5
heddyquilts,8
geeksplash,1
gamerme,2
purplegreensexy,1
7pixels,1
Kaitis_,16
Legion_of_Dragon,11
Vileoss,3
Gsx2a,3
MangoWilliam,4
HEOliveira,6
the_Orphan_Gladiator,1
bunnyloyalist,3
dracit,18
CosmicGuitars,13
samuel3656,1
Legocloneaddict,4
HighCouncilorSkull,4
FeatherStar,1
cat1dog,8
yellowleopard,5
Biglaw,5
W92Baj,35
ImmatureIntellect,1
MCPhssthpok,89
penguinluvR428,3
bEn_derman,4
FrostFire21,1
ReasoningRoom,19
Chiro__,6
LampitosGames,2
TheJustinGuy,4
JacobArnold,5
Purple_Panda55,4
HarryTheMan20,19
MechanicalYeti,1
armakaryk,1
Arkandriel,104
SeiRyuSeijin,4
OptikalCrow,1
Zoomreddin,2
Brian_Buckley,4
wandering_ones,2
nemoroberts14,12
mikevito2,3
VibeRaiderLP,4
torch-,4
FENCERSUPREME,4
Swamp85,2
AragothsIpad,1
brighteyes890,88
Namington,3
Juliandroid98,248
mabrowning,5
konge40,12
MyNamesElias,7
__btrent__,6
Jce123,2
Kalbintion,1
Drayko_Sanbar,7
breon,5
Gryffkin,7
Thecnote,10
TheFiretryer,1
TheGypsyRose,1
CeledeenKT,6
MikesHD,38
PuzzlePrism,25
zjjca,3
FallDamage312,82
SlowlyMindCracking,8
Eevn,2
MillicentOak,181
kazblox,3
Peachzy,2
Darkflux,40
AshTheWolf,17
caveman555555,2
tehpwnmonster,3
bang_manpls,1
pipamir,47
Axium723,2
ultradolp,1
RedstoneGate,9
HighlandCoyote,2
Gals1882,4
timmyofpark,66
Econs311,118
nye2750,2
Mrdaimion,3
disorderedmind,43
smellyburrito42,4
nottaz,6
testtubebacon,1
jpg12345,5
bricea97,3
lzravanger,1
YouRedstone,1
smyrle,2
DarthMewtwo,113
keywc,2
FancyMancis,6
Ratchet6859,8
Yukinyan,2
Jarhead1197,3
njb508,2
Bronek0990,1
iethun,1
Noddan,5
epicfailure7,3
TCrimsonCardinal,9
Abcmsaj,111
RomanQrr,12
ChancelorThePoet,2
Roamaine,3
kooamon,7
youreyouryore,1
Haloguru_1,26
Aerowulf9,4
Inkman996,1
AlanAT101,6
Ach_Wheesht,2
ScottishViking,36
xythas,7
myserval,1
pexium128,1
Treepuncher515,4
WintersLex,1
Waterseas,1
MELTDOWNJACK,7
8726andrew,45
Little_J_2000,3
TLUL,5
emanresu1369,6
Nykoload,4
FatherPrax,5
Lost-Chord,5
Bresn,1
tobben20,5
Sharnier,29
newo64,13
CryingAngels,1
sangii99,4
NotZac,2
olmok,87
lormin,4
james22402,1
jsmeth,68
adentallon,5
TheRealMasono,10
freshjiive,5
Kreamator,98
Iconoclasm1,2
changtan,6
crzrainz,1
CorbecJayne,6
ruhig99,17
Sachyriel,1
danjr_the_shamed,2
aquabluesharpie,1
Braegh,2
Piccolito,1
tomknuckey,2
Aqueous_BlackFire,4
Howneredge,2
billy9101112,1
apersonwholikesstuff,2
yamina-chan,3
Robin4sen,2
EctoCreations,4
Ann0ny,12
RogueAssassin25,1
Heartgold3,4
dudeedud4,6
edgar_giraffe,3
Spidercide,7
Bean_Eire,3
imadoof,16
LordOfTheSheep,7
jdm2019,2
Pintopinata123,40
zzzxxcxxzzz,12
SAXTEN2011,26
Moptop39,2
Matocha,14
onvanity,3
Joeylaga,5
uksspy,4
Kingy_who,1
DukeBammerfire,5
Tordek,2
MathewN2012,3
Oagoz,1
stefanloos,152
erikdesjardins,9
allkindsofstupid,1
RobotPenguin56,1
Hibob__,6
seattlemariners2ws,7
JarkoStudios,3
wolfgirl543,5
ARV980,15
ModangerBoy_,59
Koalafy,5
Vessica,3
Pie-jacker875,2
8494,2
ImAwesomeName,21
jojjannes,4
thesuperadmin,2
THEON_GREYJOYS_WANG,1
Faaz101,34
Ithran,2
Vaelkyri,3
Dimencia,3
TheEpitomE8,14
NovaCutter,2
TurkishSwag,14
Threef,2
MegaRexos,5
HCJustin,15
LaserGlow6,1
elfowlgirl,4
chunin16,5
smittymane13,18
AvidyaZen,1
H0nom,3
strabismus,4
Sadenjaro1,1
QuasiLogical,1
mbokn,35
CaptainLudisimo,4
WesWilson,87
fdagpigj,1
pajam,23
ViolentSmoker,1
ScottishNutcase,1
madhoyen,2
Kallisti50253,3
Roy124242,1
paladinofhel,1
Joshwoocool,1
mythbustman,23
naviman1,39
Ryfrypie1,1
SSBBguys,13
Nezz202,5
OhYoshii,30
WhatTheHellMan,7
lordsparklehooves,7
SpazzyTheGeek,5
GamerVanquish,53
TtoxRS,35
Aechmea,15
Tondier,7
gyroninja,10
Azuzuzuli,1
totalsoup,2
LeDownvoteBrigade,2
ShadowHunter1123,2
Torn8oz,4
PikadudeNo1,4
Soulsilvers,5
Zurgtheone,2
Boolderdash,37
0thestrange10,1
iPeer,5
dvwinn,1
Xymorm1,6
Blah_McBlah_,3
IGotzCheeze,1
Quad9363,1
Exxmaniac,8
hungerjames1,6
CrazyCallum113,2
GirlsGonnaGameBro,1
Walrusgozert,13
CodeBreaker_,1
beastboyrolf,7
dranreb070,8
WorldOfMonkey,3
BlueBayou,111
marcryan,7
cucumberflant,2
Mario3573Z,12
BombadilBalrog,6
inmatarian,3
TheRealLemon,4
Sanjisama,87
lukyCZ1,1
gloomyMoron,1
aragoth1,7
XennywithanX,5
bigmax22,4
mauri9998,3
Waytfm,1
asdf00100,1
KingPikablu,16
AdvancedHalo,2
Wwfvswwe,3
mdxcloud,2
Garfield2436,54
garonedin,5
akau,1
KniveVideos,5
bavin2015,1
anariston,1
CyanYoshiMC,3
TheeLemon,12
KumoNin,1
Red_Mare_,7
MCickdanny,2
Clefstar,216
ArenGoodwin,1
Sekka3,1
123456rpm,7
Evnissyen,15
dankukri,1
-ninjaguy00,1
withcomment,2
Decoats,22
istisp,17
IMPERIALrule,2
guudesgrid,1
PoundSake,21
Guardian7171,4
nemo142,1
LordsOfMinecraftNoob,3
bjondelontegon,2
nbtrainor,1
klindark,1
Wildfallen,9
MasterOfSpasms,6
vidokou,4
Antboy1234,4
suddenlybeagles,1
Rundrop,9
TJB14,2
Cysticz,64
UnacceptableUse,6
r1v3rgod,4
Dishcat3,1
ProNerdPanda,4
steakoutpro,1
chuck2354,20
isit2003,15
TheCalebBlewy,16
Amaya_13,18
JohnJohn007,10
riverant,5
YoungWillie,6
duggabboo,4
Ageegee,13
Vetchus,4
MrBrianM,11
Korn_Bread,9
Arjenboy112,23
iamtallerthanyou,166
R8MC,1
BiblicalWalrus,3
8008panda,4
TheLastSparten,9
ghastfreak1o1,7
Groxir,1
global_ninja,6
AMP2010,3
ManIkWeet,1
psycholizardboy,35
Pokeyster,5
zpeed,1
Godheadweasel,3
Captain-Fuckface,2
Azurius,29
Tringard,85
Selenian,2
EthanJT,1
Tripleat,32
metsrock5,1
PMCisbest,1
Katkam99,57
Joshtea,2
herox175,1
melekdeniz98,2
Jesses198,3
MrGDavies,1
SAVINGN00BS,75
aeam_b,7
Charasific,2
Your_Sandwich,2
SystemOctave,12
DwloinSteelhelm,1
DarkLordOfUnicorns,4
Jadja-,154
SirolfUpaw,5
squeekywheelMC,39
CreeperRenegade,9
karmasapprentice,2
GameronGames1,1
All-Hail-Mr-Stamos,1
Ry_The_Penguin,30
Sage620,2
Skipper3210,8
as334,1
-Valkyrie-,8
Symbolis,1
DW1G1T,14
dr_crispin,4
iKsaGAM3R,101
roobix,1
Valthero1122,24
Rubbless,22
BardOfReactions,5
soupbob,39
OneManArmy77,6
GogolMaster,4
Trezen24,11
MissTheOldDays,2
NonProfitComic,1
Alderdash,243
Zukw,1
Boingboingsplat,12
cocomunster,13
MurderousPaper,3
A-L-MC,1
Hey_Im_a_Lobster,2
iRockstuff,1
Gales39997,6
RyubosJ,1
ThatGuyX,2
Ark77,35
