Username,redditblack
iMiCranked,3
Hirrno,5
carbonsnow,52
Jhacker111,37
EonXII,1
ChristianNDR,4
rottengammy,1
sigmamu232,77
The_Gingercon,3
Stayingog,1
Wetalkaboutssss,3
d3lan0,3
camforreal,1
PsychOutX,2
HelloCthulhu,2
swag_4_gays,2
MW_Nightmare24,1
detectivepickles,3
willycamps78,12
Warbugg,91
utspartan,3
Orval,1
Psychotic_J,1
MagnaVis,3
LETHALxHAMMER,10
Moscow_bear,9
ProfessionalFlasher,2
watergate_1983,5
Dazo,10
Max_Kas_,3
InHocus,2
KrAzyDrummer,1
UndercoverPeasant,12
Angel_Zpiritus,1
CapnPrice,34
TickleMeBenji,4
xxTHG_Corruptxx,4
Alfxalf,18
avexery1,2
Strylax,2
anathemanathema,109
daniell61,2
Lethophobia,6
Leetanidus,126
JustMuffins,4
bbiyf,276
MRbraneSIC,445
Resistance92,7
LookMexico,3
SkeletonPilot,56
greecedlightnin,11
Odyxsey,1
Deevious55,1
Keepervq,91
realog173,10
Number16,133
EndingDemise,9
TheWizzardOfAhhhhs,46
Pxws,1
mouthgasm,245
Hash43,1
WaitDontSh00t,12
Subtle_Rape,5
speerjr,14
chibucks,4
chivmastaflex,112
BerserkerB,69
HashtagDetriment,19
xAmped,1
thesacrednipple,2
desenagrator,1
IIICrazIII,2
Bubba624,9
thundertitz,29
Fakeaccount401,4
RedStormxt,29
x420xNOxSCOPExBEASTx,1
Poujakar,1
RBLKGOLD,8
Yagermeister,5
TheMiamiWhale,332
SuperManMS,3
chubaco96,2
CommentCreator,1
ThequickdrawKid,6
new-pc-builder,3
colemad5,1
kup-o-poo,6
Fildok12,5
MarveLess-,7
CoIdside,15
thatbubba4567,133
rhapsodicink,5
GhostofAce,15
BeenyWillow,2
JoaK709,5
mrskaos,24
Chocolateperve,1
rblkleakersistango,1
MetroSix,4
upceradication,12
SatansCopilot,1
CYNiK_sXe,4
morbidhoagie,2
pubis_,5
Corvese,493
Ubaid12,1
LxB_Cookie,17
BigJRitch,2
smo84,2
UntouchedHat,21
xNerfed,303
WootRocket,8
Avengerfrank,5
alsendermammal,4
BigGuy2631,2
someonelikegod,3
RayK47MDK,178
EnemySoil,6
wickedshrapnel,3
rblktraitor,11
drummerdrew,1
AGIANTSMURF,7
NotEthosLab,2
jmkraemer15,30
anthropost2012,15
moralfaq,3
SVT-Cobra,36
Huge_Richard,3
BIacked0ut,417
IAmLadyRainicorn,16
paypaluser68,1
Pickle-Moisture,7
z_KrAze,95
iLoveJBieber98,4
you8machipz,3
bdog91594,11
Underscore_Blues,1
brodoe,155
M1TCH405,37
Ceptics,1
rakharoarg,5
SpeclalK,344
zraden,161
Mike375,28
drpeppertastegood,1
Rancidwind,233
thatkiddtho,10
THEBroho,109
Lacess,65
seansss,141
Son3g,10
BiiGSeaN86,2
Reagorn,16
ZenMasterBuddha,2
Mr_winzz,2
yoloswag420aTxWill,3
Generalities-,1
uncleRico,3
Vindyy,6
WildWargasm,1
RosEMayhem,102
xG3TxSHOTx,1
hugmyDICtionary,1
_Answers,1
8bitsince86,10
MrMilie,3
Chazbrokowski,3
MAAgic_12,14
GoMLism,75
Makave22,2
lFtheKIDSareUNITED,1
WasherGareth,7
That_Kewl_Guy,346
zero2tool,4
geebees,1
w_p,1
Luigilow,7
ITK_REPEATEDLY,472
saintscanucks,3
captaincrunch4lyfe,4
DrArsone,53
oyoy_,6
MrMartinotti,124
wtfckd,62
Hotshyy,1
RandomFTL,44
IAmAWitness,61
ParlHillAddict,246
realbynight,613
MAKEuRAGE_,1
Tattoo_Addict,5
HalfDeadMarine,1
nrg_uw,43
snafuhsieh,2
tonyl321,1
KingDynopop,4
FunkateerHB,2
IDrinkMilk2,3
efroni,16
Game4Yeezus,158
OMG_its_JasonE,54
StealthClowns,247
vanguard_anon,16
zanook,11
-Swift-,2
amt_airb0rne,193
the_green_glass_door,6
j102ede,5
VelvetJammies,126
DamnitBilly,1
jonascm,4
Neospicer,3
FermentedGrog,9
BurnTheWeak,1
Immaterialism,23
MeatloafMT,5
astreinz,2
darthever,3
Steve_2605,5
kitchenpatrol,37
beansbeaner,1
Apologician,500
Jazz_The_God,14
Tpp4,1
Astrylian,5
Zachamiester,2
yeknuM,3
C0RPORAL,2
JTJunior,6
Blazerman,4
OscarWithaK,1
alke-holic,61
WoodyWho,26
melissag221,9
royaIs,54
ASSASSINMAN21,1
ConnivingSpoon,21
Proviction,140
thefreeze1,14
SamsonIsMyFriend,2
abookazoo7,9
LHS66,131
otm_shank,17
captngiveafawk,231
Killabeez56,9
cmac91,5
Dalski,1
Roflzilla,113
zEvac,4
santaanas,38
Muff3n,4
full_of_stars,1
3dwaddle,3
fobindianman,11
JORGA,1
MansTrueNature,1
Gallifrey85,1
XxMissionaryxX,37
DLoza737,165
case013,3
tbatts33,51
FlappableTree,6
ghambyt,127
BlindCeej,40
Mannyflash,11
SimplySexy,165
strydes,19
MisterMorgo,1
Elaborateshoe3,84
alc59,4
mondo911,2
Control_F,3
DVS27t,86
lucky1397,2
LearnedFriend01,1
coollikecody,16
JOJOBASS,4
NVW5SV,1
jeudyfeo,5
CassidyCaravans,6
jekku0966,32
joshlove,616
JDPHNX,2
inside_voices,2
_hungry_,1
The-Hambeast,2
ChickenTacos,3
rmoiii,86
GooglingThatForYou,9
InGloriuss,3
BloodandBourbon,2
ThatAssholeFromOmaha,292
Tastowe,1
Half,261
Trenchhh,17
xWIDOWM4KER,7
AlfalfaKnight,1
Ianater77,1
Kumpass_Skater,77
catylisic,4
PzZz_,4
Blackaugumon,1
ROFLM0NSTER,13
pegcityskank,3
troggers,131
bwiz17,8
RokMeAmadeus,183
CalmDownPlzz,1
Johnston1313,11
ForgottenEmotion,3
Krakenforkarma,3
GEEZUS00,5
RedWingWay,186
WhiteContacts,4
DiLisioMatrix,5
Michael_Atari,17
KlNG1337,1
vengefulhokie,12
HostileHokie,37
WonderBus,4
Fuk_All_HaTerZxX,3
KNITEpanda,1
Managable,14
AstroDoorknob,6
GhillieTheSquid,5
Sitbacknwatch,32
goOutSide,96
ditchlock,20
Johnsu,9
drewlicious196,6
Backup_account_,3
kiIIabeez56,1
MrKyleOwns,9
kazama137,7
Topherhov,4
royalBASSmaster,99
RonaldTheRight,4
QueenVivacious,1
Kil0hertz,1
disav,18
Mythrl,61
Hockey868,19
GopherGold08,2
StewBeer,75
Bairy_Hadger,1
OneTrueLordHelix,1
TheBigDoughnut,155
smelvin0,1
Txmes,9
Democlyes,2
schkmenebene,1
tecz0r,14
Yourfacesuuucks,3
Moodswinngs,10
MrsApologician,13
Infemeth,6
smashredact,4
beardslol,220
Wreckluss,3
deijavu,6
TheDeskJockey,10
silversly80,3
DnC_GT,92
Dr-ISU,3
Veoxy,49
ObeyLegend,9
teekettle13,3
neadien,1
lv94Magikarp,5
ThadJarvis64,3
sauce687,370
Maleton3,3
waynechang92,3
qUxUp,2
omgtheyragequit,3
I_dazzleyou,8
jbzzz,4
JupitersProdigy,7
xV3N0MxFaTiFue,1
ronnie246,5
cgcr7,3
greg218484,2
Hotdogpeanut2004,5
Swazzoo,3
GenieHunter,12
META_FUCKING_POD,5
benjammin9292,3
tmacsmith33,38
Teh_Legend,6
TFWPartyBoy,2
tkim91321,158
azyouthinkeyeiz,2
dharasick,40
ShytTalkingScrub,1
sleazypanda2,4
kerstn,7
FireNerd,8
Thepartymansion,13
mrm3x1can,1
blingx,1
boots4210,8
jemao45,10
tubadammit69,4
Rozersedge,2
WForsakenW,8
Konstantine133,1
AntiSaint,106
dRwEedThuMb,942
YeahMann,9
Jobe394,11
racepdavid,3
Stridin,17
MrTokealot,20
codr3gul8rz,2
DeadSLaYer13,1
t3hShadow,75
HaDeeZ,3
vtkangaroo,7
tdvx,577
Th3_Hound,9
Justperusing,3
RagingTrain,1
C0mf0rt,2
DevmasterJ,550
About61Goats,153
IronboundElk,3
MrPerks,22
xlThalionlx,4
Alive2017,1
Shepherd7X,10
ToastyJoe,12
cugameswilliam,3
Andnox,1
iSend,3
fallofresistance,6
bugsinlights,1
DeuteriumH2,13
Moched,1
Kosley,3
yoyo__,33
Curiousitivity,1
titleist1996,1
philspencer,12
username,1
8306623863,534
Ethoxi,1
tastywatermelon,393
cajunFAITH,29
shaxit,2
R3define,118
timebomb_baby,1
shadow46x2,20
Herp_de_derppy,4
poopstainsbrah,270
The_Battle_Pack,2
Spabol1,2
Oregongunner,3
HulkDiesel,1
zpoon,263
Meathead_shit,15
BoeToe,3
infoe36069,3
ThatCarGuy1,5
grumbledum,29
ziggle43,6
Cazzleck,5
TooKinqie,1
Kademistric,3
partiallysplendid,98
696969696969696969x,2
vartrax,6
lolnoclue,1
DawnOfTheFirstDay,1
teeREKT,16
jammydrury,1
SinsOfAGeneration,10
Chrisc2297,20
Scissor_Me_Timbers_,9
LeteFox,33
onehundred_bees,9
SoulPoleSuperstar,1
FurryArt1st,1
ArchzLimits,1
broken337,9
jacobjanzen,3
LupeTobasc0,2
Rowmin,3
Dick_Knubbler666,10
IvyLeagueZombies,58
wakahalifanisha,150
Cipher1087,106
NoobPwnr,8
ferrariletigre,32
M4MAROF,8
TheeBearClaw,4
BuddingSeed,8
TRU3_DJ,9
tyson25,1
000000000143,1
Youknowwhoibee,3
flipflopity,4
diturit,16
ClocksandDocks,2
Emorosko,3
JHagedorn0125,1
EddieTheLiar,5
Piscator123,21
IVIoose,7
Trey29G,1
MasonThePug,7
CaLiKiNG805,2
AphoticAffinity,299
BubsyBogues,81
LasagnaWoof,112
Psyokticx,4
kevinthegoose,2
ST3ALTHSE7EN,27
BlindJ,2
mcsane,15
ThatwhiteGuy51,1
Deprecative,176
-Shank-,1
ewokS,31
C4Assault,67
SiNziLLa-,6
TatTater,2
Muchhappiernow,3
raymurda,4
___yoyo,4
cjaybo,1
Perpllexed,4
TheGreatJordanS,2
Derp413,2
Forality,2
dzmi11er,3
Super_Mrazek_34,65
MrsWeedthumb,30
Monoscent,7
im_reflex,114
ScuflessGay,3
nuclearnoodle13,2
ajd2t,7
itsmooseboxduh,7
qetuR,1
bliffer,11
manballoon,1
rnichaeljackson,14
no1survivalist,2
ItsYaBoyAnthony,6
MrTomnus,11
GiveMeMyCakeDay,5
holycowitschris,5
steveo831,139
skydarkstard,1
LuckySierra,10
Floobed,212
xProcess,72
UndiscoveredColors,68
QingQingQung,5
not_drunken_ocelot,4
ILikeToSayHi,3
Vengefu1_Reaper,9
MrBrightside1009,1
itmondsply,9
BlindEyes,139
iReaperrr,164
PrinceHabib72,117
drunken_ocelot,108
JustSurvive,3
PurpKiD,124
jbonno,20
Pixelated_Fudge,1
RVCFever,3
import69,3
Ezvy,22
Parallels,1
Omnux,15
-BioNic-,2
LegitimateRage,1
clipperwiz,2
MiniMoog,30
ThrowawayMcDongle,4
S_petsnaz,1
SabinMoon,2
VaseyUK,10
Maxaveli,55
Tibuktofu,5
bhoffy,9
Wombizzle,1
woopywoop,212
Behemoth13666,5
radninjatoker,1
byaaahhhh,3
Nycin,16
HammyDaHamster,6
Dadebayo84,2
pronstar,9
hwkfan1,18
Antidote91,12
GOATISH,2
kelbymiles,70
ImmortalNaga,21
WubWoofWolf,5
EliteDarrin,3
Josh45,1
TheStankPolice,5
Applejack2k,62
pensharpener1,1
Eli1028,3
NotoriousEnemy12,18
rmkf8te,2
Microjpx,16
Orinix,3
MeGustaTortugas,523
ohGodgoodbyelife,242
Natalia_Bandita,8
TheFatBlue,21
siriboss,3
DanDaManDNA,22
rhygaar,8
blues141541,9
SpellingB,1
geekier,102
RandomDW,12
IImprovise,48
MrBojanglesIsHi,1
Striker2515,3
CloneOutcast,1
tumadre124,174
Whatsaspace,4
CTthrower,82
Capitain86,2
robotcat123,3
Toastyfalcon,5
NADESPOTSdotCOM,7
Cloven,102
Blastergasm,65
TSHIRTTIIIIIIME,189
xInCeptive,207
007chill,237
dababypuncher,182
wakahaIifanisha,3
houseofstarkk,11
Epicdog_,2
TheBlakely,23
RGZ14,7
The_Zach_Attack,1
ripster55,1
YibberYabber,2
mjmvp_234,1
Prodeje79,5
LittleCucumber,5
Nivids,2
FriedMarsBar,1
__yoyo_,3
shivering,1
Snakeboi69,4
MyUshanka,4
S4R_ben,270
tommynottom,146
JamesFallen,218
basedktrain,38
rBLK_LEAK,3
NorFear,1
robertj15,10
Memnenth,6
modernform,6
I_iQuiiCzZ_I,8
PeacefullyBrewed,62
oBeyluxe,5
Brandon132,109
TheGreatPlaguea,18
Orphanwithcancer,11
boogieidm,8
WelcomeToTheHiccups,10
zachhhhy,4
Grinja,1
stlcardzrule,183
fawse,267
NuNerfGun,6
sirDicklesworth,1
Tjacks12,396
MinesofMoria,1
Plaguezeez,4
thexylophone,2
Its_ok_to_lie,7
mlittle,1
turtle352,20
Mesmxratize,16
AndyManCandy,1
Knox-Overstreet,1
walterlewout,4
Claxattack,93
