Username,religion
Finding_Gnosis,7
Restnessizzle,19
TheoreticalFunk,1
killkreek,1
ursineduck,22
voidgazing,4
Nomibuilder,1
Vazdan,2
monk123,17
Rollo9000,1
Lefthandyman,1
pecan_dandies,1
Balrogic2,12
cavitycreep,2
THEMACGOD,2
AnathemaMaranatha,17
NAMKNURD,3
Theodore-Hunter,6
nomatophobia,2
ibnAdan,8
S133py,1
captain__sock,5
TheSalingerAngle,11
ArjanB,1
TaylorS1986,35
Snazzyjack,4
tking250,2
THE_PROGRAMMER,9
murrchen,10
medsenfey,22
OortCloud,13
lastass,7
timpturbose,2
DrainageEliDrainage,3
teatiller,7
FutzBucket,2
ansoniK,3
GMNightmare,47
qmechan,11
pakidude17,1
IrreverentPriest,29
fat_squirrel,7
Snackbarian,1
IAmElizabethGould,20
mma2018,1
gigiwuzhere,5
cweaver,1
bb411114,3
Tatemylove,3
DiamondMind28,3
PaterTemporalis,7
whatzgood,3
thatsnotgneiss,17
ofcoursemyhorse23,1
TheoricusBlackthorn,1
godzillaguy9870,4
Nenor,9
ThomasAG,1
buddhareddit,5
jflewis4,23
zedMinusMinus,7
MissMooch,3
lenslyfe,3
MrGalecki,4
Lowlylife,3
AlGamaty,2
DontLickThat,3
wisdumb,1
dvaderwasframed,1
brianpeiris,3
guinness88,21
wolffml,3
AsonofMankind,2
SK_RVA,4
HoiChummer,1
Could_Care_Corrector,4
CATHOLIC_EXTREMIST,2
Unenjoyed,48
redpiano,5
Calevara,13
fakeaccountofcourse,4
AndS0ItGoes,5
jim45804,54
Notarbartolo,1
BranCerddorion,10
gorat,5
lobotomatic,3
rvaducks,3
democracyspreader,1
hypnofed,3
scrumbud,2
thesketchray,1
Moreor,7
Lexinad,11
BlessedUndressed,1
BlackChicken,3
potentialhijabi1,4
keftwin,6
iPengu,7
finnerpeace,55
scealfada,34
McAnarchy,2
caligari87,4
LeGinoJames,1
archemedes_rex,15
ktbuddha,3
jamesdickson,2
AnastasiaWithAmnesia,3
scriptedd,2
beardsalot,1
samreay,6
Joker22,2
gammaraylaser,1
haonowshaokao,4
Au-man,3
babyappleberry,2
kilroywashere92,5
AhuraMahzda,3
nygrd,2
e_t_,2
vinhdaloo,3
Frosty40,1
danielvmc,3
tiredmonster,7
InspiredRichard,25
shaolingod,3
Ignorance97,3
JackXDark,1
Aelgwen,3
gloryholehogger,1
Aristox,29
Aloysius_Gonzaga,6
EACCES,85
ChistianofE,2
pryoslice,1
momentum77,20
denroga,3
adrianwarp,7
EasternShieldMaiden,2
bjford,5
Pandakin,1
elperroborrachotoo,9
Sylvia3,1
cyberthief1,4
DavidNeville,9
unkorrupted,3
Wombattery,4
CrackerFurry,7
trc275,1
_Answers,1
GApproved,1
_youtubot_,1
RationalMango,4
recipriversexcluson,4
outsider,4
HippocampiTamer,1
Se7enwolf12,5
Thechickonthecompute,3
NoNeedForAName,9
SquareWheel,4
FarReachingSignal,3
talondearg,5
kwietuhs,1
heidavey,93
phoeniks,1
angstyatheist,1
letterix,1
KingQajar,4
CallumCrow,2
Traceyt715,1
Mudflap79,2
cataractum,1
Vaidurya,7
CannonBall7,3
RockStarState,4
fadihashmi,1
thehotelambush,6
plainprogrammer,1
StRiffRaff,8
TheBoyFromIpanema,2
Rusky,1
gamegyro56,31
chrajohn,12
shawnpboike,1
Nakuke,14
disappointingthata,1
segovius,7
Feinberg,2
shahadien,1
grimmwrath,39
BlessUpAustin,1
MG87,2
ICameHereToRead,1
demonh8r,3
iamjohnjenkinson,1
NostraDamnUs,2
coosjoaquin,2
FaerieHawk,4
youngsoulrebel,2
OneHasLepers,3
donkey_puncherello,5
peripheralknowledge,6
rampampwobble,1
RoseTyler38,1
manscapedlionsmane,2
bsievers,28
Honestabe1001,2
princessbynature,14
Etilla,1
iowaboy,9
octarino,3
onegaminus,3
hermaphroditicspork,1
sadeq786,5
girlwhowaited1992,1
banold,3
thendofaith,5
idosillythings,3
solidcat00,8
bananapoet,5
Abyssal-Remnant,2
rejectionist,1
DCM88,6
hawk4573,7
PrvtIdaho,7
joncatalan,2
McBr0de,1
natch,5
fishfhead,3
smithcm14,3
darodardar,4
lori43,4
wannaseewhat,2
Dogerunner11,7
tornfromabook,1
BFirebird101,7
ambivalentanglican,3
rodrigo_sm87,2
Musingmike,1
Trengingigan,6
EgyptianTacos,1
xxFlowerpowerxx,3
Jediknightforlife,2
nomelonnolemon,8
bowld123,1
abisiden,2
crassy,1
Pastordt,2
QaSpel,3
Murphysburger,2
Jdw32,3
r271answers,129
copperear,3
Rusalstiltskin,10
hotmagmamumma,3
catnik,6
throwaway_laughter,3
msafi,6
Fojaro,6
T0xicBanana,2
ksargent91,11
tedivm,5
the_gibralter,1
Th0rz669,1
BuddhaWasABlackMan,14
Phantastes,2
ChromeMask,2
ErkanHS,12
GingerDryad,22
backmask,42
TheGoalOfGoldFish,3
clurt,4
EMINEM_4Evah,18
lizardflix,9
grammardrunk,2
producer35,1
zassifrazz,2
John_Diggle,8
ganjasage,3
IAMHERETOANSWER,8
EgaoNoGenki-XXIII,3
omdufro,3
Raefniz,2
ccbeef,28
lightlamp4,3
NewLeaf37,4
LavishTantrums,1
ohjooguys,1
Hooblah2u2,4
Seraph4377,1
gertdude,1
nogoodboyoSF,2
tarandfeathers,1
dufus69,5
xpolkx,3
TwoToedTerror,3
fumus9,2
thainyk93,2
Sunshine_68,1
SirCharlesV,2
candidly1,3
The-Rtnb-Ab-Traxv,2
aeturnum,3
Pie23,2
10lbhammer,15
UglyFigurine,8
kneedeepinthought,1
thehumungus,7
InstantChemistry,1
davidphysics,4
goofygooberrock,1
_Entleman,2
curious97,2
NightMgr,44
dogstarchampion,5
BlankVerse,2
ThatsSortaCool,4
marcelius,1
SicTim,8
MannyBlack,1
eoin63,3
Xemnas81,1
ProjectGrudge,10
MrCrushus,11
trashjuices,1
badger6,4
auddee44,4
godlesspriest,7
charlie6969,3
shadowguyver,16
okamzikprosim,1
cappyfilms,1
curious_mormon,9
t0lk,4
stelilu,3
accountingjedi,8
lewisn,4
GreenGod,3
fisch86,1
apemaster123,3
manvsworld2011,3
PapsmearMcNuggets,1
Huzzah107654,2
ChucklefuckBitch,5
Raivyn_Redux,1
Arkansan13,3
whYandAD,2
kevinkjohn,18
Slaythem12,6
RinDig,1
Rinky-dink,5
GeekYogurt,1
Pranidhana,3
CuntSmellersLLP,21
Loaf4prez,1
oroboros74,5
CriticalSynapse,3
Sutekh137,2
sgbellaragazza,1
CharlotteCampbell,2
WoollyMittens,33
MostlyAN00b,4
HazzMadd,3
Average650,22
AviusQuovis,11
pakiswag,1
nekoningen,16
sahba,10
onerandomdraw,1
jimbo78255,15
fedja,1
casabolg2,3
shakaspeare,4
IrkedAtheist,6
acepincter,5
Ahandgesture,1
Ryanduck93,1
99Kelly,9
pradoludo,1
Redsetter,7
frankwilliamii,2
amacgregor,5
bystormageddon,2
truthseeker7,2
lostadventurer20,10
philthehumanist,1
AnUpperDecker,4
chaos986,3
darkillumine,1
WitchDoctrix,1
breakneckridge,30
Sparrow8907,5
Bjarki9,3
cazort2,269
GRVrush2112,1
tombh,1
DieStrassenkinder,4
AdoroErgoSum,5
no1name,15
vanillamushroom,4
Beast_From_The_Deep,4
EuphemismTreadmill,1
Crowfoot_Seneca,3
Volmic,1
toastymow,72
zadtheinhaler,4
doneddat,1
mad_poet_navarth,4
morajic,21
The_Sammich,11
samrudloff,1
cam_adillo,12
JD-4-Me,2
LordZikarno,4
Sylbinor,2
MamaD_Cooks,8
PSadair,2
Samwis,1
hivemind_MVGC,9
warlockasylum,5
Stirtoes1,5
Harvey_BirdmanESQ,3
everything_is_free,4
cmccool,2
kent_eh,6
MeredithofArabia,6
theuglypauper,1
Raplena14,4
Sharpy26,1
writer85,2
Jfreak7,1
unHoly1ne,4
TheOneFreeEngineer,67
himi123,2
vylasaven,3
rynchpln,12
Yomynameiszo,1
OhioTry,11
waqashsn,1
baltar2009,10
adzm,1
Grunt08,5
CyborgSuperChimp,2
yuki1986,2
Musichead2468,1
Dresden127,1
idoownreddit,3
brokenzygote,1
JEnduro,2
Nedap72,3
Altoon,2
RESERVA42,6
MorboBilo,1
thakiddd,2
greenknight,2
fickit1time,3
Navitych,1
ahappycatholic,4
sparktheshark,1
TNPR,4
ThatOneKidJason,1
Doctor_Yi,21
ergonomicsalamander,1
merkabah,1
fredseven,1
quranalyzeit,1
mklwhite,4
ShaggyReggae,1
yurigoul,4
FoneTap,89
cionn,9
willybusmc,3
arjun10,2
cliteratimonster,8
supermeerkat,1
possumless,3
btvs23,1
Pickleburp,7
vanityofvanitys2,5
Arshad68,4
BlackSpidy,13
EFFESS,6
Cybox,6
tubbytango,3
sfl78,13
sunstorm77,5
a-man-with-an-idea,3
not_safe_for_you,1
Acido,3
Saghloqh,1
religionsurvey18,4
Basilides,1
LordNoah,24
sirdarksoul,17
imagine_a_dragon,3
frsp,21
anonyaad,1
indiggnantuser,1
stevenchow_,6
RussianBears,2
Dunkcity239,3
NuclearBananaMan,4
OB1_kenobi,112
derapparat,5
AkuTaco,1
windflowers,4
dontdeservethisswole,3
Lmnopbb,2
Lurial,55
aardvarkious,1
hrafnblod,307
ep8,4
TheHispanicTitanic,9
emorockstar,3
Redfo,6
livinlifeontheedge,4
jbm4077,3
sithjustgotreal,5
irisiridescent,1
paiser,1
Rec1umWrecker,4
MimeJabsIntern,1
Ezzil,3
TwistedLuck,2
tphelan88,2
novictim,6
AnotherSmegHead,14
Citizen_O,12
Jizzyface,4
MatthewRoB,4
bittercapsule,4
league359,5
costumeliz,1
TBrady84,1
metalspaghetti,7
Mimirs,3
chocolatechipman,2
divefor,5
7thNephi,1
anonyeagle,1
MTV1994,3
RawrLicia,3
PsyWarrior,21
TableMK3,1
frumiousb,2
itsuncommon,2
Splarnst,61
Recolen,4
reeljazz7,4
nelsonm1972,1
PrityBird,3
crapadoodledoo,2
taanegl,5
mc_oleighs,2
HalfGingGhost,1
IonSquared,1
MetaphoricallyHitler,2
spacedicksmakestears,2
TheRealRobertLiddy,5
manicrysis,3
Perfectly_Obvious,3
papermageling,15
CliffDropOver,1
cltidball,9
weskwunibi,1
horseyhorseyhorsey,2
kryptobs2000,13
FrostyTheSasquatch,8
notfancy,5
aph-america,1
raendrop,23
levi_biff,1
erlegreer,4
fenderstrat86,10
CogitoNM,1
limited-differential,5
Noopples,1
slabbb-,3
PleaseLogInReddit,3
quarkle,3
highguy124,2
DwellForever,1
ThereIsBearCum,3
116pages,2
BinaryBiker,2
jabberw0ck,17
snibo,3
pchandler45,4
DrewOz,3
Evets616,13
alosttimetraveler,6
acct00,1
ChristianRemovalUnit,3
seamus555,3
Atheizm,1
blukowski,12
mysocksaredamp,1
samacora,1
Idevirtameh,1
Poison1990,71
AbstergoSupplier,12
graidan,19
wraithofhate,9
delosas,21
Carnivalhalla,1
NestorFade,1
PeterCucumber,2
myfirstnameisdanger,17
Rvb321,19
Inksplotter,4
zettca,1
DASLucas,1
bencollier,5
macylynn,4
dspaceklupp,2
ArgleFlargle57,6
CountGrasshopper,6
galacticdude7,2
Chelardy,4
urbchaos,4
ButNotYou_NotAnymore,10
SenorMcNuggets,4
untouchedURL,1
Moral_Gutpunch,15
andyfox1979,1
pbintx,1
splorng,3
GiantSquidd,34
Twitchinlikeafish,3
gnosticpostulant,3
PeterTMartin,3
packetOFfries,4
tsingi,54
childroid,7
heimsins_konungr,4
sad_handjob,9
zadokthepriest,1
calyxa,1
cecilomardesign,1
jetstorm369,4
dissidentseeker,5
yepthatsthewon,2
non-troll_account,9
pallomallo,11
jorkus_,1
MrBluebeef,5
henry_fords_ghost,4
ScoutforHire,1
marcocantlay,5
Munargin,6
jyamamo,3
im_at_work_today,2
francophonic,5
otakuman,61
lupaonreddit,5
Future_of_Amerika,2
macoafi,5
crsmith89,4
Tulkes,1
mossm93,22
betotr,4
ssscoundrel,3
bellianotte,5
whalesnot,4
Optimuszach,4
Manwitharms,1
kshazzzz,5
aarport,6
agnostic_reflex,6
philosofern,1
Haerverk,3
NegitiveSinX,1
jasonbx,1
MarioTheGOATChalmers,3
superdinary,2
ssick92,10
crcampos,1
DontTakeOurStuff,2
avandor,1
NikolaiVonToffel,16
YayWesternCiv,3
Just-another-humanbe,1
mzeemanv3,1
GenralGrammar,1
monesy,3
charas_,3
theycallmedukey,3
adamwho,6
AStraightLine,1
Nayias,3
AA72ON,6
ReverendMak,1
glegleglo,4
Seeders,8
RachelRTR,1
Lemon_Tree,3
cheesehead144,7
YourFairyGodmother,6
bi-furious,12
Spawnzer,1
tproc18,3
bunker_man,68
beige4ever,8
revglenn,1
biosphere03,3
Thegreengargantua,3
bcpond,9
mylittlesoapbox,1
ahabswhale,8
Dancing_Demon,3
forlasanto,4
carniemechanic,13
ElMangosto,1
Yukongolde,3
CaptainFlashback,1
Uzbek_X,7
Graelore,3
Pakayaro,2
Polymer9,9
secretgspot,7
AlaskanGinseng,2
loveharmonybeauty,2
Brodiferus,1
Apetn,15
MrPoochPants,3
NGeX,70
CallMeDoc24,3
Fluffy87,1
byteminer,1
laserulv,2
Viatos,16
condimentorice,14
PassingWanderer,9
sup3,27
britus,12
JoyBus147,29
wordofgreen,5
infinitysnake,3
TonyLondon,3
4morebeers,3
Zyclunt,12
somebodysomewhere2,1
jaysmitz,1
HRiderVerne,2
serenader,4
earlofleisure,2
LauraSane,2
ugknite,8
MaybeSawGod,4
postapocalyptictribe,1
newsyeol,1
NegativeCool,5
soupiejr,3
epoch2012,2
VickiTNA,1
hirschyc,3
AccountHaver25,22
litchick,12
fiveacesmedia,3
MedicatedDeveloper,3
LoneSavior,2
GoofyDread,2
antoniusmagnus,6
bmward105,1
NickOlah,5
ender008,5
P-_-O-_-O-_-N,3
engai,5
Bek,2
jimgatz,3
Mercifuls,5
deathpigeonx,3
BusierMold58,4
dw_pirate,5
Dinozornino,3
lisabauer58,88
relrobber,3
m30000,3
Lokismoke,1
jwidbin,3
michael_j_scofield,1
Eptar,4
i_must_work_harder,1
just_trizzy,3
suntastic,4
sapienne,1
1slinkydink1,5
MasterChaff,4
FirmBatteringRam,2
HardQuestionAsker,3
PhotoStock,4
yellowcakewalk,3
Boduognatos,13
Ace1999,5
GrayMattersBlog,2
dadmiral_r,1
yoongg,2
iasonaki,11
artee,2
GuruMeditationError,4
WasReddit,1
phileconomicus,2
Dcaim,4
sacredblasphemies,11
greenwizard88,7
shadowmyst,3
Downfore,1
White_Cocoapuff,4
formerfatdude,4
krady21,6
IWentToTheWoods,1
eilliw21,10
CptExplodeyPants,10
DrunkenSikh,8
urbanaut,1
chrisv25,1
175gr,2
thekeyisresilience,4
ExplosiveBrainPower,1
gawainjones,2
Mudmesiter,1
peterwhan,1
gimiltock,3
artematthew,3
no_fedora,1
lelouch_light,2
Gera-,29
lennyblazer,1
mahatmakg,3
nebraska_admiral,5
WillStayCalm,1
MorganFreemanAsSatan,3
wwabc,1
NSojac,4
hhhnnnnnggggggg,2
storigen,1
banjoman63,3
microcosmic5447,12
fenster4now,7
DiscardAndDisco,1
Sam-I-Am2,7
mousefire55,6
brownguynotterrorist,2
Revine,1
KidGold,1
Apotheosical,1
zabulistan,3
ostifari,3
bubblesoflove,1
DistortedLines,4
ENRICOs,6
PotatoeFarmer,2
taylorhayward_boston,4
DullahanDark,53
tgjer,25
LunarAlias17,3
troglozyte,10
mutiaraarticles,2
Balrogic3,27
earthxmaker,1
beingreddit,8
Singh_Q6,10
dr_nips,1
Brendangmcinerney,4
Caeremonia,5
jarhead0722,1
punoying,8
trd2000gt,7
amardas,10
RadioActiveIt,2
Nushif,8
Northstar1111,2
kadjar,1
jp221,2
burlycabin,1
gallifreysoup,2
Insolitae,3
iLiter4llyCant,6
CassanovaFrankenstei,2
Ishiggyyoudiggy,1
zulaikha_idris,6
ArkadashlerYahud,3
LeBirdyGuy,4
herbaliscious,4
Eponia,9
angstycollegekid,1
Mithryn,5
hornwalker,43
plato1123,3
createlife,1
GrinningManiac,6
hulapenguins,13
ppgandf,2
andrewdunger,1
butch123,9
TheShadowWall,1
k-h,9
RocketShipBuilder,1
Kofcandre,2
OneSalientOversight,2
Liempt,2
tahota,5
in4real,1
BlueGiant601,2
isaa445,5
Dicearx,2
crnelson10,4
Bman409,5
newgrl,3
ColumbianGeneral,2
yallmad4,4
Boduognatos_2,9
Digitalabia,4
TXheathen,11
spiritual_emergency,4
Fathergia,21
The_Withheld_Name,7
doodaid,2
Insamity,4
GenericUsername16,7
leonardo_bassthoven,2
rabbithole,9
2Xprogrammer,7
theearstohear,13
dalibora62,3
Raskolnikov1817,8
demmian,3
sonicreducer333,1
Kancho_Ninja,1
TimONeill,8
ScrithWire,3
AustrianAtheist,4
Alex1295,3
Ayomalireid,3
Numquid_Numen,3
RelSoc,5
kakekjeks,3
Shadoe17,3
guitardude_04,1
LiquidColors,21
Chief_Boner,2
fordprefect88,7
CrashAtlas,1
SodaPopJr,1
hobine,2
thecoffee,6
ohsnapt,1
JustTheT1p,13
Unbliever,1
ACE_C0ND0R,2
nomemory,19
jesusfreek,2
zZBootyPoppaZz,1
outsitting,1
foxzstealthpawz,6
Hierodulos,4
brainburger,7
theshallowdrowned,1
broscientologist,1
Funkymalone,3
skyhighSly,3
dexashman,8
selorn,4
sykosteve214,1
Phua,1
namerson,5
oddmodout,6
WisestAirBender,19
rjschirmer,3
Norrstjarnan,13
RogerWaterZ,1
everythingadvocate,2
ruthvh,3
manubfr,1
HillbillyVa,4
shillyshally,1
wh44,27
elonc,1
Thendfantasy,4
AllahAtemyBalls,1
edenkeeper,2
rasheemo,37
XnewXdiabolicX,5
dumbchuck,4
60secs,2
Roaul,4
NerdyKeith,32
observera,1
meeeeeeeeeeee1,3
khfrank97,1
2chronic0ffender01,1
Rhomaion,1
buzzseeker,3
TomasTTEngin,1
degustibus,2
oldrancher,2
frmmtl,13
BuddaLuke,3
NicroHobak,9
sungis,1
SalamanderLove,3
JackArmstrongBJJ,4
adnauseum72,2
thegreatdivide123,3
xXAlilaXx,2
SantiagoGT,7
goodknee,1
schmauften,2
tigerrjuggs,24
arunjchess,3
Questions_with,2
taidana,2
camimiele,3
BiagioLargo,4
pyritey,1
Exploreyourmined,7
lodewijkadlp,11
SolidSauce,5
throwmealltheaway,1
MrRutrum,8
shaolinbig,4
BurgandyBurgerBugle,2
isrolie321,5
freeth1nker,4
amorsemper,5
sameerc,3
sifumokung,14
jnshhh,11
hsfrey,87
Jordoom,20
PrinceOfEgypt,11
PauloFreire,7
Risingdawn,3
donny471,4
Omni314,6
trinities,1
SpearA7,4
DoctorMac12,5
toolfan73,18
rapistoftheinfirmed,10
jarjack,4
wgardenhire,2
Sodapopa,1
LogicFailure,6
briannamermaid,6
NeatG,3
someoneniceandsmiley,3
NerfRaven,2
surfer_ryan,6
2pacalypse9,2
artinmartin,2
Dirtydunn,2
krznpsk,1
aj4ever,3
lovelybirds123,1
junkmailrocket,2
peterbell_1,1
Aleon909,2
bdonthedon,22
bhal123,7
Clyde-frog420,1
HitchSlapHappy121511,3
agrobuddha,6
Mr_Zero,14
Spimzy,3
christythomas,3
chan_kohaku,1
ThunderOrb,1
KAZ--2Y5,3
jak08,2
electrifly,1
Taqwacore,104
pitofdoom,3
Nookasploosh,2
zorpisdead,2
TryUsingScience,9
ianstein,2
FourMy,4
m9321,1
crimsoncross,1
katjang,3
caradebastard,10
flatulentoldbugger,65
ObviousStache,8
question_allthings,5
roisaber,6
madmikev2,1
Simondo88,8
ddayola,2
Findlesham,2
angelina7,5
ryankhanny,2
--_--_--_--_--_,2
godnadsgod,3
homo-sapiens-sapiens,4
thebluntedge,1
irony,3
Trudom22,8
OBEYthesky,1
Philsofer1,3
kimonoaddicted,3
Rainbowwarrier,1
TotallyRandomMan,1
shannondoah,3
Capitol62,5
fakemakers,4
jamesdhanjal,3
BlueApollo,1
batvanvaiych,2
jcooli09,9
faith_observer,1
Jabawocky,2
justpickaname,1
AnEpiphanyTooLate,2
h4qq,22
crypticthree,3
i_tell_you_what,12
CornPlanter,5
prvorod,6
poetry4all,1
falasteen,1
somuchredditwow,3
milosterling,4
depressed-dan,1
MedayekMan,6
Jwood013,2
fivetonsofflax,10
BMRMike,1
IArgueWithAtheists,3
Kjostid,3
Tip718,10
akebonobambusa,1
terzogiro,3
AchtungStephen,3
robert1633,5
jakesyl,2
not_princess_leia,1
razeal113,4
naphini,1
engm,1
sonybravo,4
Propayne,5
astitious2,12
Temujin_123,3
Frankfusion,3
yabbadabbadood,2
feldecot,1
daiyuesen,1
themonkey12,2
vicorator,6
ljak,42
nephlimofhebrew,1
Venicedreaming,2
stillyoinkgasp,1
Old-Hickory,3
honorio,3
3VANESH,2
bustabuss,1
Wookie_Haircuts,3
johnnygod,7
shivastrom,3
Moderatecalf,3
pressthebuttonfrank,11
flashjmg,1
jpmurray,3
UsedToBeAPenguin,2
ClydeFroggg,6
Animus47,4
Plutonium_239,11
PineappleYogurt,8
YetzirahToAhssiah,1
religionhomework,3
mcdigby,3
Plotinus72,5
Mr343,2
Newwby,1
secpone,2
PushToRelease,3
landryraccoon,2
scrupio,4
FranciscanFranco,2
woodenbiplane,9
amymae,1
mason0422,3
hostess_cupcake,1
JustJonny,12
enlilsumerian,6
johnrowe,1
clubafrica,2
xylvera,16
_AlmightyGOD,11
Thesket,5
ROlmeda,3
SriBri,7
Haerdune,9
KidFlash,1
displaced_tarheel,1
AwesomeRighteousness,3
arnizach,9
oreotiger,1
mako1287,3
Mayfly_98,3
bfoster5705,2
DarkRedditUnderbelly,4
Kardec,3
Fionabeeona,1
lrich1024,7
havearemotecontrol,3
Rrrrrrr777,63
Smallpaul,77
ComicDebris,2
lelynx,5
Edgarthefish,4
sammythemc,2
genesissequence,1
JonOlle,4
Crostesh,3
made2kil,4
jmiller9461,1
8bitbasics,2
willyguy3,5
ilvxnk,12
luculentlady,1
instantdebris,1
QBRebel16,4
another_mystic,12
RainbowPhoenix,4
embracethebait,1
ancient-origins,5
lord_of_vader,4
jeezfrk,15
xKEPTxMANx,4
TechnoEquinox,4
SyntheticOne,11
krystyin,2
TDz86,3
GodOfAgnosticism,6
rbulan,3
Smithers66,1
thermidorian,6
zfgy,2
SueZbell,8
SignedTomato,7
Graphitetshirt,1
just_cheesin,2
Dobias,1
EsotericForest,1
dftitterington,4
tomatopathe,7
Baryonyx_walkeri,2
Bexamous92,5
tanyinlin,2
askaboutaa,3
johnsonjohnson28,11
Mymicz1,1
SnorriDeathbeard,5
pseudofidelis,16
SpongHits,7
Onward_Bulldogs,4
WTF787,4
wolfduke,1
Kerrt,1
conphlikt,2
nonespionage,1
TomCollator,2
strongestone,4
Hyperchimes,2
HelloiamMiep,3
pachydermatitis,2
realitycheek,6
DangerousDee,2
datawaslost,3
AaronRodgersMustache,1
re0Uz8Vc,19
roybringus,3
yourbasicgeek,3
NotVeryColorful,3
Aiman_D,3
Steganographer,1
The_Time_Master,9
Kingjoe3rd,3
SYEDSAYS,35
kehaar,9
klystron,1
cavadure,30
Leann1L,3
I_done_a_plop-plop,3
TheGreatEli,6
needlestuck,16
kingpomba,18
Tyranith,1
beardybahaiguy,1
fuglybear,1
someORno1,1
Brianflman,3
mehekhai,5
SimplyAverageGuys,3
psybermonkey15,13
prannyacs,1
Professor_Fez,5
TurboTheTroll,1
Superedwin3,4
HashSlinging-Slasher,4
nadia_nyce,18
christianityoriginal,1
TheIrishOn,1
imawildolive,2
Kanshan,2
RickRussellTX,3
forhisglorykickstart,3
ragout,1
frbnfr,1
vaticanllskeptic,2
WhiteyDude,5
argument_account,5
tom_the_tanker,1
ryanjoeben,1
tSparx,4
40a4,2
Professor_Trout,5
AbramelinTheMage,2
fallingshort,1
Slight_Grizzle,2
jonmatifa,3
skullshark54,11
styless,2
steinvanzwoll,10
kantut,3
Nessie,64
ericjwolverton,4
Matt5327,3
phreakiboi,5
PadreDieselPunk,5
RoadsideBandit,9
imgonnabethebest,1
SoulReaper821,4
dougmacphisto1,1
AreaAtheist,3
tamarawilhite,1
utnahpishtim,1
CrusaderPyro,1
myanrueller,3
sluttygrizzlybear,5
CcrLyaSrtIatLy,8
RonaldoFearsEboue,4
DustofAfrica,1
wanderingsoul7,1
Marie_Klee,1
puisiitis,1
FreakyFranklin,1
Capetorial,38
mavnorman,24
DeaconOrlov,3
XJ-0,6
Achievement_Haunter,1
Dirtieststache,2
LanceWackerle,3
nordbjerg,4
drawmeasheep,5
brought_,3
jeffwhit88,5
IAO131,1
digitalmayhemx,3
kiwimac,6
sikhsarecool,2
vivvav,4
txBuilder,1
theleakyprophet,6
oneofthebigthree,51
TryptamineX,45
Unutuku,4
iwsfutcmd,2
DanGleeballs,9
kessake,1
PeterGot,6
vespertili0,1
lioncock666,4
caleb16baseball,1
mychildhoodgone,1
daoudalqasir,21
gustakhjafri,7
theElegantWorm,3
enemyoffaith,1
Brittanybb,5
RedShirtDecoy,3
004forever,19
-taradactyl-,1
Sigma6987,1
antixnick,3
bassmaster22,12
Cr4fter,9
ApolloN0ir,2
HamheadSoretits,6
kantFTW,1
cocoanutter,11
Nicoodoe,3
Abrahadabraham,3
l224you,2
kengrandlund,1
civex,12
dragfyre,29
graysond,5
AwkwardCrying,1
Osusanna,2
BlackMantecore,1
emood123,4
xReversal,3
joqui2108,1
phenomenomnom,5
InconsideratePrick,4
errthing,3
zacharythefirst,3
crazyem814,1
Willfree,1
not_galactic_police,1
testiclesofscrotum,6
Floppywenisisafag,1
Naitso,1
Nihil94,2
doesntitmatter,6
taylorloy,2
sandIsaac,3
woadgrrl,1
kinetogen,4
Elijah6053,2
Unclefemale,1
AccusationsGW,4
Caitlionator,2
zeno-is-my-copilot,9
Exophoses,1
NotACynic,10
Marrypoppins0135,6
Ralmathon,8
jedi3881,1
danarbok,8
cenosillicaphobiac,12
swedgin,5
Mervint,1
GospelOfThomas,3
FugaziRules,7
ladypounce,1
skipperscruise,3
eldeetee,5
Mr_Frieze,2
hooponoponosecrets,4
HereticAsylum,3
Sysiphuslove,14
matthewsmazes,4
Jewish_NeoCon,1
chaoticparadigm,2
darlin133,2
dbacaflocka,1
TroutFishingInCanada,1
Diedofdissingterry,1
lordgoblin,2
op29,1
TripleM97,12
dagard,4
ynohoo,7
Nomiss,1
logo5,9
greg32700,20
ByzantineEmpire,1
Captain_Balko,28
god_of_madness,1
phiomni,3
retconk,7
wescannon,1
pinkgirl17,8
joomla11,1
GoOrioles,4
dronemoderator,2
Ceannairceach,4
homedoggieo,9
dalore,7
brightboy,2
The_J_Throwaway,3
Harry_Seaward,6
_flac,1
bbpgrs,4
timisbobis,1
DAhrens1990,1
Jedirogue,18
ThatOneBronyDude,1
X-3,2
Curlaub,1
Kdevlin90,2
bigboneramone,12
dburke13,8
drbrownbear,1
drascus,4
sneakybeaver,7
Godstrong11,2
TheSoyMan,1
l00pee,3
concernemere,3
Zoonationalist,20
Knodiferous,1
uniballoon,3
onthecrystalship,2
weenaak,6
paininmylefteye,1
cuttlefishmenagerie,3
robertlo9,2
cantblowmyself,20
IFeelSikh,6
Ron-Paultergeist,3
Lonecrow66,2
chavram,1
Jalase,4
zelda2013,3
SLeAKeR,3
greymanbomber,1
ScotchRobbins,1
MrMostDefinitely,20
Grogie,3
astitious,1
Guytron,9
apropo,2
psykikduk,2
Troglodizzy,3
beefwiththeleaf,1
AbbieSage,9
ColdSnickersBar,2
Aboresh,1
tennesseejeff,4
friedmanndaniel,4
BrotherFrancisOSB,9
coolgherm,1
seaglow999,3
txstoploss,14
DollEyeLlama,3
peoplelovepandas,3
livenow222,4
tetelesti,9
Some_Random_Human,4
that_tech_guy,7
malorynye,3
Ludovico,8
abhi17,3
piyochama,22
NotTheZombies,3
browsing_in_jail,3
Bobert001,2
IEEP,4
wranne,1
squidzilla,3
LauraLRuth,2
Endendros,7
JaffaGoddess,5
drose427,7
Stillupatnight,2
Theweekly250,2
desaderal,4
TheReDKinGXxX,3
doodle_day_lewis,1
redkeep13,6
UnderTruth,3
Ave_Melchom,35
ACHILLESiii,1
LucyDank,8
no1_vern,2
euclid47,1
scuzzbutt,1
itscool,2
bartlebyrlg,5
Metropical,1
dawggeee,1
mubukugrappa,3
FantasyBasketball,4
iNemewiccan,7
socialybored,3
lownoise,1
thismandoesnttalk,1
Rocksta94,4
stp2007,20
Panich52,1
shekib82,1
smalcald,3
flyingcakeeater,5
CswBizzel,6
the_bewildered_beast,10
cihuacoatl,4
Skippy27,3
doughboy011,2
hcahc,2
DivineJustice,5
q959fm,1
RedundantMaleMan,1
kagrace,1
noahhk,5
hermanmaas,1
Anticlimax1471,5
Shatana_,17
jamesmech,4
Lialice,1
xidewind3r,3
loopynewt,1
VisVirtusque,6
vikrant2mahajan,1
Hellblazer_25,8
hayothere,3
TerrifiedMoose,1
zerolinks2014,1
moffy52,1
Sixcoup,3
pwtrash,9
oillut,3
ksenapathy,1
DR83,3
sapiophile,3
HawliBear,1
VanSensei,1
redawn,7
wafu,1
Mudduck3006,3
US_Hiker,11
EstrusZombie,1
prettytitties2000,3
GoMustard,8
katethree,50
shr00mydan,18
climbtree,5
ClothCthulhu,7
OriginalCreeper,3
niels_singh,3
Archaeoculus,72
EatATaco,2
fenasi_kerim,1
benningraven,2
d0gtanian,2
spiritual0ne,2
jnsh,27
Scientologist2a,34
roflbbq,7
TheRealShyft,4
whitnights,1
imautoparts,13
baddspellar,3
swailherd,3
BryndenOfHouseStark,3
blancoman_,5
thatonesilentgirl,3
soliloquay,3
lightskinlarrybird,3
ShitsTaken,1
thefaber451,1
kawaii_Shinigami180,1
samwalie,6
RevJarrod,4
jessdawson,1
CuriousTripper,4
Jacob_yarBR,4
Panda50223,4
k13,3
username,1
jukajb,3
P-Diddy97,4
poopiecrisp,1
kalibdemer,1
Ahhuatl,17
Blue_Faced,3
Prankster_Bob,9
JV404,4
madametaylor,1
firstchurch,1
GMY0da,1
ZarK-eh,42
Zosim,3
totally_jawsome,10
gambiergump,1
vanostran,3
DarthContinent,15
NescienceEUW,6
pvnx,2
IchHabeKeineEmails,3
Sammy_the_Wise,1
Nowin,3
coffeebean2,2
acousticpants,5
lordjtwisted,3
Pachops427,1
SerialAntagonist,3
podkayne3000,1
mADhaTter324,4
eudemonist,1
stumpdawg,5
leblur96,6
batonius,2
frychu,1
afiresword,5
throwaway102361,3
helicoprion63,9
bholt94,1
RAndrewOhge,4
littlemisfit,4
foreverstudios123,1
divusdavus,6
abdalalim1982,34
Qwiggalo,1
Jaycoub,1
DieGodDie,1
MrPaneer,5
Storthos,6
improbable_humanoid,2
kystar,7
ideletemyhistory,10
kidcubby,1
Verjay92,9
TelepathicRum,4
two-dee,2
IronSphinx,2
Sihathor,235
bumbleberrypie51,2
jetboyterp,112
superstubb,26
Lilithly,1
ath-pop,6
noonenone,4
blazzier,2
BarkingToad,35
IntrepidSI,6
finsterdexter,1
easilyamused707,5
TheStupidBurns,3
SnowedInByEdward,3
Algernon_Asimov,16
Brandanp,7
youcallthatacting,1
Cwizzy_g,3
massRefect,1
poop1968,4
blackcat9001,15
steelerfaninperu,14
indianawalsh,1
ZZYZX-0,14
livinginthelight,7
trueslicky,3
agonzo516,2
kepsicum,1
slowbro202,2
iamatworksothrowaway,1
orthros,3
bmdubpk,4
phattestlewt,3
Bronto_812773,13
Boxdog,1
FappeningHero,1
coldcupofjoe,2
martincscheele,5
teknubic,1
MunchyMcNipples,2
totomaya,1
cicerothedog,6
jeffseadot,1
Mikeymcmikerson,6
KingHygelac,1
VertousWLF,5
thrawoway67,4
deuteros,2
threeoclockin,2
Jaystab,11
betteporter,1
FoxNewsBestNews,9
Sidere_Argentum,1
ZeraskGuilda,11
IFlippedYourTable,2
weeglos,5
Kgencks,8
imdakota,16
1207emc,3
atUOD,1
Ningiszhida,1
johannthegoatman,18
Andoo,1
noobprodigy,2
_mars_,4
SCGuenter,1
jacobandrews,2
Sssquish,3
Oooch,4
ChumpNugget,2
seriyes,3
itsnotlupus,2
tekgnosis,5
_slave,3
bridesign34,9
anotheritguy,3
DickWhiskey,5
Qwill2,4
OffByNone,3
wazzzzah,2
auandi,3
alienzx,4
crazytoasterguy,3
Canoneer,5
Arguss,28
I-am-always-right,2
awkwardee,2
t00,5
RelaxedBeing,2
WhosJamie,1
Loknik,2
UJ95x,5
ThisisJacksburntsoul,1
Homophones_FTW,9
snyezhniyi_chalovyek,6
jaggedcream,1
Supremetacoleader,1
orangeFunk213495,6
alaricus,9
FagMuffin,3
bluefootedpig,5
journeyman369,4
ChetnBernie,2
jabs3158,5
NeurotiKat,2
Jahiri,6
Aur0raJ,6
michaelscarnfbi,2
ericarlen,1
LetsMango,1
0thatguy,1
section111,11
UselessRutabaga,1
Spockhammer,13
FUCK_YOU_TOO_TOM,33
ravendon,19
Pylly,5
midnightdarkvixen,1
serfusa,5
Nimbus2000,16
Dukeofthedurty,10
phelan23,1
justasikh,1
deepmala_jain,6
El_Predsjednik,5
xole,1
TheBaconMenace,10
CommunistPenguin,1
SarahC,21
DrElyk,11
sg1984,1
yeahigetthatalot,8
linudz,2
30percentAlpaca,1
whiskeysnowcone,5
schulajess,3
MasterBassion,10
Topgun79,4
luipitch,2
SantiagoNasar,2
GaslightProphet,29
fallsbrook,3
RedditMan2048,1
johnnydoug15,1
thesmallestpizza,21
chemistry_teacher,15
ThinksOfGrim,6
galaxy_turtle,1
dustcircle2,23
FallenBleak,1
Linux314,2
KushtyCheese,5
TribalLion,13
Tibtubu,1
AHrubik,59
DrAtheneum,4
ADT_Clone,16
Sherm,2
ArrantPariah,5
sleeplessgrad,1
GWFKurz,1
jmrichmond81,3
treelzebub,6
Ernst_Blofeld,7
cmasterpuck,1
Rockytriton,13
takatori,40
zeHobocop,6
Not-Nosferatu,1
kpcoop,5
wannabgourmande,1
eiridescent,1
ForgetToEat,1
zimmah,7
mistabojangles42,4
SheWas-A-WomanInRed,1
sumpuran,13
blackstar9000,2
ethnobotany_nerd,5
HellJumper303,2
samovolochka,1
chinahusker07,12
Aegist,5
TheMichaelUKnow,2
ZadocPaet,7
MrFinch1987,4
FlamesOlsen,3
Diomedes_Tydides,4
cognosceteipsum,4
folame,3
Boomkin1337,7
LookingForReligion,2
epowipi,8
jabb0,1
jamestporter,1
hermithome,3
confusid1,1
Trioate,2
SwordsToPlowshares,3
muffinass,1
pascha,1
ChazStevensMAOS,4
IranRPCV,44
FeedbackLoopAgain,4
brsmits,2
LOFTeam,9
StapledOK,5
NyctophobicParanoid,6
MonkeyDDuffy,10
JustinJamm,32
eton975,3
RocosNinte,1
Tee_Hee_Wat,6
mishakaz,4
smellean0r,1
photoddgrapher,1
browseron,2
gepagan,12
friendly-dropbear,3
impshial,10
BSPEsquire,1
azakon,1
sanetpt,2
ShadowRunner__,2
Jonowiz,4
JakeC1597,7
endofthe-underground,5
registrant,2
o95,3
DjBonadoobie,6
smashey,6
Rizuken,3
snarklops,5
dirkdirkdirk,3
NateDEEzy,7
writergitanjali,1
thechimpinallofus,2
ckardec,4
JoelKizz,1
Vortilex,1
BanjiWaYume,2
dillonboy8,1
chefranden,10
voidifinhibited,6
Jabberwocky696,1
partiallypro,2
BarelyComical,5
RobbStark,1
pezzshnitsol,8
turkeyfox,1
dont1panic,8
Lurkingswife,3
sharewithme,4
Bishop_Colubra,3
MeteorSage,1
unearthlyred,1
Gweaym,5
Caelamid,1
saricher,3
MWDTech,6
HaxProx,6
cyclopath,1
khubbar2,3
lifeisb3autiful,4
emoo141,4
cozmyn852,1
Noonecanfindmenow,8
candystripedlegs,1
outhere,29
innesman86,5
Kosko,3
topsidedown,1
MoeTheGoon,5
illuminatedowl,6
TruthSeekerWW,5
Fre_Rene,2
Eurynomous,4
AdventWeed,3
annata,1
tybraun,3
ewzimm,3
bntly,2
PoorBoysAmen,4
stubkan,1
hellogovna,18
frostsmith,1
thousandmoons16,1
Azand,20
commonter,4
SilentExplosion17,1
kchymyck,2
soil-mate,3
GratefullyGodless,2
skyone9,7
VaughanThrilliams,1
Amenhog,2
PunjabiCylonToaster,3
pleasurethem,3
godlessdivinity,1
Rugby_Guy1,1
mocks__idiots,3
turbovoncrim,1
Sentenza76,1
Mizery,7
Draelamyn,5
Runding,5
stemcele,5
musingstork,2
descartesb4thehorse,26
Tuchopotila,1
bulubaba,1
Bbaily,10
Tosser_toss,4
req16,6
dolphinsrapepersons,1
cjcrashoveride,32
IbnAlWaleed,4
mmzold,1
Altman_Kappa,8
ifatree,4
bhairava,1
MojaveMilkman,10
WGeorgeCook,4
lilyrosemoon,3
Noremac_143,3
thepapergryphon,4
devistation,3
PlatinXP,1
dartanianbartholomew,1
imnotgoodwithnames,10
Jurph,6
electronics-engineer,14
mybahaiusername,1
Hellothereawesome,3
wildoaklane,3
aumana,3
Whine_Flu,11
Aj5abi,6
sit_up_straight,16
tinkthank,6
crischu,8
spiritusmundi1,3
stoopid_genius,4
dloffer,2
cavemancolton,1
KDJones,3
TroolHunter,2
parryparryrepost,49
Collawrence,5
Id_Tap_Dat,1
YourMomSaid,1
Jimmni,3
LeConnor,14
Fall_of_Atlas,2
UsurpedLettuce,67
mdisles,2
denizen42,3
Whyugottabesorude,2
MisterFuzz,2
SurlyTurtle,3
LightSniper,7
Moontich,1
questions114,1
dan4daniel,9
albert_yonson,2
Simoneventurini,1
SocratesTombur,1
omletz94,1
Godisandalliswell,6
SummonerofDoubt,2
pakiman47,9
Oneway812,2
herkresch,1
miminothing,16
paperomance,1
blighty80,1
Ravens_Shadow,4
noname-_-,1
Husky_Paws,11
cassiopeia1280,3
LikeWayfarer,2
ronito,3
dhorvath127,5
Roofie14,3
camelothotel,3
Lankshire,1
Sbrodino,3
SemperServus,3
WilliamDhalgren,2
benadreti,3
saintbenny,10
Grimm-R,2
TectonicWafer,19
Thestolenone,3
robert9712000,9
danrmt,5
darthbarracuda,1
ge4e,2
GettingReadytoLive,3
Judge_Dreddlock,1
proactive223,4
jadborn,10
askelon,141
WhiteRastaJ,21
Adventureous,2
Sidiabdulassar,4
wolverton2,1
GrundleSlayer,9
mechabro3000,1
TrickleUpEconomics,2
Gullex,5
cg91,2
omgstop,116
nickcorvus,1
kimchi_station,3
aross96,1
Randolpho,45
zeeginganinja,15
Tenoreo90,1
sinkezie,7
lifecoachej,4
laddersdazed,7
Pocomail,1
Issa_,2
PikaFuck,3
SwiimGood,1
happilyemployed,6
Eddy_Sc,7
iamkanthalaraghu,1
barnaclejuice,35
vajenna,1
konbit,3
nllewellyn,1
estrellitadelmar,30
American-Negro,3
OldenWorld,4
the-pricklycomedian,1
Dilettante,2
bedlamingoliath,6
McCaber,1
p_kresearch,2
Tiarali,3
LetsHaveANiceCupOfTe,2
sawyou,1
imaginethecave,7
striger,1
fruitblender,1
dolb,9
sofiagrowsflowers,9
HootingElephant,5
TheBarefootJake,16
MordorsFinest,4
JonWood007,2
talkedtogod,7
auryn0151,6
cuspid,9
purplewatches,1
koine_lingua,7
lubu411,3
Fealiks,4
MichaelC_,3
silveraw,5
Tymantis,1
ypapadimos,2
Dr_Merkwurdigliebe,1
selfabortion,11
rsmazur,2
F4ilsafe,4
asicath,18
Strange_Dragons,33
maps1488,1
Hipsterblackkid,2
WLReview,5
jtgreen76,6
PinkSlimeIsPeople,9
NinjaKlaus,2
riznawbert,3
man_with_titties,35
celebrateYURneighbor,7
a12394010,5
mcopper89,8
imacyco,6
wokeupabug,1
HAVOK121121,5
STARVE_THE_BEAST,1
A_Kite,1
cchew1,1
sweetbldnjesus,5
rodrigocar98,1
BenMcLean,1
legatobebop,1
captaincapooky,1
Goph3rpriest,1
jayceeknight,52
NoIntroductionNeeded,46
SumPiusAeneas,8
gufu-,6
letusbefreetolive,2
ninjadatkillz,5
RaidenXIII,1
SERFBEATER,15
loulan,1
snackbarclosed,1
FoxTwilight,1
Someone-Else-Else,3
LaurenDrain,1
Virtus11,12
DoubleDot,13
monteqzuma,10
ganit,4
planetnp,1
GenesisGanja,1
Urdabrunnr,21
FernandoQ,1
thevolk23,6
fudog,3
RustyTDI,3
TaxicabNumber,1
hexagram,4
Misha_is_Here,1
Ianto_in_the_Tardis,3
Wvreb,1
xZESTYx,2
Psnell0715,1
sklite,1
onearmdon,1
goober8008,1
zeeyaa,2
ajm524,2
you_know_what_you,3
Alithinos,5
Astral_Goat,4
Arsonide,1
GMAutism,1
Far-Reach,1
bluepepper,3
mel_cache,13
ejwolverton,4
creepingfreelylove,3
hufstedler02,2
fuzzybeard,2
stoolydan,2
timesscript,11
akardec,8
Santa_on_a_stick,1
cbrachyrhynchos,42
Duke_Leto2,4
dangwhatno,2
slyf,3
Greatplainswriter,1
herroz,4
Tarper,5
Apollo_D,7
xxglossxx,8
NopeItsLeslieKnope,5
b100darrowz,1
number_36,10
salawm,28
Esqurel,5
Blackstaff,1
FourGates,13
rebeltheology,1
9055989,1
TheLurkerSpeaks,2
Lucifer_L,3
Nor_the_not_so_great,1
EarBucket,3
Wonka_Vision,10
Mokibutt,2
trueriptide,4
princess_consuela88,1
Mmsh1,4
Bundude,61
Mineforce,4
sattorn,5
jokoon,3
Chive,19
17jododd,7
geegeekh,1
316trees,1
Satanist1209,3
Gwion-Bach,1
Pt-Ir_parsec,3
thefatesallow,3
harsh2k5,2
nietzsche5745,3
shayminshaming,1
athair92,3
jordanmholmes,1
awakeandsober,1
Mirza19,2
ridgehkr,1
madcowbomber,3
assface,17
jobrien458,3
NiallR,4
ONE_deedat,3
banana0507,1
AhmadiMuslimV2,16
BaylorYou,2
Rum_Pirate_SC,1
manimatr0n,21
hidinginplain,15
Morgie24,3
austex_mike,1
JBar13,5
phxer,5
EgaoNoGenki-XX,7
holomanga,2
Hotchpotch,7
optimusprem,1
alfonsoelsabio,7
bearsrbig,1
frankalliance,1
SoGoites,2
jad316,13
HonorInDefeat,47
veritasxe,1
StPatch,1
Pilloc,2
henrimartial,1
taiji_lou,7
thegreyquincy,6
HODSci,1
TallahasseWaffleHous,22
Rglim,1
allaboardtoboreale,39
river-wind,1
Linguist2013,2
crystalshipexcursion,2
devries,1
shnieder88,1
sol1869,4
NewThoughtsForANewMe,9
Glassy436,4
hyene,1
Gryphon66,1
fuckbiggots4,4
NickSD,2
Theonetruebrian,1
pickledpie,1
JLord,1
Ratsarecool,3
AnonyPoni,4
abc712,2
meltaxo,2
ThePittWolf,17
benito40,1
Elmo226,5
TheStradivarius,9
iammenotu,3
404-Not_Found,3
boib,1
skyanvil,4
Truthier,12
boozername,3
Giant_bag_of_dicks,1
reddbredd,3
BeakOfTheFinch,2
Stubber1960,10
keebyjeeby,7
Philthy_McNasty,4
egcharood51,3
viewless25,9
I_Give_Advice_,5
WhitePantherXP,1
Stanislawiii,1
burtzev,9
fatedplace,6
zoro_,3
houtm035,1
dewflunky,2
Condomonium,21
chananelb,1
bodythethan,15
nicolascage123,4
vapblack,3
firead,4
powermojo,2
Undecided_User_Name,2
Michigan__J__Frog,1
sputnik84,4
sstouden,1
jeessuss,3
billtalts,3
AhmadiMuslimV1,9
mxgddss,2
Enchilada4,1
pineapplesofdoom,3
donaines,1
albygeorge,4
gAlienLifeform,8
kuhlmanngj,4
MLROX,1
Nixon_isback,1
joekewle,2
Cool_Aphex,3
poodiw,1
restlys,5
PlacentaJuan,2
harbeas,1
morga654,2
IDoStuffAtTimes,3
erondites,9
TheVoiceofTheDevil,4
temporaryreally,6
Motophoto,21
8ubterfug3,2
Church-of-WOP,1
Weasey,2
itzthebeav,2
masok88,3
disturbd,11
benedictcumbercunt,4
mgn5,1
fendenkrell,2
Choclear,4
justanotherdoop,1
stallarida,3
youarehigh,1
Abortionaut,41
hackalama,5
IWantToFish,3
erudito87,19
Supermans-penis,5
j1202,4
firefawkes23,3
bacon_catz_karma,21
gwynfshae,5
Chess87,1
PhilosopherBat,5
