Username,selfimprovement
dan_fletcher,1
potato59,1
ingvist,2
Tapp__,2
misstachio,1
Mizzy_Izzy9000,3
jefffff,1
praetoriaen,3
tamagawa,5
gotochu,1
insertnom,1
Ph4nt0mJ4ck,1
jbisinla,8
iknabelqmh,1
Raulywood,3
ErPort,4
vdHck,2
NaturalCalamity,1
arteregn,2
fruple,1
baptized-in-flames,1
HaMMeReD,1
drm22,3
yagisanatode,1
ysnmue95,6
Assmeat,1
sayleanenlarge,9
adamlehman1,1
misterschmoo,3
IronWoobie,8
wdpttt,1
Solanumn,1
-Squirrel,3
mlochr,1
patticapulet,2
nonsensicalization,1
Strobe_Synapse,2
im14,2
CaDoran,4
AceHotShot,3
wonderweird,1
offthebackboard,4
Darth-Nader,9
eloquent_observant,1
clearintent,1
TABLE1111,2
BandarSeriBegawan,3
Mwootto,6
thisisnotjr,1
dumblehead,1
nellish,2
Cozak18,4
TheSmex,7
richardcaoue,1
SpecsyVanDyke,2
DaArny,1
EntitleSonOfA___,5
NorseGod,7
KentuckyKiwi,1
lastingpro,4
pasthroway,3
Rickles360,1
darkmaer,1
amiacamal,2
teejaygreen,1
smallls,2
derphighbury,1
dfonvielle,4
vekthory,1
gilon1239,2
runex4,5
fit9000,3
Wow_such_subreddit,10
Throwaway21mmn,4
zenenen,4
Big_Timber,1
PhreakyByNature,3
DVsKat,1
Kankii,1
theburritoeater,1
SuddenlyILOVEBEARDS,3
TheDubGnosis,3
Shyntzyne,1
diabillic,3
Fredstern,7
What_Is_X,8
Dg423,3
Mapex2323,1
dzbeballin,1
jdbyrnes1,8
zuiper,1
dontforcemetoeat,1
heythosearenice,1
Alex_92,2
fantasticmuse,3
blogger1one,1
jonpaladin,1
kidsuserguide,1
Mysteyk,6
getLucky84,4
coffomoffo,3
ImDubbinIt,6
emotionstudy,1
Glutton4idiocy,3
i_can_cook,4
NervousMcStabby,1
Edeji3,1
Tamriel,1
thenibecome,1
SemperPrimus,1
plato_thyself,1
jerryFrankson,1
0110000101110011,1
newlaif,1
MonElisa,5
mtlBumz,2
benbehavingbadly,1
Nipples_Of_Doom,3
paysawnpahreruh,2
samsquanch2000,1
ischangepossible,1
shmkys,2
OpusCrocus,1
billraydrums,19
alanpearce,4
Nuthinbutbootson,2
InspirationalMe,4
Mapquestify,3
dc10tonite,2
cheptain,2
robertg332,2
yololoy,4
Nichalioh,1
LFTMRE,1
sadguy69,1
Ballss,5
jsh,1
zxsteven,5
exthere,1
Harb0,1
justforthenight1996,1
rastapasta808,3
Verlier,1
Heroic_Refugee,3
LACHandLOAD,3
soicanbebetter,2
jpkarma,9
dancekingsc,12
chantara,3
tsikoudia,2
a_critical_person,1
Chaosen1,1
JoshuaJitsu,1
flamedryad,3
bdenzer,2
reddog2442,1
RWDarcy,8
ThatGirlNamedLiv,1
carolinax,1
lionspire1,1
self_reddit,7
RQ0,2
Lister-Cascade,1
warpus,2
SpaceRocker420,1
illflavored,3
derevenus,1
Zenlike_Zombie,2
Gandarf_the_Gay,1
ClickHereForBacardi,3
Lemonbomber1,1
mezzozy,3
DEADGL0RY,2
MichaelMDickson,1
Knight_of_autumn,2
splatterdata,1
ramblingnonsense,1
metsfan275,2
WoundedStapler,1
S0ulChyld,2
BaniasOvaltine,3
MetalGearFlaccid,1
disturbed434,4
an1musvox,1
marinelliblue,4
JohnnyMikau,2
sortbycolumn,3
dflo79,4
FringseekerKampt,1
AlmostFamoose,4
illtragic,4
Ladams19,3
THEBUNSMASTER,3
CricketChirps,2
gologologolo,2
jauho,2
tiggiy,1
MostlyHarmlessXO,1
twigsworth,5
C_J_T,2
Psychofrog3,6
Dags1,1
flexyleg,4
DoNotMatter,5
kgsmythe,1
FlightyTwilighty,4
Mr_Mega,1
brokein2011,3
ANormalSpudBoy,2
erstrom,3
Oksastus,1
trq_,4
ateegarden,1
BongJuan,1
lurkelton,2
Skyless,3
artiswhatido,3
FreeHotLunch,3
Rosydoodles,1
madplayshd,10
Varekai,2
TheLadyOfLiteracy,1
cluster4,2
Sleazy_T,1
quanta_of_dan,6
i_like_poos,2
73d216,1
abovethePeak,1
catjuggler,16
ShadowSnake141,2
heylittlehouse,4
kornork,2
Cheesypeesy,4
syren33,6
ElFlacoHombre,2
pein_sama,3
strngsvlmstng96,2
old_sport_7,1
PartyDannyTanner,10
titaniumtom,1
M2JL,1
Jkid,3
opentolife,3
silverbridgellc,1
tomgates,1
swishandswallow,1
hellomate11,7
SamDaviesCoach,6
sharkbag,1
sandalar,8
SymphonicPsychosis,1
ThatLazyBasterd,2
_why_are_you_here,4
petezxorx,1
JaneBriefcase,1
toodletwo,1
akamerer,2
styke,3
Phil_Dakuchi,4
iamelroberto,9
Wolf_Perception,4
Julia_Child,1
Snufalufaguts,1
sandboxsuperhero,3
ChristopherGKeene,1
Antonomon,1
theNicky,1
howdyzach,2
TripleNubz,3
rnkamyar,3
silentedge92,1
msle,1
tomlawn,4
annertakeabow,2
Zosimas,2
NukeNoodles,3
ViscountLobulon,4
scribeofmedicine,2
Th3Ac3,1
Sh1ttyk1d,5
gotja,3
awhaling,2
little_sunflower,2
St00ler,1
wannabemusician,1
Arro,5
esterforpester,1
iHave1penisAMA,3
jimalou,1
biggie_shorty,1
Coolgore,1
The_crys,1
PervyLemming,17
marchello12,1
InMyMindd,3
LynkxMan,3
Dynamar,1
Chocozumo,1
agh-,5
pato1357,2
snarkyeloquence,2
ClungeCreeper321,1
she-hulkSMASH,4
mrbrianxyz,3
johnthebatshit,3
dapaxis,3
calexxia,3
resurreccionox,1
ultrapreneruship,2
throwmeaway3141592,2
MaoShin,3
RotomTheMotor,3
TimRising,2
soren_hero,3
zzephyr,1
_1_1_1_1_1,3
keeky,1
xzak,9
Trainkiller,2
iamdamagedgoods,4
Clitoris_Thief,3
NeverSophos,1
djd4391,4
TrePismn,2
ifplex,1
MrClimatize,1
Rockerouter,2
ImplodingWalrus,1
instantrobotwar,1
Commando_Girl,1
autotelik,2
dontforgetit,2
Jackssonss,1
36in36,1
90shelby,2
InsideOfLove,1
Grifts,2
citrusaurantium,1
wootis,1
princemephtik,1
Mediaright,3
WhatevahBrah,3
mtninterval,1
Sir_smokes_a_lot,4
mugen_is_here,4
MentalProblems,4
Noose_IV,1
I_hate_cheesecake,3
KinoftheFlames,3
stahp_tank,4
rosentone,3
SpicyTomatoMilkshake,1
meyamashi,2
hanswolo,1
austingwalters,6
TheRegicidalManiac,1
thisoneisfor,1
Yoojinn,1
winndixie,3
PJs_adventure,1
Envek1,1
should_study_instead,1
seever,3
jona012b,2
MrSavasana,3
spossinger13,4
fonkey_ducker,2
Thetruuuth,4
kylesbagels,3
kaxobixo,2
Acid_Titties,2
KillaMarci,7
obber3,1
tanaciousp,3
Neon_Platypus1,14
Baessler,1
lavaretestaciuccio,2
sex_xaddict,3
deviantelf,2
mayakaval,5
stickybuttons,4
despot93,1
GrrrArggg,2
Saghloqh,1
zyzzthepieman,2
radickulous,5
meloddie,1
Speckles,5
Ghh0st,4
Wlsewind,1
iwanttoimproveguy,6
ntermation,1
mcgood,1
masterofwolves,1
Etular,1
almostacceptable,1
halalastair,1
Shmink_,6
ALoss4Words,2
Falkon650,1
venvenl,3
benJAMIN608,1
icycoolx,1
cocobong0,1
Paintmebashful,3
miss-mafiosa,3
Seber,1
scholarly_pimp,2
lolplatypus,2
krisplex,1
milkbottlez,3
multipl3x,2
Socalpsych,6
dasoktopus,1
jc27,1
selfhelpneeded,3
mikemo364,1
700thrones,3
crown-clown,1
spityourpityinmysoul,3
idmfk,3
VampireCampfire,8
shootthenuke,8
PinkyPurply,1
shobhitdixit,2
Xilliah,9
apineda,1
blessyousharkie,4
tsjca213,1
ThickUncle,1
Bu-m,1
albertohirsh,2
yankeetiger,1
DatMarvinGuy,4
jotsea,7
Oldchap226,3
Setacics,1
rsx223,2
criticalshit,2
Nytemare3701,6
AnnOnimiss,4
thechocolategunshow,5
BruceJi,1
dicecandy,1
RosieDrew,1
johnnybside,3
FeedMeCletus,3
bcarl6,1
xlptu,3
SCA-Question,5
LiLBoner,7
davidralph,3
c0sm0nautt,2
Railway_Pilgrim,1
BiblioMom,2
jawed007,1
rnullius,1
chattymcgee,20
eaglex,3
GruffCurmudgeon,3
vigilrexmei,3
attemptedliving,5
rob_in_az,4
DownToday,2
dooony,1
Goodlifefound,14
alizarincrimson7,5
1probably,3
georgepordge,1
iGOTthis90,2
jena_imagijena,1
Guybrush1882,1
Jeremiah164,5
reeblebeeble,3
annaheim,12
apmechev,1
WorshipDeath,2
DukPep,4
Donmartini,1
jbowen123,1
cjcamody,4
Yogotron,1
MediumRainbow69,22
nesshie91,1
Cloud_Hands,4
Bluecattledog,1
wakeupbefree,1
itsacalamity,3
RedPulse,2
soyyoo,1
squashedbananas,1
bookriding,1
SmilingSins,3
ElephantTissue,1
5878,10
theidler666,1
non-troll_account,6
GoogleCypher,6
Tuplad,1
penguinparadox,1
inspir0nd,3
MauPow,5
truefinn,2
Chyndonax,1
pyrogy,1
flingthing76,4
grabyourmotherskeys,1
bunnicula9000,3
Psychocist,1
c0ldfusi0nz,4
jackfreeman,3
steppenwoolf,1
IE6FANB0Y,1
davidlin911,7
motionOne,1
samfry,3
SolusVerita,2
gnqqq,3
drguildo,1
carlitabear,5
Jretribe,1
ObiTwoKenobi,1
andrewdao315,2
NoobChamp,1
Sovereign_Curtis,1
rkih,1
iroh_zenmaster,1
DamnTheMachine,1
HodorASecond,1
NobodygoingNowhere,2
NotTotallyRelevant,2
HexagonSupremacy,1
BroccoIi,1
R3d_Anonymous,1
Mr_Dicksmash,5
dw8rMgePYGGUpkki6kPR,7
jdarbuckle,10
RollerDerbyWhore,5
michaelcinquino,2
Faimes,4
NotSoMystical,1
leogura,2
nonfictionfan,4
Definitely_Working,2
GuruDev1000,1
thesprung,2
RustyDogma,1
Westmale,2
rossa8,3
perpetualmotionmachi,2
throaway0954,1
cecilkorik,8
stealthIco,4
Kache_,1
a_th0m,1
_squizzle,4
flooded_veins,2
helpawaythrow,1
GettingShitDone,1
Kamigawa,1
thecooltemp,5
MrCelt,2
nicolaosq,3
Felipe22375,2
AzureSpirit,4
_unknown_username,2
Kivins13,5
kmelkon,1
monkeypiesadistic,1
riskrowe,4
probablyasociopath,5
r3dwagon,3
Mudrat,3
NiXaMeR,1
powertheqwerty,1
burnt_bagelz,5
Flockingbird,4
Hixyz,4
puma721,3
disciplinio,5
S10MEB95,3
Settl,1
rptech,13
criticalfactories,5
mcalalvera,4
YoungBruceWayne,1
thedecline323,4
foreveryhappyhello,1
coffeeecup,3
komkommer3,1
basvde,3
Florasaurus17,5
HealthRoom,1
junaidlone,1
hai_all,2
vera_sweet,1
Will__Ferrell,1
loubric,3
bokan,3
gaylordqueen69,5
Zrakk,3
jetkor,1
HipHopApocalypse,1
legopolis,3
TisNotOverYet,2
superlampicak,8
Turningpoint43,6
majnus,2
Mr_M0j0,1
maplemario,1
nubswag,4
lehunsonabadeer,3
nerdmeister,1
pekeqpeke,2
yendorius,4
huthjonm,3
svoudrie4915,1
cabbages,3
BrockLanders34,1
Froztwolf,12
ruboski,1
yiker,1
4441111,5
spacejam_,1
preCadel,1
TomCollins7,6
freads,2
huskarl,1
LPYoshikawa,1
Youmadethis,1
dreiter,7
CaptainStarMilk,2
happycheetos,3
brodeful,1
awikiwiki,1
m2c,2
apajx,4
oddtoddlers,1
rattleandhum,2
HeyZeusCrisco,1
zydh,1
nuffjah,3
kpwebb01,3
reigorius,5
antiproton,3
sayisabella,3
One_Eyed_Bear,4
that_introverted_guy,3
freestalleon,1
You_Talk_Funny,5
bennieintexas,3
Rabandel,1
Pika786,2
Caledonia8thgen,1
Mostly_Implying,5
Pat_ron,1
DustinForever,1
Nathaira,1
dpash,23
focksandhound,1
Noble-6,4
NutellaIsDelicious,1
Aequitas420,3
Merkinempire,8
d1mustaine,1
v1p3l2,1
barkafas2,10
BeastroMath,1
WhiteTrashCat,3
m_koning,2
philipkd,1
Atroskelis,2
Thieving6,6
seedingserenity,3
pierresito,14
Herpington_Smith,1
Der_Jo,1
RelentlesslyDead,1
hakux2121,1
croutons123,1
GoodGuyPaul,2
Amitron89,1
jleopold,20
AlmightyMexijew,2
dumblederp,5
RedHairLady,2
daszkreiz,1
wigglytuff69,3
alchster,2
lovethesuit,3
K-rock7,1
supbear,1
Gaglardi,1
JackStripes,1
louseifer,2
minrumpa,1
NorthernDen,1
zakinator123,1
BiscuitGoBoom,1
X1342666,1
kjcraft,2
improve_myself,2
Bronkaid,1
jumbohumbo,3
ScotlandTom,3
any1else,1
stickybare,1
omggreallyyy_07,2
Mike78523,1
endless_discography,1
MonkeySteriods,2
jazzilla,1
grantnieddu,4
PuffaTree,2
Kahoy,3
g_gggg,1
boobbbers,6
64fp,8
thewhitebirch,2
MrsCrapnapkin,3
blurplegreen,1
krakenking94,2
Tenneen,1
1youngone,2
kshkarl,4
AMadHammer,2
kathmandu_to_you_too,3
martindelete,4
deathsupafire,3
damnnidiot,2
callmejay,5
PositiveNed,3
skullknap,1
HeadBoy,1
AnubisJckl,1
862674,3
LoveandFreedom,6
creatorofcreators,1
wlonkly,1
a_broken_zat,1
ydnab2,1
falseuseofauthority,3
kwignaman,2
irnec,2
Bobsacamano22,3
GrapeJuicex,4
habitofliving,3
Spyronne,2
scoinv6,8
A_Taste_of_Travel,2
Bashkit,4
Baro_87,2
Helpful_guy,1
druccsula,1
assignpseudonym,2
thatguy219,1
VidyaEnthusiast,2
FueledUp,2
scarmichael42,1
riddickblack,3
BostonGahden,1
element_28,1
its_Basi,1
mswas,2
omenmedia,1
AbandonedHome,3
on3iropolos,1
Nylese,1
tim_thomersons_brows,2
StevenLaBerge,4
kookoobear,6
molotov-everything,4
Saudade-x,3
tvanderkamp,3
syvnick,1
fiftysvn,2
discalt,2
thevardanian,3
SchwagMan,2
Paradebiaz,1
BowtiesAndPunkRock,3
Kusiemsk,1
Isquealwhenipee,10
garfield4317,6
domalino,1
jasopan,3
rebuilt101,2
MedicalMann,3
cvillemade,5
The_Ebb_and_Flow,5
proftraining,1
Jtacker,3
hopefuldisposition,5
Tim93M,2
darkcrumpet,4
Moppt,1
I_am_not_funny_,4
RotomThunder,3
Nicholsbn,1
daylorn,3
attacksloth,2
senchi,5
prepping4zombies,1
maaathematical,3
MindMovies1,1
amaloney,1
Alterex,2
EWR233,3
tcbasket22,3
KucingNuna,1
tonytheshark,2
singham,2
lunargecko,1
ZiggyZig1,1
nerdyknight,1
AHedgeKnight,1
fleepfloop,1
shinicle,2
sillyguppy,5
oi_rohe,8
BetterLifeCreations,4
drops_of_life77,1
drum_playing_twig,4
KTR2,4
rabinito,1
WHY_DO_YOU_LOVE_ME,1
DaydreamsandDespair,2
dogbatpig,1
Dogen2013,1
penismelon,3
LordRyman,1
stoogemcduck,3
IroN_MiKe,2
ChrisCooke16,1
souhaila19,1
chickenhuntaz,1
vrahney,1
pinoguy321,3
timonandthatisit,1
RobTheMuff,3
retardedquestion1232,2
autobahnaroo,1
wolfsnoot,1
Literally_Everyone,1
Vomath,2
SoggyOats,1
Cir_Cular,1
Leyria,2
realeyes_realize_,3
Autumn_Bliss,1
ToxicCoffee7,3
manic_panic,1
ShotekSaint,5
redredrogue,1
diddy8us,1
thingsonthemantle,3
52_things,3
Seductive_cactus,1
bhknb,4
jjnice628,2
BigPoopBreakfast,1
NatalieMac,2
invah,3
xsvbbcc,3
jehuty1812,1
ilikeballoons,2
ericxfresh,10
MisterDeades,1
zachyboy,2
Eaterofcarrots,1
upgradedself,3
Scottsdale48,5
JDan1elS,1
urbanimal,4
voidacity,4
snowman5555,1
G0ldenChyld,2
gabilromariz,3
MacheteGuy,3
Philsofer1,7
tedbucko,1
Sarothisx,5
sweetpea122,18
eehcekim,1
needtolaugh12,3
ninjbyte,1
katholm,1
mylexie,1
indianface,1
brrnanapancakes,1
avanish11,4
orimathath,1
Gibson1984,5
DoTheTimeWarp,1
AnEpiphanyTooLate,9
pixie_dust_fairy,1
sennacheribbo,1
ricorgbldr,3
ClumsyBunny,2
rigorous_routine,2
fonzo223,2
shorty6049,4
rrmains,1
drew_tattoo,5
lilacblaze,2
zachluz,2
hauteurr,1
iaman00b,2
Twifiter,1
sarcastifrey,1
mr_me100,4
Pr3zSn0wD3n,1
Lightflow,1
imalwaysstoned,1
MacBadoo,4
OllyTrolly,4
plainandawesome,2
easyguitar29,1
liviumdec,3
PM_ME_CHICKEN,1
KeronCyst,2
squintobean,1
serotonintuna,1
presque-veux,3
nielsdezeeuw,9
Phob1a,1
BizWax,2
saltylife11,3
dirtyhandsam,3
Caldazar,3
reavesfan,5
secretsandme,2
Dws_house,3
ur_shillin_me_smalls,2
pajamakitten,5
dodgerblue,1
FanaticalSlacker,1
turnpikenorth,3
ZomgKazm,3
be3793372,2
swimtaculariousness,1
lucksmithy,1
OneGeese,1
PlasticRecruiter,1
collectcawl,1
EricLanigan,4
Slongo702,1
abdullah_renk_ahmed,4
MyNamesNathan,2
matznerd,2
GeeDeeTee,1
shaykai,3
aaqucnaona,2
butter_wizard,1
nwbronick,3
rach31,1
ReadySetHero,1
Subliminal_Pizza,3
iaminatree,1
Martofunes,4
tinylittledickbro,1
fantasifull,1
makethelogobigger,1
i7alianStallion,7
weemental,1
mrzo,1
freddymungo,1
SociallyWeird,4
WorthingAt,1
magicrawb,2
nikiitea,4
ayanami9870,1
reddit2050,1
Nebertcher,2
Fluttershine,1
dterani14,3
videoaddiction,1
woot0,1
Christoph680,1
fixedzero,2
thejaywalker2,4
rttlbx,6
50eggs,5
greendawg458,2
lippstuh,4
emerald_green,1
Indie_Vinyl,4
ihavetenfingers,1
synapseMafia,2
30BetterThan20,1
Throwawaybbaaee,5
whitenoise106,1
its_today_already,3
buffyhipsterslayer,3
lone_wanderer101,4
BeachDog123,2
Jeffcallahan3,3
modestview,8
Natrina,1
PivotalPlatypus,3
kirbyderwood,2
cinnabn,1
invertedspacejam,1
EroticHamsterrr,1
LenaLovegood,6
-WUBALUBADUBDUB,9
TheSerialHobbyist,4
IrishFeeney92,1
Breakability,2
toiletbrb,3
taktikz7,1
ablefolk,1
UnstoppableGainer,3
far3,1
intetsu,10
twentyhearts,1
monsieurpommefrites,1
orrehunter,2
jdb229,1
gloomis120,1
MorallyQuestionable,1
error_logic,4
Buchanan3,2
ataturk1993,2
abbluh,2
paintallcolorsofwind,1
kittbagg,6
zildjiandrummer1,8
Luckyluke23,5
MrTwinkeh,3
derTag,1
Crazy_Jay,3
escapingtheweb,1
chakramug,3
OracleFrisbee,3
MisterMan1235,3
SkullPicker,1
hopelessromeo,2
nat_lite,2
moderatelygood,3
ryukyuku,1
ode_to_a_bedpost,2
jediknight,14
tobiasnash,2
del64,2
adam483t,1
thejobfather,9
SunsetB,2
Jswiizle,1
favoritehello,3
stuckey3,1
iam_bigblackboots,1
arminko47,1
zeroms,2
ortofon88,2
stupidwarewolf,1
zuperfly,11
ShiftingWinds,1
satisfyinghump,1
bitofabummer,3
postalmaner,1
Ross_davies,3
MrBigglesworth_,4
asdfjackal,4
Pork_muslim,2
RandomRaffi,1
zomgitsduke,10
sallgoodbruh,2
bean-lord,4
SnuggieAddict,2
Tamerlana,4
stunami,5
Kindness4Weakness,6
earthfart,2
desalinate,1
zerostyle,11
gtabta,1
mehdika,2
Sky_Flakes,5
desentizised,3
BIG_HOUSE_INK,3
WBP718,3
dcoh,1
fishy_snack,1
cameronwookie,2
swintarka,4
fffffttttt,3
ptokerT,2
yunomakerealaccount,3
mrminty,2
brick_eater,4
TheSerpent,3
manprovement101,1
K80_k,8
giaa262,6
jarwastudios,3
theRobisaur,4
semi-lucid_comment,1
rsidwell,13
strawman2014,3
niktemadur,1
atticgirl,3
melikeurface,2
wheelerandrew,8
thecat100,2
catscanmeow,7
acceptyourself,1
lostpassword999,2
ricksteer_p333,1
souriez,4
BaconNinja89,3
breisdor,1
deliciousbutts,1
spencen16,1
starrychloe,1
marksj2,6
SmileSmileSmileSmile,3
TheSuperheroMethod,1
TexWonderwood,1
aurora-_,1
PhilSofer,3
togepitothemax,2
hard_cheese,2
le-jef,1
kayosh,5
SMSdealer,2
Kush131,1
ThundercuntIII,3
Causative,2
azoerb,18
abletoma,1
maksmil,2
SixTimesNine,4
casschips,8
Mariiius,4
ChalupaBatman12,6
cosmo_kramer513,1
imthemanyesiam,5
JKFforPrez,1
gisker,2
girl_and_coffee,1
Broad_Street,1
mrhuxley,5
Markkey90,1
jessikkunt,5
bhalp1,2
minimalistperson,1
ilovehdgamez,3
benndur,1
piconlover,1
doublehelixalltheway,1
Americonfusion,2
samirbalwani,1
hardiknaagar,5
zhulide,1
RomanNardone,1
ayan_baqur,1
daisukidesuyo,1
laanoraaira,7
Zeds_dead,1
matrix2002,9
TheDebaser,3
Quantumfog,1
Josh_Hardman,3
BradwMD,1
hoktabar,3
m16012,4
Weebles_wobble_dog,1
cedeboob,1
fun_director,4
Rytle,1
IamTze,1
Ambipath,10
random_dude,1
FullMetalAngelOnline,1
hurston,1
toughbutcute,1
---0---,1
crok91,1
roothorick,1
modecat,3
docmongre,11
IntrepidLurker,1
Kohowch,2
busternutler,1
mmmeadi,1
faceoftheinternet,1
Lvl100Magikarp,1
storeboughtisfine,2
PuglyTaco,4
the_no_bro,3
digitalsmear,2
Broken_Neurons,1
frankielaw,5
ThirteenthEon,1
MrMundaneMoose,1
Zygomatico,4
AtomicFez,3
wi10,1
bighotdogforurhoney,1
daniel____,2
Wall_Dough,4
ItsVuudo,3
potatozzminions,3
rbbyd2,3
IbanezAndOatz,6
Heyalright,1
DutchPUA,2
neverProfessional,8
blanquehador,1
i2tall4abike,4
siscat12,2
FindMitch,3
in-wonderland,3
afrojap,1
razlr,1
magnue,4
KeimaFool,1
Rocksteady2R,5
CheeseVikings,1
cosmitz,10
emoriginal,1
Froot-Loops,1
zphi22,1
Tronor,1
strangetitss,3
tobyjensen,3
d4nd,2
winnzor,2
Roxnrollz,1
nastynancy,2
learnknownow,5
HomelessHobbit123,1
1234ben,1
tkoriordan,1
Rhiannon228,3
AbsOfCesium,1
Imidazole0,5
skyclown,4
PatrickWTF,3
OhLookNirvana,3
socialybored,6
throwmineawry,1
npac85,1
Noly12345,2
dorkwithastake,3
shouldyourself,1
kingyosh,1
_____cadet,1
Thaurin,3
aintnopicnic,3
fabiofb,3
mason_the_jar,1
FreeYeti,1
doubleyouwhy,1
Also_bender,3
Dalaran,2
krarstie,1
NeverWasNorWillBe,3
formerlandoan,1
sabz3003,3
lordmaximus92,2
Andy1723,1
ozymanvengeful,2
Ashah1111,1
ILoveLeague,1
hecx_7,1
meagantron,2
OtherOtie,1
Gene_Parmesan1,2
thatsnothowyousayit,4
dsog,2
Pookiiee,2
HappyDia01,1
John_Q_Deist,1
maxminimal,1
AlmostDisappointed,3
CaptainTeemers,2
ZenAtTimes,1
whatsanity,5
thestilt,1
Aeotheric,1
sourlemon13,1
globulesundpus,4
roeddit,1
mamasaidknockyouout,5
keller_kid,4
863320130415802,5
mydamnredditaccount,1
Count-Basie,3
spoken210,2
ericrobert,2
joekerr37,7
Jimmy166,1
TuxedoCatsParty_Hard,1
Jacksonspace,4
budesk,3
whatresistspersists,2
GaleDear,11
gmhelp,3
Risingproducer,1
West96,4
desidevil,1
Seizure-Man,1
Thorsthorax,3
festivecurrent,3
Sobadsosad,1
AlanMcGregor,2
ColdToast,3
lemonwonder,2
gregantic,3
Taaannnkk,1
ImJustADoorman,1
Amplexus31,2
callmehill,2
abdibble1985,2
donf223,3
MGLunarking,6
Reds4dre,1
switchstyle,1
A-town,1
username,1
mjh1960,2
beatrepeter,2
dr_hippomec,2
SubjectMatter,3
JimmyJimRyan,7
calscibear2007,1
andrew12160,1
estou_ruiva,3
redionb,3
nutsyrup,3
Steffoh,1
upvotesarecoming,4
Zephryl,1
flowers_inmysocks,2
sako36,1
eyeothemastodon,1
kbrugger,1
chirstain,1
syekahtik,6
Aeilish,1
Zedrein,1
DunDirty,3
LobotomyTH,3
captainburp,3
laurendynamite,1
JAYDEA,1
Sekna,1
frosst40,3
lapinsk,1
holisticholes,1
nappower,1
Delta-b,3
ThereforeWhitacre,3
Alpha-Turtle,1
thebadplace,6
nassantobi123,1
NewLeader,1
khowabunga,2
mra8a4,4
tomvogue,1
funyarinpa_,1
twoVices,5
Huitziii,2
sguise,2
MiggyEvans,1
Eskim0,1
Biest,4
day_kid_older_sister,1
NARKOZ_777,1
ccontraaa,3
Aektann,2
thiscnidocyte,1
drugs_life_420,3
usernamegenerated,1
LernMeRight,1
doonkune,11
MattPickerel,1
Dan-Man,3
MissCuppycake,1
TechnetiumDreams,2
725reed,1
en0rt,9
illa_puella,2
Thorkel,5
Kosmovision,1
dko,2
SpiffyHipster353,2
technoloops,2
calliegallagher,1
SNIFFS_BICYCLE_SEATS,3
raymond2point0,4
shocamefromebay,1
Geraldoknows,3
nonztop,3
grepe,9
BigShlurpy,1
dolphinesque,101
gorgonian,3
ButInAGoodWay,1
AvadaKedavra03,1
viudablanca,2
P3rplex,1
ziggyzflow,2
AiryMana,4
ThankY0u,1
Newtonnn,4
Gannidar,1
Never-Created,4
MrCluelessFrog,2
DownFeeler,2
ADustSpeck,1
elsimer,4
hey_kool_aid,2
aima_a_liesse,2
TheDisillusionist,5
mywordscreate,1
WesDiamoni,1
nofilterhash,4
thirtydayadventure,1
Speedloaf,1
_crystalline,4
mc_scoots,6
F41L,1
SouthHill,1
KennyFulgencio,3
DreamHappy,1
MobSpec,10
ChurchOfTheFonz,1
Zajcu,3
BlueSupergiant,1
radbu107,1
2DJuggler,2
montezumasleeping,1
wslurk,4
Scottepp,2
jordavid,1
Ass_Crack_Rocks,5
DidijustDidthat,1
RadagastTheBrownie,14
stopfeedingmefiction,6
borlee,1
Syntium,1
closerfarther,2
geofxc,1
bauski,19
GoatBass,3
nl93,1
Flick_Of_The_Wrist,1
batsim,1
SolarPoweredTorch,2
teapourer,4
analphaguy,1
matocorni,3
Stefan2142,1
Japanda23,1
peteringraham,1
sharky4u,3
b00gigi,1
outshinedmaster,1
572211,1
artsynow,4
alwaysandalways,4
Bureaucracykills,2
Sadcattaco,6
wayfaring_stranger_,2
AspieDebater,4
spamfajitas,1
infineks,1
wheezy_cheese,4
mordrax,1
Poiter_2,1
kashmoney7,1
kb_rn,3
proudcanucklehead,5
Homophones_FTW,8
jtako,1
vvav,2
fernandizzel,2
dying_to_be_vain,1
Bearearl,1
McBigglesworth,1
Perentie,1
sunshineafterrainxo,2
jonassoc,4
wraith313,6
Decoy77,3
somedude8,3
OmnipotentStudent,3
silvermeltdown,4
TheAmbulateRedditor,3
Willey1986,1
mintgoody03,2
Veenn,3
asilenth,2
showmeyourlovelys,1
jzell3,1
theatreofblood,4
liskoturri,4
cohalls,1
therisingshallfall,3
250lespaul,2
GreenCyder,1
Zenrenn,3
unclekilgore,3
JayPetey,3
orangeapplegrape2,5
alexjg42,10
Mandoade,1
BoboMcGlatt,1
markjg,2
ftanuki,4
rdtdr,2
safar11,1
crigsby85,1
barkynbonkers,1
kubunto,4
Caelyn_Eilish,1
UsefulStick,2
ArchGoodwin,1
CrabsInABox,1
greeneggsnhammy,7
BrianW1999,1
dorkymiss,2
ComradePyro,6
witchsbrew,2
Rydenio,1
hipsteps,3
jetsetterbane,3
MemorySlaves,1
ZachEGlass,1
contributor_M,1
sloanesky,1
SpaceTire,4
Not_a_ZED,1
bigolesack,1
CerorYT,1
needanewperspective,3
ThisisDanRather,1
rubsnick,1
jolls,2
darkciti,6
vty,22
DiggDejected,3
filthy_sandwich,12
squeadle,1
fotan,4
ResistantLaw,1
Hilaryspimple,2
b-smartypants,1
KingGorilla,1
AboveAllBeKind,4
carpenter,1
wadude,1
blarsen80,4
rath16,3
killJoy-,2
arrogant_ambassador,1
CashmereSimpson,1
KrozFan,4
Chalools,3
Fuckn_hipsters,2
The_Continuous_Step,1
ispeelgood,3
finoboss,1
Life-in-Death,4
BeardedVengence,1
justcs,2
SirDucky,1
dpgc11,1
PixelatorOfTime,1
Trioate,2
dirkalict,1
RadioHavana,2
Elasti-Girl,1
unassuming_aussie,4
PoopPooperson,2
Fall7timesGetup8,3
Kuneyo,1
inspireddev,2
idlecode,1
thejapandroid,1
theyrealldeaddave,5
DarkwaterV2,1
MediMood,1
bitshiftcop,1
lllaszlo,1
Psh23,1
Cam_shablam,6
nikrage,1
Just_Like_You,7
thisaccountmaybemine,1
socrateswasnuts,4
calibrity,1
aceduece,1
charlesbukowksi,3
pyopyoy,1
dougeo,1
SanitysEclipse,1
Z1NX,1
HyperionRevived,6
mrboodaddy,1
tbasherizer,2
DreamingSkychild,2
mx4cr,5
customgraphictees,1
-ikkyu-,1
viewfromthelowbranch,2
ddomzalski,1
Adjal,6
SuperRuub,6
willreignsomnipotent,1
softclone,1
Transcend_Yourself_,5
Elano22,3
push_pop,1
MrImbuya,3
Pharaoh0,2
box_cutter_,3
mrsaadl,1
ragingdame,2
polarbear6,2
Thisistheworstweek,3
Szedu,1
zchyGFX,3
typingdot,1
norxx,7
0hnoesazombie,3
javastripped,1
luxybug,7
Loosemind,3
blahbah,4
konyfan2012,3
PUT_TLDR_AT_THE_TOP,1
positiveeagle,1
bld2527,4
Colalbsmi,1
seikot,4
Waldoz53,3
gbay,1
yself,7
neckbrecker2000,1
sickleandsuckle,1
nittanycopa,6
oishay,1
Sandorra,1
luigiman13,2
jp1704,4
NoLasagna,1
spongell,1
gooseduck,1
achuislemochroi,1
Sirloinchops,3
solarpoweredgamer,6
zakuropan,2
rossreiland,1
ChanceIT,1
Icydar,2
miss_manners_,2
TheHalf,1
fddsidi,3
tobyai,1
NewsGhost,4
tamajared,1
TiberZurg,1
ratcheer,4
WASDx,4
otmai-reads,1
snood4m4,4
C-Swift,3
HuskyPandaBear,2
Dunkleosteus_,6
bgause,1
sniffpetrol,3
peppersprayinthebutt,1
DonServo,2
Taviuss,1
blueskycloudy,1
geno149,1
GreyWolf89,3
nozonozon,2
MrCowz,1
cicolluis_88,1
genessisxy,2
Almightysoda,3
dreamingoflife,2
hagenius,1
Lakae,1
fitz999,1
tjamac,3
Spimfter,1
NekroJakub,4
shanemitchell,4
mayamc1,6
joshuaoha,1
cazfiend,1
qxxx,7
Hawaiianham,1
napkinring,2
spiritualmeditation,1
aethelmund,1
doomsday_dingo,4
neuro_psych,5
TatiMic,1
Dekulinkk,1
coco-butter,2
Lanny14,2
petulantruckle,2
TopTheTop,3
The_Aladeen_News,2
CandidCandy,4
themendios,6
Ffarhcs,1
Euphorican,3
Y0Universe,3
TEDDYBEARFUCKHOUSE,1
Zyt3x,3
J_Ryker,1
Redwantsblue80,1
pujaka,1
mnemoniker,2
crosenblum,1
nivar,4
pornofpapyrus,1
tritium3,4
racunix,1
miminothing,4
CityMonk,8
gugugaga69,1
johnathonk,1
bork99,1
turtlechonies,1
befocus,3
krolahzuL,2
mikkeldaman,1
PhillWithTwoLs,8
CloudGrain,4
Britain-wants-you,1
botena,1
epicshift,12
mythosopher,5
itrytowrite1,5
narcolepticsuperhero,1
Ozstriker,5
Jackylegss,2
hamiltonthepig,4
JoryOath,3
jairo4,1
Unlucky_Magician,3
squatextreme,1
MoshPotato,3
fishingman,1
Skyzord,6
Muthafuckawha,3
blagablagman,2
Alazzar,3
Chiefesoteric,1
infernix,5
sts816,11
Moneygrowsontrees,3
SirRockalotTDS,1
GJLuke,11
PeppermintButton,1
vcna,3
AiwassAeon,4
18milesfromaredlight,1
911-turboS,1
Tartey,1
lk1031,1
drkenta,2
Cavedrew,1
Chtorrr,1
nytimesbestseller,1
givemeachance_,10
15ykoh,5
THGM_BG,2
nima_ahsey,3
murkeh,1
Lolleroni,5
lansuven42,6
thelastemp,6
funnyfungus,4
TickleMeSmallz,2
starryjay,4
sarahelyse,5
positive_shit,1
iusedtoreadbooks,5
zerggreaterthanstrat,1
theclaw9999,1
Mrsparklee,2
Suited_Monkey,2
PersonalDevelopment1,1
Sup_Im_Dro,1
smashingbumpkin,1
Khalspi,3
Cryptic_Crypit,6
MountTicks,3
dv12900,2
Kahvikone,5
twobuns,3
probably_apocryphal,1
Eternalpessimist23,3
DimTuncan21,1
lockedoutofprevacct,2
mrZielony,1
ragincajun5490,2
alividlife,1
sspacegiraffe,1
lizardyogurt,3
ThoriumDioxide,1
citation-is-needed,2
Ibkickinass,2
escape889,2
itsyourgrandma,1
khatfield79,3
Devilkin31,11
socal12,1
oiwot,1
silkybandit,3
irko100,1
Junigole,1
RandianHero,3
Holypalladin,3
92abc,3
Fressshhhh,1
rubberhorsemask,1
unwordy,2
Ghoztt,3
sam_weiss,1
ejj1500,1
thet52,1
yummycorndog,6
woke_up_new,2
Vzuh,2
emptyhands,10
Grillade,2
acguglielmo,1
EgoOdyssey,4
salexius,10
NekoD,3
geGamedev,4
HappyActionFunTime,3
swarmleader,7
yesterdaybacon,1
methos3,2
BadMachine,1
lilburrito,3
malachee,1
JERkchickenBoy,4
UpliftingTwist,10
bchuck,1
Vingdoloras,1
Stevie_Stacks,3
adeadhead,1
Zigzom,1
thehorsestaple,1
jordendsampson,3
rayflex,1
Rydra,4
Rolk17,5
GetShitDone_rly,1
7LayerMagikCookieBar,1
noka909,2
Pogrebnyak,4
Amuro_Ray,4
Nikotaurus,1
Zzzaxx,3
Shoeshine__Boy,1
red-did,2
beefyliltank,1
ImaSuperHero,1
jcgorritti,3
tbughi1,5
dpwalsh,2
NoranaC,1
1Operator,1
Quazz,3
littlebrainbighead,2
SplitFigure,1
wasedachris,1
DreamChaser28,1
habash1986,3
TheRevMrGreen,8
SquirtsofMILF,1
eleitl,6
nyclaura,1
justforsex69,1
30dayexperience,1
Heycallme,7
thisisnotmyfault,1
Daahkness,1
stomaho,2
Obti34,2
Itamed,6
JohnTheZ,1
nate263,3
mrsmagneon,4
Lightfiend,8
too_lazy_2_punctuate,1
imaybeanidiot,3
its-never-lupus,4
GuaranaGeek,1
buddumb,1
dunckle,3
NiceParts,1
bushman66,3
AmphiosReal,2
kimera-houjuu,4
LeagueofSentsi,1
Puzzling_Writer,1
zer0nix,5
Diece,4
_Isidore_,2
kitroot,1
richardandrewlee,3
-DONKEY-,6
EnjoysMath,3
zenplus,2
NinjaGirl88,2
davinkane,1
Mookite,12
raytrace75,1
1-puff,1
yeswechen,5
WarpWhistlee,1
Upupupupok,1
throwmeaway-111,3
supitsLoki,3
highlighter14,1
starfirex,14
FitGlitz,1
mitreddit,1
Briggster,1
sungenie,1
CitiZenHabits,3
Curiousbored,1
boomerang_bomb,1
AnAverageAnomaly,4
sol1869,1
drk9six,1
itwasntnotme,2
MrPim,2
Rayne58,2
dippydipdips,1
Gladiator237,3
Anivia,1
toastmann,1
Coarse_Air,3
generationfourth,2
cornellius_rupert,1
Quastors,6
zephyrain,1
bagezio2,3
Holk23,1
Llenne,1
Rickayy_OG,1
anewman1993,4
mtnmike,1
robnjd,1
lysism,3
undefeatedone,3
brainbeer,1
bluekidthrowaway,2
marquasm,14
leamas666,2
Cholocan,1
DILLYRUSH,4
Condomonium,2
arrypotter,1
kaufmaar,1
FuzzyGunna,3
bong-water,9
hotdogsalad,2
city_sirens,3
HoardingStrings,1
Vespyna,2
DragonsOfUganda,1
mintygood,3
NorthKoreanDictator_,5
micru,1
lastfiveyears,1
Ebhagz,1
RitjertSwaab,1
19_JW_89,3
Slappehbag,3
whereismyminddddd,1
Lucid_Rosa,4
Dizzy_Pop,1
Bbarakti,3
childofprophecy,1
7800p,4
PygmyGoats,1
spiritstories,1
mechanicalbirdz,2
PartyJacket,1
MKBflipper,2
mit_da_hook,1
Slimmgrimm,3
bunular,2
10tothe24th,3
youarehigh,2
conflab,1
Plasticfunnel,1
no_porner,3
Dogg_04,4
bugxter,8
FishingForInsults,1
