Username,StarcraftCirclejerk
happybuddyclub,1
qqsharp,14
pxifrm,8
alfredbooth,11
Korinai,2
Rsa67,7
Furin,4
dlbob2,5
legendarymotives,2
Swampyl,56
Bazooka821,3
clevercommen,4
fps-douglas,29
Yrimvar,32
FineFleur,2
lustersly,1
gnk55,1
BioLogicMC,2
QuakecommSC2,6
ikmtgv,5
ManlyPandaZ,7
wobrats,28
MiddlingPenguin,54
narobz,1
verybiglama,2
xXFedoraWearerXx420,7
canttellwhat,3
onionstick,25
KilledbyBeans,3
m4ster,7
Draber-Bien,1
IIllIlIl,12
xMrBlonde,3
Chanmanfive,3
Countertoplol,14
iostat,15
ImKitsteR,5
metheuseka,19
A_Support,20
njara,3
raiseurdonger,1
RiskyChris,331
Zeta-X,1
Huwaweiwaweiwa,12
PieroIsMarksman,3
SubsDed,6
hopefol,1
Rough_Edge,9
headphones1,3
SKT1RoyalRoadKill,2
KanchiHaruhara,1
shabbydude,2
DeadGameInformer2,8
ploguidic3,29
MidasHatred,1
jcrabb08,5
lummings,2
centSpookY,5
wizcruft,6
baconpandiculation,1
SirCoal,1
Mainoffender,2
MAEGl,1
RonaldBishoo,2
Mirkrid,19
Rain1984,3
Okmanl,1
kaplis,1
Glurky_Spurky,184
MOLESTEROFINFANTS,6
l2protoss,1
dendrophil,29
Drag00n_,1
SexBobomb,1
desRowEating,6
OCLBlackwidow,1
Sakula7,13
bsheffield2008,2
Unyieldingyana,2
ZerGJunO,2
SuperHb,29
CaptainKirkAndCo,3
practicallyhere,3
dumdum1,2
elovia,3
Iksf,4
BMN12,4
Software_Engineer,6
_bush,2
Tomorrow_Big,5
NeonAkai,1
ThugLife_,1
Xcombat,16
daedgaem,1
Vike92,1
200dronerush,1
helpmymotherboard,130
KarmaForDinner,10
AlecsYs,1
SSJ5Gogetenks,5
fonehtiks,1
SC2jesus,2
Xeris,1
amazingBRIAN,4
qwe340,1
Wndwrt,2
punit352,7
OMG_DAVID_KIM,8
BestFeederNA,2
Chuzpe,78
mothcock,4
UpBoat420,2
YeahWhiplash,9
JayLime,1
WinterFallPT,3
OkayPlsStop,1
Your_Comment_Bolded,1
GetKenny,2
GhostMatter,1
Junho_C,23
ffyyaadd,3
Thumpar,1
BestAccountEU,10
xNIBx,5
SammyYO,1
KappaPrime,51
ripinpiecesc2,4
SpaceKats,1
Xareo,15
EvilHuntz,2
slavabez,3
joopaapo,3
redball3,9
munchie400,1
NoobStyles,4
hstabley,17
LeJimmeh,1
shosty_,2
Bearrison_Ford,1
Golden_void,3
KeepItCorporate,9
stupidaccountname_3,1
acerbitas666,3
folie1234,1
lilsusie,2
ReelFish78,3
_Answers,1
UPTLO,35
Homeschooled316,2
jtran09,3
raider_zerg,9
whyallthefire,6
rmm45177,7
hypatia02,4
Minksz,8
SPlore,1
xdevilx2,10
Alkajak,5
w-man,1
NightmaresInNeurosis,1
Evistential,30
zetagha,1
Sh4dows,4
peAkSC2,2
duennschizz,1
Kryptopsy,4
fotoply,4
cainine9,3
Stunninn,3
prontiem,4
Trilandian,4
NorthernSpectre,1
PhilosopherSC2,1
Jim-Plank,1
FizzSc2,124
DrEzWida,1
Paladin1us,4
keepghostbanirereg,1
Mihai561,5
deelawn,13
The_Real_Slack,1
cgr100,1
Zixxa,7
Liz_Me,13
aznrichguy23,1
johnleef0g,1
jumpydave,1
Hydraplayshin,1
Sir_Poopybutts,6
jasper2428,54
anothertrad,67
OrionSC2,4
doesnt_have_friends,1
Naemesis,5
cyzado,5
lillus_Al,3
LiquidTLO1,33
empireWill,37
Fr0zenArrow,3
noluit,2
Zeckarai,2
CallTheSemmler,7
alanzo123,8
xJakkx,38
endtime,1
Hilo581C,8
ETisME,1
kjlasdjfjh4oi,1
Cavadrec,1
rishi171,1
ironlungz_bg,5
endbu,3
Panozen,1
Bodvisattva,5
waoui,2
tarsn,13
potatoe23,7
GUIpsp,1
Lavarocked,2
Thebestdong,21
Razer9,1
Edappp,5
polyphonyEX,3
DUFFMAN421,3
gom480Pshit,1
Marine_King_Prime,14
Stuhl,2
Pozsich,1
omfgitswizard,15
vkells,5
Excellentee,11
N_Nano,3
ellenpagepls,4
LemonsHaveAIDS,1
IgorGay88,2
YellowJam,1
PowerSkillz,1
cheren90,2
thedeen17,2
peach_fucker,6
hukgrackmountain,14
sc2nagger,6
RellimSC2,10
shadowbanisgay,6
verdd,1
Redrot,39
marquez1,1
theBesh,1
Supatavi,4
goodCat2,1
uuuum,1
Krobolt,3
poonpeennawmean,3
ItanoCircus,1
masterdz522,4
harcole,1
IWillFapToThisNow,1
RATMpatta,2
dedgaem420,2
Barva,2
mafab,28
filthyrake,5
iheartprimenumbers,1
Ferretsroq,1
CandyManCan,4
David_Effing_Kim,5
DedGaem2inNumbers,9
Leonard_Church,5
B0bSp0nge,4
raggyftw,1
JustinRaeGu,145
lolwhut13375,6
Delta25,1
vremen,1
Dhanik,2
HoriDIG,1
Kalfos,3
SaiXx,1
MrTroof,1
Lhional,1
animegirlsgetmehard,1
systematik,3
vardensc,10
YOU_FORGOT_POLEND,14
s15slider,2
Fret_Ward,1
DagdaEIR,1
ElementalThreat,2
Hjortur95,1
Panzergnome,3
shsmd,11
HypnoToad0,1
GatorsGat,1
benbernankenonpareil,1
omgwtfbbq350z,2
browning1911,2
nice__username,4
myhf,1
BOBSPONGESC2,11
t0b1x,3
Baluto,1
nightsharky,2
TheRealDavidkim,8
LiquidShethSC2,1
ELlminator,2
TheTrueCoke,3
Gonorrrea,1
Fedacking,2
Wintersbot2k,1
fsxthai,1
Ballesvette,29
theghosttrade,2
spyroSC2,1
BomberSucks,14
Sniper937,40
AhoboThatplaysZerg,1
NotTheRealTLO,1
filteredwater12,1
KappaKingPrime,2
TLO_Is_Overrated,4
archon_toilet,3
Heretakemybearslap,79
arothen,1
GoldRyse,12
hendralisk,4
gosu_chobo,3
Ilasper,7
Lethlas,15
PROFESSORCOCKNBALLS,1
Leeery,5
sackle,1
Gemini_19,4
soHo08,3
flyingepeto,1
nuggduster,1
Nsongster,1
TinyAsianPenis,1
OnlineAnytime,4
I_Strip,4
bad_nrg_troll,1
Mrdude000,3
SamMee514,1
Roqshu,2
withporkandmolasses,2
chris2467,1
ramdasviky,1
uhavesogooddick,3
DannyPinn,1
Onethatobjects,8
LedZepAddict,2
distinctvagueness,2
Gatesleeper,2
Neiat,5
AnEmortalKid,1
tofuyuki,1
TheCreature1,10
Thzae,18
modi20,4
TLO_Beard,7
leqizxunn,3
DefiantReaction,9
ellenpagepl,39
rising08,19
DJHelium,6
MSCisStupid,6
GottlobFrege,20
lennimon,1
BlacKOutWTF,1
Vonredditor,2
Inoka1,4
EnmaDaiO,2
sc2isadeadgame,1
Izuke,1
Banjovi,29
Devilrodent,14
Aspharr,25
Ynwe,4
de_dune,1
DemonicDustBunny,2
themaskedugly,3
ellenpageplss,146
IHoRnsUpI,3
daboo555,1
JamesB41,1
TheScriptan,5
Batterup77,5
SolidRozay,1
Panface,3
superiormind,1
thecubs,2
Gary_Ridgway,3
Merovingian_M,30
curtyjohn,3
hugedik,44
username,1
BigTenFour,2
adigaforever,5
xPosition,2
meetbob,170
Crot4le,3
myotherduckling,1
DontupvoteifIcomment,4
WiseTL,2
GMAHL_,1
LetMeInPlease376,2
NAcurse,15
aktpq,4
Tobblish,1
bennyrose,1
pradnesh07,3
possiblemaybe,102
kingston8thhardball,1
RTSfan,2
aik3n,4
Nessebr,1
LTIstarcraft,22
Craig_Dem,1
KeqBulbeq,15
Shirikane,7
dextermorgan19,1
Flax_Bundle,4
Generalduke,1
xAriA,1
VangelicusTheGreat,43
Well_Timed_Abathur,3
KneadFourSpead,2
fun__friday,7
goatzerg,23
nyangkosense,2
MalyKsiaze,1
Xanedrin,2
PM_ME_TEEMO_,2
Habbler,1
NoxiousNick,5
rhino_tank,1
ZealouslyTL,1
AviloHasAutism,3
Torch_Salesman,1
Sparks_IM,3
Kronosys,1
NickVids1313,7
Fillelito,14
SKForg1ven,3
RealthugshitOG,2
revolct,5
AiFlux,2
spartan1234,1
TheNumberYellow,1
Puresc,1
-Jan,5
SomalEa,1
pikawyrm,231
MetastableToChaos,203
crazyfuffi,1
iBleeedorange,8
xlnqneiuz,1
A0G,1
sindoow,4
Blayoo,1
Thazi,1
Coltt,1
Artha_SC,2
Clbull,13
Deluxo,29
CollectsPuppyPorn,1
Sorgsvart,10
gijsr,1
Hemske,1
Snitchables,3
jealousbean,2
Question_Dongers,6
Hurenkind,50
ZodiarkSavior,1
MakeNoERROR,5
N13P4N,15
drgradus,1
Dools1337,3
Nick-Tr,4
FusRoSteve,1
Eoxeration,1
tumescentpie,5
AbcZerg,91
YamiSC2,55
Sgt_splooge,11
Default1355,190
Xxfury77,2
mGGFender,1
you_get_CMV_delta,1
forrealuguis,1
Genarele,1
CSalty,1
JEWISHFATHER,1
Dirty_GG,1
PesteNoire000,6
Gnared,1
Le_Master_Le_Trole,1
dwimtrashggeuw,1
l4ggin,1
RafaelMDM,3
xXGwAxHaRdScOpZXx,5
DTDstarcraft,1
confusedpork,1
didsomeonesaydaeTL0,58
EmW2,7
RipSc2dedgaem,1
NochaSc2,3
CYWON,6
iCo975,4
Matinga1,4
LetsMakePoorChoices,2
jibbodahibbo,7
AccoWand,1
gurf4,22
RepublicTiger,1
thisted101,1
Jokersniper69,1
Arabian_Goggles_,1
Irreversible_Rape,9
kavinh10,1
LightningDan5000,1
TzatzuEU,2
SampritB,1
shadikuizayoi,2
DAESuppy,1
odoisawesome,1
Yugioh_SC,1
newredditaccount0293,3
XxMrPibblesXx,4
MrDaddy,6
laget,13
eindrz,2
UnspokenOwl,1
uwotm9_,8
MrMeist,3
Augscura,1
Darien430,4
bazaarzar,1
smokebeer840,1
DaKickass,2
sh4rkee,4
Gavinstar,21
thegigglepuss,5
alkapwnee,3
NeverBurnMoney,59
edlolington,2
ihatemangos2,3
tohlenforst,1
SnesTea,3
DriftAway1,1
titich,1
ChanmanV40,3
Rekkre,1
robtheviking,1
SailorMint,2
Psych0Fir3,4
FnaticHarstem,6
KrustyKritters,4
Best_Sodium_Na,1
AVILO_GOD_OF_TERRAN,2
damcho,31
bloodyvalentine,3
seupac,6
ilja013,9
wallrocha,4
Thezanthex,4
TheBazulator,34
xlnqecuntz,1
Depops_au,143
DavidKimJongUn,1
babyjesuz,9
treebog,1
BAD_MANNER,14
Po0dle,4
defias76,3
Sc2God,12
Nyras177,1
ve1n,8
dideroted,2
ametalshard,5
khazixtoostronk,13
aneeley,2
kingnomzteri,77
Facethevi,1
thetrueswaglord,9
FerrumFist,16
X1nEohP,2
YamiCardStone,1
okeanus,1
currah33,5
Goatatron,1
theCluttermonkey,28
NEWS_Terran,132
NFLfan2539,3
AussieBraH,4
Dezib,5
CenturyOfTLO,100
yes_answers,1
cameheretosayTHIS__,6
ampV,1
yamsushi,4
CoReRacer,3
OPKatten,8
desRow,1
zawersed,33
banjoetheredskin,1
ChanKiM_,16
CG_liNk,3
brettaburger,2
Kalieat,1
OGC69,4
icww,6
sionweeks,1
kiloryn,15
iconvex,10
Muteatrocity,1
asdf3456,4
Quipan,4
GosuTomTom,1
Simple_Bolt,3
xlnqeniuz,214
Ramlevy,2
EonShiKeno,1
ZeroTwoThree,1
BroodlordBBQ,2
Danyulz,7
doucheplayer,2
TeaBleezy,7
SeiWhale,1
raghavr,1
Koujinkamu,1
howsyeronions,2
Whatdoesntkillme,3
Nurche,2
FluffRule,1
Fuzati,5
x_JC,32
arykon,1
Incon7,4
darkstar10,1
MacroJackson,2
WaraM94,12
tHeSiD,2
