Username,wisconsin
turtmcgirt,58
opendoor125,6
steebs,1
nightwing2024,24
kwicks,2
Al_Ashrad,44
Sweet_Bro,8
colesitzy,1
andjjru,1
RadomirPutnik,11
werenotabankjerry,8
agent519,4
TACOBELL4EVA,1
get_a_pet_duck,19
WiskeeTangoFoxtrot,6
Musketman12,4
cheezgear,3
Trying2BaWiseGuy,9
BIG-BAT,1
MelkorDCLXVI,2
arnoldlol,2
motak,2
theerachele,1
Fallen_Akroma,30
franklin_stubbs,60
SirTrout,9
Trayf,26
Golfandwork,3
MyMorningW00d,3
leftcoastlove,3
ButterNScotch,1
downwithtime,3
Hraes,1
Gintoh,12
JoatMasterofNun,24
rexella,3
blaze--orange,3
stickb0y7,6
Awake00,3
MysteriousDev,1
aliaschick559,3
StarPower1,4
shitrocks,4
SgtSkippy,3
Erin_Bear,1
mcrvcr,13
RobsanX,24
iamed18,3
wlum07,11
runaway_truck,2
pygais,3
Wyngarden,17
smalltown34,1
Fluteloop1,7
bjs1400,1
PrancingPudu,4
trainwreck00,1
cautionveryhot,37
BaseballGuyCAA,7
onear,1
mermonkey,2
lilyth88,4
TheJuice42,1
bodanville,1
Steeezy,4
Azusanga,5
drunkmilkshake,2
Dspradau,1
MaxxBeard,7
PsychoKittenSalad,1
Drunk_Pilgrim,31
redditwonk,1
TITTY-PICS-INBOX-NAO,1
shizwhizzlebam,1
Could_Care_Corrector,7
telvox,3
luftwaffles,3
spedoy,3
killafofun,3
ImPopeNow,4
RustyPipes,27
foolishsnails,1
tsondie21,18
corduroyblack,521
embrow,2
TheBrofessir,7
scartol,19
SodomyandCocktails,1
CarlMuhfuckinSagan,7
computrtchr,38
enad58,2
gbdman,4
EttenCO,4
ThorntonText,3
redmosquito,6
linkazoid,2
notreallyasuperhero,5
ardent_stalinist,94
primordialblob,11
Preblegorillaman,19
AngrySquirrel,24
DarwinMoss,1
TMills,3
utohs,22
transi3nt,2
Kurtze,3
beloitpiper,72
thetedster180,1
suchsweetnothing,5
FallingApartThing,3
brewcitytraveler,3
LnkSNES,1
schmurrr,1
gforce42,5
MushroomCloudMoFo,3
DZShizzam,1
Dredsilver,2
the-mp,15
WDTBillBrasky,20
ExamineYourself,1
wtf_is_the_internet,4
mrjarule,1
SomewhereDownInTexas,1
travlman920,1
SirWinstonFurchill,6
Stoltz3,2
jeremiahgreen96,9
Moochilove,5
sophieneedsaladder,1
MKEcasey,1
wanderingblue,2
toxicmischief,10
trennerdios,1
jonny_goblin,3
Mizghetti,2
x24co,37
wiscodrummer,4
Patamarick,3
pistachiodisguysee,1
iamsmrtk,4
gofurthernorth,1
Fokillew,2
badgerfan5,1
farmer_bach,1
veeman2147,15
Dead_Red,3
Bluth-President,9
halfby,4
elveehep,1
northwoodsgirl,1
urinejames,1
Zekthros,1
Pijan_the_drunk,1
toastersaregreat_com,6
hoopstick,10
BlindFaith86,4
wihockeyguy,8
cm2pktd,1
chugschugschugs,2
karlshea,6
Pavel_Chekov_,5
ErrantWhimsy,4
burdman3,7
Jay_dee_,4
Tetsujidane,1
MrTorben,1
jakey01230,4
psychguy,10
HaLire,4
AnotherRandomPlebe,12
blortorbis,20
No_YoureATowel,5
teethteetheat,67
blo442,3
mr3looc,3
mjendl,3
STUCKINAPILEOFMUCK,1
eidolon773,7
Neo2199,1
ms_ashes,16
money_,2
Et3rnity32,36
sconnie64,19
ChanceBuckman,8
Tasboo,3
mrafroman,2
WiscoGingo,2
freakyuseless,4
juelze,12
sassy_lion,7
Vector-storm,3
bad_llama,102
NParbs,4
sincladk,8
4CatDoc,2
Pita_146,3
Stacksup,4
Amoretti_,4
Baron_Von_PoopyPants,3
not_so_eloquent,18
maltreuter,1
doxiegrl1,6
clea_vage,4
g_mo821,26
jpschumacher,2
sushicidaltendencies,2
hot_sssake,1
Ingliphail,8
jnightrain,6
jedman,5
octarino,1
bamfra,12
Grenshen4px,4
Epic_Coleslaw,8
magyar_wannabe,3
ToneBone36,1
mjrasque,2
CasualCore,13
animalswillconquer,66
Stomponadon,1
myraloopsy,3
Trail_of_Jeers,3
naanplussed,1
sullyb007,9
PraiseIPU,1
z3ugma,2
JustALittleOod,1
third_damn_user_name,1
bunnymud,1
aBrightIdea,1
norwegianwood90,2
Shekn0w,2
RoryCalhoun,1
tragedyinwisco,20
timmurphysblackwife,51
theicecapsaremelting,6
SlyVenom,1
Innova,3
gtownbingo99,1
Ratscallion,7
wholemilkwi,1
ashbash604,3
ItsOnDVR,21
RiverWestHipster,29
masseyfarmer8690,1
MikeAWBD,3
Captain_Moscow,2
thatscool22,22
Atlas26,1
L3p3rJ0s1ah,1
Ivan_Zypher,11
trs1138,3
Chucked-up,9
aHarmacist,2
SolidRambo,2
bionic80,1
Darkfriend337,1
WookieMcspunion,1
nuki_fluffernutter,4
scurvebeard,1
dracho,1
BrujahRage,35
crosszilla,2
not_sure_if_alt,1
ThrowawayDrazila,3
skanksauce3000,2
skeetskat,2
DrJimmyRustler,28
donneyboy,1
number676766,5
James_the_Third,16
TehMainRaggy,1
2creepy4you,21
Electrophonic,3
xisytenin,6
austinthelion,6
thrill316,35
dyslexda,51
tepkel,1
orangutan9,102
HoneyBallz,2
Dr_Feels,2
tankintheair315,20
Sir_Dog,1
bnics,7
AcornTheAbominable,8
xiaomao666,1
Lahaim,2
heavenisfull,19
bananasantos,1
jimgagnon,1
alphadecco,8
SkepticShoc,4
ChimpWithACar,3
huffalump1,3
Someone_in_Madison,14
lundah,38
cmS1L3NTmc,2
flopsweater,25
mangopear,2
Username2469,1
SinkHoleDeMayo,156
togglenuts,48
Dopeamine,2
incubus512,4
Dodgerillo,1
BirdVive,1
BloodyPeaceofUtrecht,8
FaramirofWI,19
caustictwin,2
BlankVerse,2
grizzergreeen,1
Slyceratops,6
scubaguybill,7
profJesusfish,1
SSQueenOfGlasgow,6
friendscallmechrist0,12
blissterr,2
Heins,9
frecklepower,3
To0nMaN,4
thetrolltrolley,2
Nisrimar,3
crookedparadigm,1
space_crack,1
Cmp0806,3
471b32,8
WalnutTheWarrior,11
myearcandoit,12
jbeast33,3
Matzke,5
Baron_Von_Trousers,43
ygaddy,3
Tigerzebra,36
gnashed_potatoes,2
nothingbutt,1
lanmansa,4
a_marie_z,3
ESMrMilo,18
Dealjobber,12
DEWSHO,1
Burn-O-Matic,3
genetisaurus_rex,3
g_leibniz,3
Artsnakes,28
DriftingInTheDarknes,2
wingsofavalon,12
jitler,6
lovemykitten33,2
thats_whatisaid,29
PL4CIDb0rg,7
weez09,4
Jfloyd87,5
vincethered,1
mnemonomancer,1
mgrunner,4
HotaGrande,5
ghobber,1
BeardedBears,4
honeybadger65,3
mightycud,3
3893liebt3512,3
hockeyfan1133,61
Andyk123,3
MrWhatSauce,5
colinwehrle,5
GodOfAxel,4
mopedophile,1
LibertarianCitizen,5
TonePoleSmoker,1
sevenmmrem,1
Tappen_Zee,14
xsists,6
imp3r10,1
RealSlowLike,1
josssskidding,3
daionnis,4
bblemonade,11
booboorocks998,1
neutralkate,3
kaesekopf,17
ABgraphics,24
saddsappysucker,1
also_cocks,3
Journeyman42,4
Drunk_Wombat,11
wis20,4
Renegade12,36
JerryLupus,3
StephWV1,3
hotminidonuts,1
MegatrondW,2
nimbusnacho,1
gypsibard,5
cessnawings,1
josefstalin,5
palealepizza,5
all-boxed-up,2
ganondorfsbane,7
dieselmac,2
YoungForever,5
wolfygirl,1
on_wi,1
ninethirty7,9
Anti_Citizen_1,2
jk918,2
6818806,37
OMG_Ponies,3
pashafisk,15
OzmodiarTheGreat,1
12rjc12,28
piratebagel,47
RittUW,4
madHatch,1
TheBelt,6
MayorMcCheeser,5
FlockofSeagulls,3
SirMaster,1
Brandonjking,2
yesimmadbros,5
Cosmic_Hitchhiker,2
socialrage,13
cassiewilber,4
brewcitysafari,16
verbalsadist,39
Rory_the_dog,1
ColumbianCameltoe,9
brettorical,2
IH8DwnvoteComplainrs,6
jasenlee,4
That_One_Guy7,4
izzyp,2
barryicide,48
dongsy-normus,1
Adjective_Animal,5
guitarguy1685,20
bry4n,15
lilbearpie,1
FrostySack,2
blellow,4
happyhereafter,2
Bal00ga,64
fadingthought,6
personguy,10
LanMarkx,6
benysaj,1
Undertakerted,2
Durrvish,1
bassingtonfish,5
Latch,9
someguynamedsteve,2
RonaldoNazario,75
Delition,6
kiwi9400,1
ESEAsapphiRe,9
mnpilot,276
kenfagerdotcom,21
Khayembii,10
GiveYourBestEffort,3
Galidar,3
emptycaption,3
SibbySixx,4
NightOwl_17,8
tacosaladchupacabra,3
funkyfresh2,2
theloraxe,8
SuperFuzzBigMuff,5
wihuskerfan,1
CashewTheConqueror,4
1000000students,22
SchlitzHaven,3
reddbdb,1
7we4k,1
Mr_Vladimir_Putin,3
z3dster,5
paul2520,5
skinneem,1
TheScissors1980,79
BaconForBrains,30
mooge,17
Antoros,9
-ThreeShoes-,1
420foy,5
Sunny_Psy_Op,157
karmartyr,42
Dysnomi,5
qweernstrom,3
layer555,46
minivanmegafun,14
CAKEDONTLIE,1
chitwin,12
docadvbanbel,1
PeoriaJohnson,7
PksRevenge,2
stuporglue,2
Pr0bl3mChild,2
tehpwnmstr,2
chocolate_rivers,2
theseether,1
WISCOrear,3
keiyakins,1
Droviin,48
derp_derpistan,15
EliteHuman,1
StarCass,2
NotMuchOfAGirlfriend,4
welchblvd,14
haiku23,1
KrimTheRed,5
Clent,6
Parasamgate,1
gbrl_cooper,3
RJStrasser,3
BishBoJangle,1
zbot-,1
munginella,6
Dafapattack31,5
ktmrider119z,7
dabarn,6
FarRightRacist,3
searlesmp,2
xVarekai,2
jrice441100,15
loki00,1
indeh,28
Andosphere,6
wizardkittens,1
SPacific,1
hekk,3
X-Legend,12
juicki,3
chadjakes,3
WalkingShadow,96
blueblob11,25
mreichman,1
mattymodotcom,11
fearlessly,17
pigeieio,5
kidfay,5
Rock_Carlos,2
fish_hog,4
userisok,35
svdasein,3
quedfoot,2
repoman,11
demolitionsquid,2
blbloop,75
dosaceos,4
CriticalCold,10
HeadSpeakerJunky,6
Melog_McAwesome,5
kingmash,2
buttplugpeddler,13
sandsgrams,9
beast848,10
disilloosened,3
lisambee99,3
KillBosby,26
MilmoWK,47
dradam168,4
SureSheDid,5
PBR_Misfit,3
Prof_doctorScientist,19
Rattchett,4
rakut,1
guywithabigknife,1
BlackNova169,3
Niehaus,163
wollington,2
killerofgiants,1
Tubbypolarbear,1
The-Jerk-Store,6
nlevend,15
funnyfaceking,1
filterless,8
ThroatySteak,33
DoorCounty,1
criscokkat,5
Sputnik_Butts,3
spilledcheerio,5
spadedvwi,4
phaionix,1
afclark,1
THE_CENTURION,6
MrChetStuart,1
Weekendsapper,1
Broskkii,3
oohhh,2
fourlakesdaily,6
SolarEXtract,2
yes_answers,1
Okuhou,14
pgrit154,35
1SweetChuck,19
Arrowstar,4
ser_balls,1
Anejotho,3
sniper1rfa,12
SMTII231,2
joshawnard,8
EmpireOfLights,1
jeff25624,1
Slooog,1
gp443,2
Scuba_Squadleader,5
oblivious_fanboi,2
JDgul,3
linguistrose,5
velleux,2
Juicebox409,1
pilotguide,3
BrewN1nja,15
fightingforair,9
AngryGlenn,8
trekka13,4
MillpondMayhem,5
HaveABeer,7
luche,1
UWPVIOLATOR,18
stacktion,1
WisconsinPacific,2
juslivinlife,2
gelastic_farceur,1
dege369,5
bubblanasty,1
twistedlittleman,1
PraetorianXVIII,1
slattie,1
itzjamesftw,4
sighnide,2
entreri93,2
literaturefracture,7
Hole_Vault,1
projkt4,1
Bonesaw420,5
Hot_Corner,4
cust71,3
brickne2,3
QuesoBadger,11
riverwestein,51
cynognathus,2
eidetic,7
vatoniolo,16
iamaprettykitty,4
knickersnic,1
Lindsey_Mae,4
ctucker21,1
lyme3m,1
Durkgm20,1
PigFarmington,69
important_yogurt,13
DennisFehr,3
Solidity,4
science_fundie,7
Starving_Autist,1
cartay33,3
elfleda,6
BloodrootKid,3
funkster30,1
PaperStreetSoap,1
thedeadrabbit,1
TheDeliverator,2
Hegulator,34
dancinwillie,2
ANONYSCONSIN,8
Lumiloop,7
allhands,13
atpeters21,1
sarcastraz,1
sea-wench,1
voteferpedro,6
campog,3
rosendorn,6
MR_Rictus,19
fridayjams,19
chadatha,5
phishtrader,13
randomtrend,5
ideashavepeople,3
Dream_the_Unpossible,2
jayme0227,25
PurpleCapybara,116
captain_queenan,5
missassemble,2
88warhorse,34
RingoProductions,3
xSchneebSx,1
john_kuhn,1
shipwreck0570,4
Lanuria,4
starchildx,1
nicolauz,77
medra42,22
unassuming_squirrel,7
b75269,1
montereyo,24
buttcheese_mcgee,6
fendent,2
ExpandingGirth,2
The_Grim_Sleaper,2
MarkhovCheney,4
whotookmysammich,42
servercobra,4
MeEvilBob,1
Barren23,43
babiebluueyes,2
ahabswhale,12
felzelle,3
spartan2600,9
ndsprang,2
IWantToBeAProducer,47
marx2k,35
ozmodiar192,4
ramboiv,2
name_with_a_y,36
CM816,10
My_Other_Account,4
Wisco,11
Zaicheek,4
dannygee,1
MFazio23,1
beetbear,7
Jun_Inohara,4
karawyn,1
randomguy456789,2
Nonyabiness,1
waffle_ss,12
Azzmo,7
lcarp3,8
ChatGarou,1
Arthur_DentXLII,9
SeveredKibbles,1
armanigoose,4
Stakkato,2
Loftydsm,1
Shadow_Druid,33
ColorMePanda,20
jk05,5
NotAUsername0,9
NautiBoppi,21
KirbyJW,2
gingervitis41,3
King_Arjen,6
roadiegod,5
hufman,2
JoeyZPD,4
sbsgf,3
PaperPlaneGang,2
wonderfunk99,16
flame_juggler,3
worduphomefry,3
BigPappaQ,1
madisontaken,1
Krugja13,9
gedvondur,261
stonebridgedapper,2
goodland05,1
timeTo_Kill,5
cp4r,1
TheChelzor,3
rchiariello,1
MSACCESS4EVA,165
GeneralELucky,1
abattleofone,2
UnfortunatelyLawless,3
daymankarate,6
HBHartman,5
sid-,1
urbanfury,2
fresnel-rebop,13
sorasteve,3
v-porphyria,1
Kick79,2
Seventyeightnine,3
thetannerainsley,9
InkyCap,3
Gritsandgravy1,6
oh-hi-doggy,5
leostotch,4
Madisonian_,2
isthataturtle,1
99639,14
iamtheverymodel,3
Damianapawn,3
MadtownMaven,3
audiosnob,2
Jimmy_the_foot,10
iowajaycee,4
coop1214,6
Thonlo,125
shredo,1
WisconsinHoosierZwei,3
goldandguns,75
chabanais,6
PuffTheMetalDragon,1
Heliun,2
marineaddict,2
servoret,17
steve77atwork,2
skin87,7
woundedstork,1
Radiate_your_balls,6
derelicthat,2
nathanex,2
vegetablesareawesome,3
FetidFlowers,3
Camshaft92,10
atcmaybe,2
Boomshackle,6
Remarksey,1
accidentallywut,8
0116316,14
wisco_mod,3
KillerKlown420,3
krische,1
Narconis,17
Ryguy085,1
The_Black_Unicorn,3
ChestnutTheChampion,2
ernieborg9,1
HodorIsMyNigga,20
bobjohnsonmilw,14
Ch1b0,1
quixotic_unicorn,33
weebs86,1
ngharo,3
casey1911,129
peace_core,4
tigerraaaaandy,3
Snow_Pro,3
Toofywoofy,1
rgd0200,1
CharredHam,4
wwabc,1
TheLakeCity,7
smackjack,7
dusters,4
Lacho7994,1
ajresch,1
rit100,18
AutoNomadicEnt,1
throwaway_cellphone,3
The_real_SS,2
desquared,4
gfpumpkins,12
Seven_Dx7,3
KoolAidFiend,2
RShackleford_,2
xStaabOnMyKnobx,10
banditoitaliano,2
Mecho,5
Arctic_Scout,4
TheRager1,5
Darter02,13
HolyLovinSuckAss,4
coolcool23,7
tacoguy1234,4
beard_of_ages,4
MaxmumPimp,6
Loves2Spooge857,40
tehtech,1
Kiroku715,1
lemmiwinkers,1
MeurnsogGB,3
PonderingWaterBridge,3
Ballsaxs,3
CharlesDeGaulle,4
NezPierceInverarity,4
Fiveoclockcoffee,4
C4D30604,2
swiftraid,10
thechildrenbreathe,1
xiev,3
kuoirad,3
btvn,5
talkincat,12
thegeekist,6
Mr_Lobster,3
DelightfulArrogance,40
gregor3o,2
paulwesterberg,98
Bramoman,11
HazelnutTheHorrible,1
ericaregone,12
crispsix,22
workthrowaway68,45
Mpls_Is_Rivendell,4
omniraden,4
fiveceps,7
papertrowel,5
TmanTaco,7
svtguy88,11
jonesz75,11
_jeth,1
Kkristenn,2
yaleski,1
GravyMcBiscuits,1
ArsFrags,6
nvrd2014,9
wombatlatte,1
Maddie-Moo,1
sinlad,4
ArrowSlinger55,6
slamnasty99,1
hiptobesquare8,17
lizzinabox,13
Randomacity,5
drunkinwisconsin,3
8bitBlueRay,5
holybejeebus,9
significantpickle,10
eobanb,26
angrydeuce,95
Isarian,3
DrunkDeathClaw,21
TSUNAMI_OF_TERROR,55
Dairgo,3
adamb10,13
col_kassad,55
gingerperson,1
leavingwisconsin,10
SaturdayTsunami,13
hoursaid,2
Michael_Scotts_Tots,17
WhiteyNiteNite,21
takingbackzachry,3
alienacean,16
kjkaber,2
tawattwaffle,8
TheSmeezer,7
katrovert,4
Usedinpublic,1
outontheborder,2
srattinson,2
Sionna50,3
wescotte,3
mannac,1
clown_baby244,13
PanopticonMKE,5
RPtheFP,25
VanillaTGorilla,2
NsRhea,23
hildesaw,10
frayedknot,4
Harmania,39
kelstaney,1
calann,1
jonasborg,115
ImAFuckingTroll,11
my_cat_joe,7
roknir,2
PackerBacker50,52
SpindlySpiders,3
Jizzle11,1
Feezed,6
ITGuy420,11
in_plain_sight,1
obrysii,5
f_em_Bucky94,1
Winterz17,3
DF1212,2
WowzerBowze4,28
dan802dc7,4
EverybodysPoop,15
sellyberry,12
mashtato,3
sickofyour,8
gpia7r,4
Spookymomma,4
noushieboushie,8
FilbertTheFormidable,10
steelnipples,11
TheFatKid01,4
Ofreo,6
skibunne,3
Lambeau12GBpack,3
deefour,1
MKEAndy,1
tommyjwall,1
ButtasaurusFlex,1
orangewaterbottle,1
jmagnum712,4
liberalwithabrain,3
little_blue_penguin,1
WisconsinBBO,4
thderrick,4
miss_america,11
dahakon,6
lidko,1
elderabuser,7
smithers85,13
Nah_Im_Playin,5
Despondent_in_WI,7
xueimel,16
ErisedFoRorrim,5
liketosee,1
heinencm,1
quickstop_rstvideo,161
faceplant34,1
stevietacos,1
buddytheelf27,10
Coopstain,5
Zeptonaut,4
Lorenzo_Matterhorn,2
General_Fratton,4
geeky_latina,6
naviniea,1
overloadofswagger,67
hairlosssucks,5
cdnets,3
squaretwo,4
wisconsin_yo,6
GAYforHATE,3
EInfantryC,1
millionsofmonkeys,3
redox000,11
SWSconnie,83
agehaya,5
lookAHorse,2
LongUsername,104
WaffleTrain,2
hovdeisfunny,9
4DUCK2TAPE0,13
gidikh,6
reubnick,3
Cpt_Tripps,1
WisLonghair,2
Sandman1031,28
CurryKun,1
crdelo,7
tejaco,15
Blowmeos,47
imupnext,1
Jon_Snoow,3
Weakfish,5
jetiff88,1
way2lazy2care,3
lookthenleap,2
kecos,28
tanuki10,1
jacobtech1997,4
Lighting,4
Bryankkkkk,1
midnightcreature,3
codeburner123,2
FlyingBadgerBrewery,4
kbedj,3
grizzoverde,1
xsccj3r,7
AriaJean,1
Treshnell,3
THECrew42,3
mgweatherman08,4
Rocklobster92,10
kallisti_gold,2
thats_so_rapist,1
Johosophat,9
venture_capitalist42,1
razezero1,7
boxman067,1
simjimmy,8
_donkeyqong_,1
DarkDefenderDaxter,14
jpopelka,7
westbound43,2
awaveofspiders,34
PakTu,4
Chief_McCloud,48
moontanned,7
wonderbrett,2
zipcodebreaker,74
duder9000,1
DominumVindicta,1
Shobed,3
Dark_water_,7
Ingram_5,12
85IQ,32
Ndheah,22
Madolan,3
rlraven,9
rachelhjay,3
pixiespaz,1
infinity314,1
HeisenburgerDeluxe,2
fudgecakesss,6
bbene,9
aaaaaaaaaanditsgone,5
ShotFromGuns,125
BigJohn23,1
MadisonWisconsin,4
EnoughNoLibsSpam,7
Cornovii,4
Ismith2,8
georgecarlton,1
Mckee92,3
Benjaja,1
Paisleyfrog,5
SandieSandwicheadman,1
buildthyme,3
tollwaytroll,2
gentlemenasurus,5
Brom42,4
cre420,4
nik8813,4
seefreepio,1
avfc41,7
ZehPowah,1
jmacken,2
omgangiepants,17
bananas21,9
wubr,2
CurlyPants,2
beluga_ciabatta,2
kevinobvious,1
moxie79,6
matthaiduk,3
CommonReason,1
kingrichard336,1
SchrodesTheBadger,1
OptimalSmoker,5
saltaroundtherim,8
crunchyeyeballs,1
SprinklesFTW,6
mleitch,2
belandil,107
Oliver_Cockburn,7
i700plus,3
FyreFlu,1
jwjacobs,4
2modq5,1
krbin,24
Skabies,3
quadriplegic_C_3_4,2
ch33s3h34d,3
jblazzze,1
Breakpoint,10
towerdog42,1
johnnyhk,2
iiiitsjess,2
beve21,2
Desdemona7,1
ObecalpEffect,4
drbadtouchz,3
SilverHoudini,3
legit_,1
mcthreadski,5
aywwts4,34
kapuchinski,6
That_Shits_Tight_Yo,9
plasmafire,6
zachsandberg,7
Niklas_Hjalmarsson,1
secaa23,3
BorneosLastWarrior,1
GammaGrace,20
overthedwaynebowe,1
captainp42,12
drewskit,4
waubers,8
adjustet,9
RossLH,1
NickBR,4
scooots,5
kudeism,1
jeebus16,8
doomsday_pancakes,6
Hoboken_NJ,4
bigfloppydonkeywang,3
Chessiecat,19
LifeGaveMeLlamas,47
MunchyTea,3
triedon,1
instantmac,8
britzer_on_ice,4
Alynatrill,1
cwkraft,3
HenryCorp,1
AdamMcFlurry,1
siredmundmudmonkey,4
MrMoby,2
corvaxia,4
WaffleBrothel,3
badgerbacon6,4
davidkassa,1
KEM10,496
teaflow,6
tob_krean,173
ohbutshesdead,3
tborwi,11
drsingerx,10
nicklikesmilk,4
hobbes_is_a_dick,1
mdszy,2
SailorGodzilla,4
EdwardBalls,20
krncnr,10
keithamassey,1
lunabonamour,1
bonzodog3,2
SuperPumper,7
ImGonnaLiveForever,1
socrex,1
clownpornstar,12
MKEman,5
mraimless,12
Ugliest_Duckling,2
Wisco_,1
ofsinope,1
SingleMaltWhiskonsin,2
theManOfLeisure,3
TannerMKE,7
LeroyPK,32
digiphreak,1
phishfood,5
ICallsEmAsISeesEm,1
imaginate92,3
StageCrewNinja,5
purine,6
dudretro,89
mouse-ina-snowstorm,1
BubSwatPunt,4
Jon385,1
joshgrami,2
xeryonne,2
CRoswell,8
Georgy11811,2
onionnion,32
warren_wisco,4
ainthunglikedaddy,12
rlft,1
qgomega,3
TYRONE_B1GGUMS,20
Cyno01,21
MJshoe,42
shuffs,9
Papshmire,1
Maldiavolo,1
SteveJons,1
SoupTyrant,4
Perephial,2
al_kohalik,3
galil3o,2
parapants,14
MKEpetsalive,4
stupidfinger,13
Cherry5oda,2
SnackeyG1,21
cuz_im_bored,1
Pikkusika,16
revfelix,15
chriswcs,13
Mr_Barack_Obama,1
besvr,9
madonnamadonna,7
medialunas,5
mklimbach,20
RoughNights,1
mspiff,3
i-am-solo-dolo,1
OneThumbUp,3
heyfergy,2
boastfulbadger,4
rseiler32,3
RAFFATTACK,1
TheZoneOfDanger,1
layra96,7
avidranter,2
DeadNotSleepingWI,9
s0beit,5
RandomPrecision1,7
carlthesnake,1
slider162,12
ThcMeASAPplease,6
theoldpretender,2
meltedlaundry,6
x_mas_ape,6
happilybitter,29
LWRellim,3
TripelNova,1
WinkMe,2
mstuartmiles,5
beatool,9
ltuae42,1
prod024,11
IrkenInvaderGir,9
JaseFace,11
DigiSmackd,20
buckybone,21
norse77,6
gopher33j,1
Caltrano,3
Mr_ZZ,1
rob_zab,3
IAmPeculiar,12
duke3167,2
FuckedAsBored,2
Apitoxin11,1
mjstoltz,1
L2ra,1
Q109,1
playaslaya31,1
thebrokn,11
sdogg,5
dances_with_corgis,1
wsdean64,1
peterburress,1
nr13,1
Barbarossa6969,4
GorgeousRndyFlmthrwr,1
Iamnotyourhero,11
tkulogo,3
lemmysdaddy,4
tatersalad20,3
RocTheBuzz,6
DavisGreenEyes,2
Tool_Hole,5
Elizavyeta,1
shinsmax12,10
Madboat23,1
Alphabroomega,1
MannyCoon,3
WookieesGoneWild,22
BlaqkJak,1
human_machine,12
SunnyTheodore,1
Tesser4ct,29
kayempee,1
minestrone11,4
Thebigsexyasian,1
zaltod,4
getupkid923,35
Dire_wolf17,13
wiposter,44
WestWIFadeAway,2
SketchyHawkins,3
Zaemz,7
cooncave,18
its_good,4
chastric,2
blanketswithsmallpox,10
toypernia,2
ye11ow_11,3
Guano_Loco,2
G0PACKGO,93
orangemachismo,7
drunkenmormon,4
Flappyman,15
kidflugufrelsar,11
mcd62,1
Aza-Sothoth,3
scottyd63,2
toepaydoe,5
MadModderX,1
Grimparrot,6
Matt5327,64
cheezturds,15
emperorxyn,10
mesheke,1
Camoguy007,1
theveganguy,3
FatBox360,5
mattbluesman,29
charliesankles,5
RockefSteady,1
confusedamelia,4
superkoop,15
Kruug,60
kegstand16,3
TylerSitar,13
Uwlwsrpm,3
tocsin,1
PatchesDaHamstr,4
ivanbeatinov,1
foshpickle,2
porttack,1
peckx063,1
Carpenterdon,24
FlashySnood,12
Auraxicus,1
bluecheddar,3
TheBigTEA,8
zenwren,10
slappy__white,1
dubb1130,1
discocrisco,1
414gobears,1
MeowTheMixer,5
baaaatmaaan,3
msgbonehead,11
shelbys_foot,1
imtalkintou,9
bahr84,22
Sidekicknicholas,3
noisette915,33
thejacklord,4
followspot_operator,2
Norskellunge,1
DrSandbags,3
hummingfish333,4
nappysteph,1
monk_hughes,11
itshurleytime,3
awkwrdhumn,1
Buddha1231,4
cheeselovehappiness,4
cocolocomoco21,1
Castu,4
Hippster29,1
n1rvous,15
Whoa_throwaway,15
CasualRider,6
dan_e_t,4
I_live_with_blbloop,3
jesus_birthed_me,2
paullyjunge,39
seiyria,20
sbrylski,5
Rocket_Tuna,8
mad_dog,2
burks04,3
Freetoad,5
devereaux,11
CryenallPM,2
mathhelpguy,9
Dizzy_Slip,27
Myrrun,2
phonologyrules,10
WhoKnows_Maybe_ImYou,1
woadgrrl,11
tarekd19,2
flambeau29,3
Mindbeam,5
chef855,7
twinkerules,1
danjoblues,1
Kuempsmilk,1
enola23,6
Pop-up-king,3
loganthegood,6
t0ne420,10
Axulotl,1
rehpotsirhc123,4
coachjimmy,1
Hunterrose242,4
wiscocalf,1
schiefei,3
Marrypoppins0135,15
rcalbrecht,3
Gimli_Legolas,3
mindfood84,1
learhpa,1
lord-steezus,2
poelol,1
darlin133,3
B1narypwny,1
30minuteshowers,3
JakeTheSnakeMan,1
kweaver3,5
K4S3-R,8
PischPosch,1
chamiidzhar,2
lazy_beer_voter,2
Rnadmo,1
KillahWhaleX,1
Exotrine,1
TranquilTaur,1
gibsonsg51,10
ledbeatlewho95,2
NYCBill,8
notapaladin,1
ibepokey69,1
chortle-guffaw,15
Uranus_Hz,34
BennyFackter,3
Evil_Yoda,4
channon65,6
migopod,17
endlessendres,2
yiddiebeth,3
sweetas314,2
mtgirmi,1
Veylis,2
jefferyffe,1
AmeriSauce,23
kangy3,10
FrostyFoss,23
StillRapids,3
the_main_event,2
dankroxel,2
Championpyro,2
sparko10,6
wial,12
Lilly_Satou,3
zabycakes,2
yertman,1
nior_labotomy,10
Vic999,1
SwiitFarm,107
superkuh,1
3vilJEster,4
livingshangrila,9
badwolfThrow,1
Yahkin,5
roothorick,11
Icnoyotl,3
skybluetoast,1
bmkecck,3
wolfystache,1
Katatonia13,5
hoffer1187,31
freeteeth,1
kamic,7
Littlebelt,23
princessrescuesself,7
Revekkasaurus,5
TheGruntingGoat,2
Alwany,1
breannabalaam,6
mallama,1
bodieslikesheep,2
a_gun_rack,1
ZanshinJ,2
mgweir,17
gslayton,4
shifter2009,1
UnconfirmedCat,3
nfromm,1
MasterLink87,1
BurnedByCrohns,31
jthing,6
Livin_The_High_Life,11
cbarrister,36
xylon,1
tannersoap,4
make_me_scrum,4
KrebStar9300,7
lilyeister,17
MyL1ttlePwnys,73
sbassoon,29
xkillx,7
ShitDickDongcopter,3
Dom9360,2
darkpontiac,4
Tracymke,1
byubadger,1
jmk816,1
hi-imma-chameleon,5
qBaz,4
L0221,2
ALARE1KS,3
NickBurnsComputerGuy,33
Middle_Aged,1
JayZStillsNashnYoung,5
suggi,2
manfrommke,1
Ceteris__Paribus,1
TheCyberGlitch,12
auntiewarhol,4
Tbauschek,3
rednoW,3
idiotsquid,5
shotgun_ninja,5
newbenrider,1
TheChainsawNinja,5
MJB414,1
Trlckery,1
ChefTriWood,4
TrippinSound,1
analogWeapon,2
tsr6,51
WIInvestigator,37
DaveyTrain93,4
bigfoot715,3
ThatOneHippyGuy,1
ncaarolltide,2
Alextolly,1
120z8t,36
SpiSpySpi,2
Mr_Belmont,8
Dracolis,1
IceKingsMother,1
U_AreFuckedInTheHead,3
midnightoilbrah,3
solarbowling,6
VinDoctor21,6
OleRoosterNeck,4
cguess,2
MyNameIsJR,12
demortum,7
austinisme247,14
nyee,70
madportrait,3
Pagoon,20
sonicstagmoose,1
luger316,4
Kariston,8
JayBents,8
HokTaur,7
lovehewitt,10
pubultrastar,3
culljay,5
movingon11,28
WillemDafuq_,15
joantheunicorn,8
Odin_Exodus,3
hbxli,2
OneBigUhOh,1
Materia_Junkie,27
Carnage88,3
JVDS,4
ack137,2
dazegoby,1
kpfettstyle,2
HillbillyThinkTank,2
internet_sage,60
CinnaBunMon,1
somebodybuymeacoke,2
mwisconsin,17
Xenforcers,7
the-csquare,4
Mrdude81,3
Apollo56,2
NerdCrush,2
Amylacetate,10
edthecat2011,7
wispeedcore,1
confusedgerman23,3
BuddhaHapkido,1
keeperofthelawn,1
TobyBruck,1
stuckinstorageb,31
jjkmk,1
ShimataDominquez,3
acmilan12,28
NARROWBEAR,3
AIO12,6
kitty_r,5
daledinkler,18
no_soul_ginger,282
timmid,1
chamomiles,4
Ferinex,12
griffith12,33
Abzug,330
pallywally,1
undermoonandstar,2
daysweregolden,12
tabernac,5
RaylanGivens29,4
xHUGHJASSESx,1
TBHfamer,1
Wiscampsin,1
guineaham,2
maggoo,4
grassrootbeer,1
-onionknight-,4
mikfin1423,1
GeneUnit90,1
zx2gamer_travel,3
ohhhnooo,2
juicebox608,2
Iliketree,5
Joecamoe,3
goldthor,1
wrambro,3
AlmondTheAnnihilator,9
aertime,34
Ptomaine,2
OldMajorr,2
cbtbone,7
superdago,31
ultra242,6
TooPoopedToPope,1
bindir,4
pnutzh4x0r,1
Zab11,5
FreeThinker76,8
zildjian3,1
owlagon,1
Profriles,10
BLACK_METEOR_OF_DOOM,27
Vsyadu,2
coadyh,3
FUCCBOIxDELUXE,6
username,1
WIrunner,54
WilyWondr,24
bking,1
SingularisMalefactor,18
jazzmatazz29,1
alamanderz,3
possibleresident,4
gonejellyfishin77,21
SaintVince,1
RavenousPonies,2
jeux99,4
reddit_mistake,1
treverflume,4
EvilLordBanana,7
DFTBA32,5
stigstigstig,2
BrewCrewKevin,254
dubbl_bubbl,4
Mookafff,5
TheJD,1
greyavenger,3
_cortney_,6
wemightbebanana,4
ohhushkirsten,1
Zberry1978,4
not-a-follower,26
smiles134,79
Namika,24
Save-Ferris1,1
OhLawdBBQ,1
sweetjaegs,15
Joseph_Kickass,1
goonship,4
ladalyn,1
weaselgregory13,7
TheReverendZ,35
Fnerb,7
phantasmagoria4,2
nssem,3
Herpaderpedo,1
TheCallOfTheGonewild,13
purebeast94,5
NimrodGenocide,4
Trainguyxx,3
JimminyLummox,9
outofpatience,1
PayForYourGas,5
Twocentsfromthedevil,4
WisconsinFireworks,12
teaghlach61,1
iwantaredditaccount,2
Equinox21_,6
alittleluck,1
KnotPreddy,2
MuttonTime,2
bonestamp,7
ghostofpicasso,1
jumpingupanddown,2
Racechick20,1
HabitatWisconsin,1
Erahtapivar,5
timjamcirca94,3
morrison0880,32
EULA-Reader,1
buchec18,3
Crohnskid,4
neverhadathought,1
mmarshall51,1
lillielemon,9
msarcadian,2
TygerTygerOfTheNight,4
MamaDogood,1
robinshould,3
jrcole,1
NightEmber79,55
LoyalLuBu,1
genki831,6
meatloaf_again,2
cardboard_for_dinner,1
flugsibinator,12
graviton34,2
fluidmsc,18
Francois-Noel,1
speedracr226,4
DonkeyPuncherrr,14
pfcat,1
crusaderpat,11
aarondamaster,3
Hardy_X,7
asteffen15,3
jimmyqex,8
cheese8904,1
FuzzyW,2
MotleyKruse,2
ambrosebookeater,1
Meyerd,4
m1msy,10
U235EU,2
Dankskies,7
pigskinprofile,1
Badwolf84,10
lotsocows,23
calculatingit,3
drlandspider,17
pons_monstrum,3
Kathmandid,6
exjentric,9
Aylavi,3
muggletron,6
Tomriver25003,1
Zee_Tappen,3
schwebkn,2
nyquill1,1
ofMilwaukee,3
lithuaniac,6
jaycrew,2
AloysiousFreeman,10
guntharg,3
deltaSix8,7
ARationalAbsurdist,1
Madison_Mudder,1
Sponge-worthy,24
grimsleeper,2
Chimes61,1
Blazin_with_Bakunin,23
a_midgets_last_stand,1
Lindo1905,3
devildetails,17
ForzaEc,4
ijustreallyliketrees,9
daskaputtfenster,4
CoopertheFluffy,2
LivelyBoat,1
KellnerGIS,3
bourekas,5
coreywtf,1
Up-chuck,1
triumph110,1
orogeny,3
joshgeek,4
JasonYaya,8
O_Incandenza,3
skullblasta,5
meanwhileinwisconsin,6
1234567891011twelve,17
Johnnymac98,2
TomTheGeek,70
WIdipper,23
Lendri,4
KnashDavis,1
Hippykicker,2
jas2628,9
guitarfixer,11
v13,3
Just_A_Thought,4
coachkyle,1
yuri53122,9
brad153,16
4-bit,10
mudbat,11
TheWigglyMuffin,2
askjeeves14,3
michaelconfoy,5
RManReeves,4
torherm1,1
bilabrin,7
bbbrigade1,5
MiatasAreForGirls,21
Doesntknowmuch,7
katie_veg,1
Crooie,1
circuzninja,3
Onion920,3
insufflatemasturbate,1
pateras,6
funny_username_,1
fruitrollupsalad,9
NACHOS_4_ALL,4
biochem12,1
julia-sets,32
nonstopski,5
Alpiney,2
waynemr,2
Loafgoat,6
the_unit_monster,4
Bob_Jonez,24
Psotnik,13
poofchirps,69
teslacannon,3
remishqua,1
EagleFalconn,10
WI-GOAL,7
cookerymaven,3
burritopete,18
Droen,5
philonius,9
stormbringer89,5
Brodellsky,163
tehsilentcircus,3
acphilly,4
oar335,2
automaticCAUTIONdoor,1
wiruh,24
bu77munch,1
xLightyear,1
messenger569,1
beermanstruck,3
pumabrand90,1
Corycorcor,7
BagOfWaffles,24
norco_325,3
copperlilly,2
EldarCorsair,4
agrippaz,12
keylogthis,11
powerboy20,2
CharliesGrandpaJoe,3
featherplus,5
cloudmech,1
jimx29,6
Amandacolle,1
poconomofo,1
tippicanoeandtyler2,9
lalorcd,11
Lexxus82,1
PearlClaw,6
ActionWaters,4
CraigKostelecky,4
Suck_it49,1
Leon999,1
trazor,1
PSUnderground,1
obi_wan_keblowme,2
Rocangus,2
mister_electric,2
misplacedbass,1
MizAnneThrope,1
ckb614,1
Buttdartt,1
bbrossard,8
ali__baba,5
PM-ME-SEXY-PIC,3
actjr71,6
swiftwings88,72
Incompetent_Weasels,2
horriblemonkey,1
Ronlaen,3
Z4Kattack,3
chuckmilam,1
punkpixzsticks,15
rlicopter,3
RuFi_O,3
areallybadname,1
PavilionWI,5
Msmadmama,10
MrJoelR,13
gessho,11
PocketWocket,3
pale_cerulean_dot,1
bicepsblastingstud,4
Pavel63,3
_Another_POV,4
minifridge072,3
The_Drizzle_Returns,30
MisterMcDoctor,2
DanglerMonster,11
Anonymous_Ascendent,6
iLoveherhairYAY,1
unmisunderestimated,12
RedditGreenit,3
mines_bigger,9
Tossedfar11,1
Natskrenes,1
thisisarecountry,6
GoogleMeTimbers,1
PeddleFaster,6
masterf99,6
opeth10657,42
verbete,7
beeerme2,4
Legalsandwich,3
intrepidia,1
AcksYouaSyn,1
BorealHound,7
I_like_your_comment_,4
WISubmittyman,6
i8leadpaintsince1974,9
homerpalooza101,2
stromi09,1
piasenigma,45
titomcfly,7
toomuchmadison,4
11b328i,6
needarb,4
vnssgdnr,13
CrazyOdder,2
rogue,1
Jyffeh,3
jabberwik,3
mageorwedgee,1
iamtheraptor,2
finnishdude101,6
quinntan2222,4
SchmittyRexus,2
UWbadgers16,2
Arcimedes15,10
Theeunknown,5
jimmysaint13,11
corster88,3
hiryu76,3
lol_wutdafuq,20
office420,8
scottaho,12
Exar_Kun,1
Shake25,34
revrinbadass,2
__ohmygatos,1
sarahsaturn,4
mattmanlucky777,1
KashmirQueen,3
jwalsh88,4
Tswis77,9
bigbobo33,20
ChadFromWork,6
jumpedupjesusmose,1
colossusj,5
rubesepiphany,4
VyReN,39
drewPeenutz,4
nyavogo,6
augen_zu_und_durch,1
SanltarYNAPkin,4
Gambitual,7
elitistjerk,1
tenfeetoverhead,3
GrayTiger44,10
Sexy_Squidward,2
Brother_To_Wolves,1
3talltales,10
Whiskonsin,7
Izira,16
BillyRipkensXFace,4
Dollburger,3
agsilver24,1
Blackraven93,1
Iwatchthewall,1
frenchfryinmyanus,6
go_boy,10
LukeShootsThings,2
xerods,5
Brewtown,10
MrDoubleD,1
acaelwarts09,12
buffaloranch,1
youngrenter,3
trainhater,1
RonDiaz,9
puttzy,3
cold08,25
yaywork,9
J0-M0MMA,2
osc630,14
IkesWife,6
apete384,8
drsuds,1
phoenix1984,12
groverwood,9
crabbypage,7
joey052990,1
drpeck3r,2
A_Sluss,3
MonsieurDbag,2
RodgerDodger21,12
Hopalicious,8
lilvalley0089,1
p4p3rth1n,7
GuiltySky,4
GrandDukeBelt,3
Breck56,8
pingomg,7
Buttersstotch18,13
T1K1,12
SpicySnarf,5
chefranden,3
rident,1
silentl3ob,1
911brad,1
7474life,8
123Fake_St,5
fy_pool_day,13
innocuouslaser,123
wasduh,4
Meska04,6
jpurdy,1
eatneat,1
Genuine_Luck,2
tjw,5
RabbaJabba,18
Sgtmuffin,4
AlkylHalide,2
DubbuhDubbuh,1
I_know_oil,1
briguy182182,12
clevguy,3
niobe127,7
madtownWI,266
brisingfreyja,21
Devin_46290,2
filolif,13
ShepardtoyouSheep,4
TweeterReprise,12
beccad93,1
Downer_Guy,25
kidneyboy79,38
sorren_uogl,21
redblackbluewhite,22
InconvenientlyKismet,45
lilcorriney1,5
Wadsworth34,1
DICKSUBJUICY,45
imakecooltools,4
stinkyhat,1
sealite,3
lurkingSOB,5
Noumenon72,16
Zazoomba,16
IVIushroom,7
bellybgone1,1
SteelVipers,8
sewsnap,8
mabris,1
noidontwantto,2
waldotherogue,3
Dunnebros34,2
thunderbug,3
Demonfire94,49
Deson,6
IOIM,4
broken_Hallelujah,1
Legendarylink,4
ReadDog,33
MsCrazyPants70,1
captain_craptain,16
QuantumRiff,8
joemarzen,29
winningstein,3
atpoker,4
AliceLand,3
Devchonachko,9
shavin_high,7
tonothegreat,2
UteInMadison,1
bowdindine,2
Knute5,1
craniumslows,1
WeberO,3
CestMoiIci,11
Billy_Bongs,1
marty_mcsharty,2
GreenMan2407,1
Ionlyacceptdownvotes,5
Darth_Meatloaf,15
SidewalkMD,2
BoomItsB,1
endau,7
Wiskie,16
cb1037,1
derekjosh,1
giant_nectarine,1
CLR1971,10
mudah,7
mgoodness,3
downvotedipshit,2
s0cia11y_awkward,7
Cessnateur,11
choffy11,15
thefirebuilds,52
watchoutfordeer,4
jello1990,2
Douchy_McFucknugget,5
castikat,8
thnk_more,25
SnipeyMcSnipe,1
pmrubes14,4
EdwardScotchHands,1
landarchstud,3
jfmorrison,1
-entropy,4
WiscDC,1
frezik,175
Mad_Sconnie,3
jeffmauch,4
Fap-0-matic,5
CoolHandLuke9224,9
NotSquareGarden,1
neko,25
j00nz,1
deadlyfalcon89,5
psychometry,4
okmijnqazwsx,4
steezburgers,9
shamanmon,6
Elementhol,1
bitcoins,25
globochememployee,2
squid_gotti69,2
invulnerableHenchman,37
WalterTreego,6
fuzzyblackyeti,3
dmgb,20
SilverSpooky,4
MiNdOverLOADED23,1
Yofi,1
FinalBossofInternet,1
lemkepf,4
candidlol,2
a_little_drunk,3
birlik54,8
nutty15,9
saleelsol,2
Jaereth,32
bananacatdance8663,2
remmiz,2
theironwaffel,2
penguinhats,2
HuppytheAnarchist,4
djlawman,3
ForGondor,8
krole12,2
slpsht954,2
iconocast,4
jbbnorth,4
dotcomse,2
TheScoreIs0,2
repthe732,1
sconnie22,1
nthitz,1
everclaire,2
IamDirtycurty,1
flamingguts,5
Odie52,5
figure08,2
Expressway2YourSkull,3
shady804,3
k25l3,1
awolfpaw,1
genjislave,2
mm4ng,6
Tler126,2
vindico1,4
-Mockingbird,6
TSXmike,2
fakelife2,5
jsmayne,1
padawan402,12
Seasniffer,9
roxojo,1
jason7521,3
travelingted,5
NihiloZero,7
Wisconsincatwoman,15
BeHereNow91,2
derf_gerbler,4
Pompsy,3
MrTirk55,1
thegrandmaster111,1
toasters_are_great,358
seepl,1
xDragod,1
eric_foxx,3
DoctorFredburger,4
principal_blackman,4
jfoust2,147
burziw32,5
ThatMetalPanda,10
jessica-wakeup,1
derpalamadingdong,5
talwar1,3
Tukatz,17
87b,1
McCaber,32
WinstonScott,1
DaIntrawebz,34
lindabhat,1
BigBadBuck7,1
operationplowshare,6
bigjames2002,5
Cheesecheesecheeseya,5
I_Photoshop_Movies,2
fuckinhell,11
generald316,7
Schbean,1
holidayonthemoon,1
mbingcrosby,1
AgtCooper,1
btone911,9
StanEyeAm,1
dnalur,13
Absinthe99,7
TurboShorts,11
ravenouscraving,50
HeavyLeadBelly,53
buckynutz,21
EVERGREEN13,1
hereticsmurf,1
thepiece91,1
HungryWolfFish,98
puzzledplatypus,2
transformandriseup,1
silveraw,4
El_Dar,5
evixir,4
honeydewgeneralstore,3
Zimb0,5
Almsotneverpost,2
undogooder,5
OINTMENTS,41
ptam,1
mo_bio_guy,2
facepillownap,1
khyrohn,2
LedStripeddoors21,7
_pakalolo_,4
LeaveAWhisper,7
Jamazu,4
CJL13,3
nimajneb,13
wiscaway,7
BoneByter,3
richmana,9
Jesith,4
4AM_Mooney_SoHo,33
morgieb,1
Laaandry,8
allieeilla,7
betterworldbiker,8
kamikazeeh,1
squintdrummer,2
Haexit,3
kevlar_t_hodgepodge,16
CaesarEvil,14
chasewhatmatters,14
sje46,10
MTUhusky,6
Spectrehawk,3
five_speed_mazdarati,2
SocialFrequency,3
Casus125,7
llahlahkje,63
would_not_fuck,7
vornskrs,5
Diamondwolf,1
TronCorleone,6
timforreal,12
IAMA_WARG_AMA,9
saint_seneca,1
Icculus1833,1
cheese4brains,5
wafflechildren,8
CosmicPube,5
Bradderall420,5
bark_bark,1
shaolinstyle0525,2
weft_brain,1
newell677,3
kgb_agent_zhivago,28
richguy69,1
EthyleneGlycol,1
CODfiend,18
vutall,3
nifty_lobster,1
sunshine0540,2
whymustialwaysforget,7
Bob_A_Ganoosh,8
ShakeyBobWillis,62
shibby917,5
not_hitler,7
wolfbriar,1
The_Dingman,11
5kw3r1,6
oconnorda,2
zoonzox,3
RamieRie,3
ayeuguise,3
itsamelauren,9
TheHoneyBadger23,51
Electrivire,2
Bragadocious,2
CaptainGlobal,44
kelsi0504,1
mst3kcrow,423
Phylar,5
afizz,1
dannyboy8323,4
wiscredneck,5
throwawaysarebetter,5
getsome13,26
asa-spades,3
hereandqueer,2
secretagentdad,1
HeyPeterMan,10
flyinghighernow,3
jennifer1911,10
vibram,4
gradi3nt,2
wisconsingentleman,18
andersonb47,25
lexrp,9
YesIamaWizard,1
bunkergear,5
Optimo,3
SirDigby_CC,3
ktourdot,19
p_cake,7
robbytheautomaton,5
Loki240SX,1
krabtree1525,3
pistol_pedro,27
fortuna_matata,1
Skarecrow7,1
jack__morris,3
FappingFop,10
johnnyinput,1
aero253,1
mlewa632,1
jordood,4
germinik,5
WinZatPhail,5
Vietname,3
d00d92,1
amuchbroaderscope,1
thedeckeman,2
PlacentaJones,2
Sleepserapissleep,10
ruk79,1
phirebug,3
Kensin,5
trivialpursuits,1
crzygoalkeeper92,2
AdavaVapp,1
wellikk,1
Brian2234,1
something_wittie,1
shhalahr,13
Koebs,28
spongebue,21
ThatMitchJ,3
ultrasupermega,19
AdShea,10
MilwMonstr,23
Tukajo,2
djt832,3
CaptainShortPeter,3
snarkypants,2
Chia909,2
dvg111591,1
cameronj,1
hanimilly,4
MandiOLP,6
jackrabz,3
RogueEyebrow,3
Max-Zorin,4
big_gordo,3
fixingTheDents,1
Herpesdeep,3
jubjub2184,1
EntropyMu,3
MayoFetish,3
wander_w0man,1
theophilius,2
dainomite,4
Amadameus,14
Oeboues,1
SultryMastodon,1
smellycow,2
AcousticArmor,4
FireMedic_128,1
nklotz,9
Centinela,1
MrDick47,2
bigred311,4
4amcoffee4,2
adagiosummoner,6
onlyinurmind,1
sPunDuck,1
haggeant,3
snackshack,4
LukeTheLi0n,1
CarrieZylka,4
oflowo,1
mrking944,2
Impudentinquisitor,9
RhettWilliam,1
MackPointed,1
TheyCallMeStone,11
adoggman,2
connorkmiec93,5
TrynnaFindaBalance,8
MyrddinE,1
NESninja,5
NewThoughtsForANewMe,1
sigrid2,10
g00chlifta47,1
Sticky_Neonate,3
ronpaulkid,3
el_caballero,1
legsintheair,7
wi_dan,1
Yougottabolieve,1
acatnamedbacon,3
MusedFable,2
HugeEntree401,1
TheyCallMeNic,3
brom_ance,4
R99,1
h3llm17,10
Buckys_Butt_Buddy,4
Ben_R_R,5
misterid,32
frogdawg,2
newnrthnhorizon,2
xXK33L0Xx,2
time_marches_on,4
fioz,3
sammylawnchair,3
trisarahtops19,1
PhotoQuig,1
Colaborenth,1
ProfessorNeato,2
WillisSE,4
andytuba,1
tdub697,3
syotos86,3
Juvination,1
MurDoct,34
thisisfun2,1
robbobw,1
ac1dBurn7,3
JackLemon13,3
GanjaGooBalls,18
MegiLeigh14,1
krausyaoj,28
joecwails,1
agroom,3
lostat,2
smbrickner,13
dearjune_,1
TheBurgundyPhone,1
husky54,7
sussiieeb,1
dcuhel,2
gAlienLifeform,21
TrialofPosition,26
SA1L,6
sfreud,2
SonicSpoon,10
cm6dig5,1
companyhrrep,1
NotfromFresno,19
one_itchy_ball,9
redjimdit,45
MockingDead,10
Livingingrey,17
BoostedFilms,1
JackpineSavage,1
d___v___b,5
realslacker,49
LukeDangerHoppe,2
notstevenseagal,4
isukatpunk,13
android2222,1
say_grapee,4
78317,8
freiguy1,2
jda,3
ifindthishumerus,2
PeanutTheGladiator,236
theloniouszen,2
CESmokey,2
LLCoolKris,6
voodoomessiah,6
stenmark,13
penguingod26,3
SneeziePacker,3
iKn0wr1gHt,1
MetalheadNick,4
ragesayer,3
pojodojo,4
TigerWoods420,2
lowercaselibertarian,1
velours,1
angelskiss2007,6
antisweep,1
AndromedaGeorge,2
cm2qkdq,2
geekychic42,17
